PARAMETER,YEAR,LAT,LON,JAN,FEB,MAR,APR,MAY,JUN,JUL,AUG,SEP,OCT,NOV,DEC,ANN
GWETROOT,2000,-0.5,34.375,0.56,0.52,0.52,0.56,0.57,0.54,0.53,0.54,0.54,0.61,0.69,0.77,0.58
GWETROOT,2000,-0.5,35,0.51,0.48,0.49,0.51,0.51,0.49,0.49,0.5,0.51,0.54,0.6,0.65,0.52
GWETROOT,2000,-0.5,35.625,0.43,0.41,0.41,0.43,0.43,0.42,0.43,0.45,0.45,0.45,0.48,0.47,0.44
GWETROOT,2000,-0.5,36.25,0.38,0.37,0.36,0.39,0.38,0.38,0.39,0.41,0.41,0.4,0.42,0.4,0.39
GWETROOT,2000,-0.5,36.875,0.4,0.37,0.36,0.39,0.38,0.37,0.38,0.39,0.39,0.38,0.41,0.41,0.39
GWETROOT,2000,-0.5,37.5,0.51,0.47,0.46,0.47,0.46,0.46,0.46,0.48,0.48,0.47,0.5,0.51,0.48
GWETROOT,2000,-0.5,38.125,0.51,0.48,0.47,0.48,0.47,0.47,0.47,0.47,0.47,0.47,0.51,0.53,0.48
GWETROOT,2000,-0.5,38.75,0.45,0.44,0.44,0.45,0.44,0.43,0.43,0.43,0.43,0.43,0.47,0.48,0.44
GWETROOT,2000,-0.5,39.375,0.4,0.39,0.39,0.41,0.4,0.39,0.39,0.39,0.39,0.39,0.43,0.42,0.4
GWETROOT,2000,-0.5,40,0.45,0.44,0.43,0.46,0.44,0.44,0.43,0.43,0.43,0.44,0.47,0.48,0.44
GWETROOT,2000,-0.5,40.625,0.46,0.45,0.45,0.47,0.48,0.47,0.46,0.47,0.46,0.47,0.48,0.47,0.47
GWETROOT,2000,-0.5,41.25,0.47,0.47,0.47,0.48,0.49,0.48,0.47,0.48,0.47,0.49,0.49,0.48,0.48
GWETROOT,2000,-1,34.375,0.5,0.5,0.5,0.5,0.49,0.47,0.48,0.48,0.48,0.5,0.57,0.66,0.51
GWETROOT,2000,-1,35,0.53,0.52,0.53,0.54,0.53,0.51,0.51,0.52,0.52,0.53,0.6,0.69,0.54
GWETROOT,2000,-1,35.625,0.48,0.46,0.47,0.49,0.48,0.47,0.47,0.48,0.48,0.48,0.54,0.56,0.49
GWETROOT,2000,-1,36.25,0.38,0.35,0.34,0.37,0.38,0.37,0.38,0.4,0.4,0.38,0.42,0.43,0.38
GWETROOT,2000,-1,36.875,0.52,0.46,0.46,0.48,0.46,0.46,0.46,0.47,0.46,0.46,0.5,0.53,0.48
GWETROOT,2000,-1,37.5,0.53,0.48,0.47,0.49,0.48,0.47,0.47,0.48,0.48,0.47,0.51,0.53,0.49
GWETROOT,2000,-1,38.125,0.5,0.48,0.47,0.48,0.47,0.47,0.47,0.47,0.47,0.47,0.5,0.51,0.48
GWETROOT,2000,-1,38.75,0.47,0.47,0.47,0.48,0.47,0.47,0.47,0.47,0.47,0.47,0.5,0.51,0.48
GWETROOT,2000,-1,39.375,0.46,0.46,0.46,0.48,0.47,0.47,0.46,0.46,0.46,0.47,0.49,0.48,0.47
GWETROOT,2000,-1,40,0.54,0.54,0.54,0.56,0.55,0.54,0.54,0.54,0.54,0.54,0.57,0.57,0.55
GWETROOT,2000,-1,40.625,0.47,0.47,0.48,0.49,0.5,0.48,0.48,0.49,0.47,0.49,0.5,0.49,0.48
GWETROOT,2000,-1,41.25,0.47,0.47,0.48,0.48,0.5,0.48,0.48,0.48,0.47,0.49,0.49,0.49,0.48
GWETROOT,2000,-1.5,34.375,0.58,0.59,0.59,0.59,0.58,0.57,0.57,0.58,0.57,0.59,0.65,0.74,0.6
GWETROOT,2000,-1.5,35,0.55,0.54,0.55,0.56,0.55,0.54,0.54,0.54,0.54,0.55,0.62,0.72,0.57
GWETROOT,2000,-1.5,35.625,0.49,0.46,0.47,0.5,0.49,0.47,0.46,0.47,0.47,0.47,0.54,0.61,0.49
GWETROOT,2000,-1.5,36.25,0.41,0.38,0.39,0.41,0.4,0.39,0.39,0.39,0.39,0.39,0.44,0.45,0.4
GWETROOT,2000,-1.5,36.875,0.62,0.59,0.59,0.61,0.6,0.59,0.59,0.59,0.59,0.59,0.63,0.65,0.6
GWETROOT,2000,-1.5,37.5,0.52,0.46,0.45,0.47,0.46,0.45,0.44,0.45,0.44,0.44,0.49,0.54,0.47
GWETROOT,2000,-1.5,38.125,0.49,0.45,0.44,0.45,0.43,0.43,0.42,0.42,0.41,0.41,0.46,0.5,0.44
GWETROOT,2000,-1.5,38.75,0.48,0.47,0.47,0.49,0.47,0.47,0.47,0.47,0.47,0.47,0.5,0.51,0.48
GWETROOT,2000,-1.5,39.375,0.47,0.47,0.47,0.49,0.47,0.47,0.47,0.47,0.47,0.47,0.5,0.49,0.48
GWETROOT,2000,-1.5,40,0.54,0.53,0.54,0.56,0.55,0.54,0.54,0.54,0.54,0.54,0.56,0.55,0.54
GWETROOT,2000,-1.5,40.625,0.48,0.48,0.49,0.51,0.51,0.5,0.49,0.5,0.49,0.5,0.51,0.5,0.5
GWETROOT,2000,-1.5,41.25,0.47,0.47,0.47,0.49,0.5,0.49,0.48,0.49,0.47,0.49,0.49,0.49,0.48
GWETROOT,2000,-1.80E-13,34.375,0.44,0.39,0.41,0.47,0.53,0.48,0.45,0.46,0.47,0.53,0.54,0.55,0.48
GWETROOT,2000,-1.80E-13,35,0.52,0.48,0.49,0.53,0.57,0.55,0.55,0.56,0.57,0.61,0.6,0.58,0.55
GWETROOT,2000,-1.80E-13,35.625,0.45,0.42,0.42,0.45,0.46,0.46,0.47,0.49,0.5,0.5,0.49,0.47,0.47
GWETROOT,2000,-1.80E-13,36.25,0.43,0.42,0.42,0.44,0.43,0.43,0.45,0.48,0.48,0.46,0.46,0.45,0.45
GWETROOT,2000,-1.80E-13,36.875,0.4,0.37,0.35,0.37,0.37,0.36,0.37,0.4,0.4,0.39,0.41,0.4,0.38
GWETROOT,2000,-1.80E-13,37.5,0.46,0.41,0.39,0.41,0.41,0.4,0.4,0.43,0.43,0.42,0.45,0.46,0.42
GWETROOT,2000,-1.80E-13,38.125,0.46,0.42,0.41,0.41,0.4,0.4,0.4,0.4,0.4,0.4,0.43,0.46,0.42
GWETROOT,2000,-1.80E-13,38.75,0.39,0.36,0.36,0.36,0.35,0.35,0.35,0.35,0.35,0.35,0.38,0.4,0.36
GWETROOT,2000,-1.80E-13,39.375,0.35,0.33,0.33,0.35,0.34,0.33,0.33,0.33,0.34,0.34,0.36,0.36,0.34
GWETROOT,2000,-1.80E-13,40,0.37,0.34,0.34,0.36,0.35,0.34,0.34,0.34,0.34,0.35,0.36,0.37,0.35
GWETROOT,2000,-1.80E-13,40.625,0.39,0.39,0.38,0.4,0.4,0.39,0.39,0.39,0.4,0.41,0.41,0.4,0.4
GWETROOT,2000,-1.80E-13,41.25,0.42,0.41,0.41,0.43,0.43,0.42,0.42,0.42,0.43,0.44,0.43,0.42,0.42
GWETROOT,2000,-2,34.375,0.6,0.62,0.61,0.61,0.6,0.6,0.6,0.6,0.6,0.61,0.64,0.72,0.62
GWETROOT,2000,-2,35,0.57,0.55,0.56,0.57,0.56,0.55,0.55,0.55,0.55,0.56,0.61,0.7,0.57
GWETROOT,2000,-2,35.625,0.53,0.49,0.5,0.53,0.52,0.5,0.49,0.5,0.49,0.49,0.56,0.62,0.52
GWETROOT,2000,-2,36.25,0.37,0.35,0.36,0.37,0.36,0.35,0.35,0.36,0.35,0.35,0.39,0.4,0.36
GWETROOT,2000,-2,36.875,0.6,0.58,0.59,0.6,0.59,0.58,0.58,0.59,0.58,0.59,0.63,0.64,0.6
GWETROOT,2000,-2,37.5,0.53,0.48,0.48,0.5,0.49,0.48,0.48,0.48,0.48,0.48,0.53,0.57,0.5
GWETROOT,2000,-2,38.125,0.46,0.42,0.41,0.43,0.42,0.41,0.4,0.4,0.39,0.39,0.43,0.48,0.42
GWETROOT,2000,-2,38.75,0.5,0.48,0.49,0.5,0.49,0.49,0.48,0.48,0.48,0.48,0.52,0.53,0.49
GWETROOT,2000,-2,39.375,0.51,0.5,0.51,0.53,0.52,0.51,0.51,0.51,0.51,0.5,0.54,0.54,0.52
GWETROOT,2000,-2,40,0.47,0.46,0.47,0.49,0.49,0.48,0.47,0.48,0.47,0.48,0.5,0.49,0.48
GWETROOT,2000,-2,40.625,0.47,0.46,0.47,0.49,0.5,0.49,0.48,0.49,0.47,0.49,0.49,0.48,0.48
GWETROOT,2000,-2,41.25,0.38,0.37,0.37,0.39,0.4,0.4,0.38,0.39,0.38,0.39,0.39,0.38,0.39
GWETROOT,2000,-2.5,34.375,0.5,0.5,0.54,0.51,0.49,0.49,0.49,0.49,0.49,0.5,0.54,0.64,0.52
GWETROOT,2000,-2.5,35,0.51,0.48,0.5,0.5,0.48,0.47,0.47,0.47,0.47,0.48,0.52,0.61,0.5
GWETROOT,2000,-2.5,35.625,0.5,0.47,0.48,0.5,0.48,0.47,0.47,0.47,0.47,0.47,0.51,0.55,0.49
GWETROOT,2000,-2.5,36.25,0.44,0.43,0.43,0.45,0.44,0.43,0.43,0.43,0.43,0.43,0.45,0.46,0.44
GWETROOT,2000,-2.5,36.875,0.59,0.57,0.58,0.59,0.58,0.58,0.57,0.57,0.57,0.57,0.6,0.63,0.58
GWETROOT,2000,-2.5,37.5,0.56,0.54,0.54,0.56,0.55,0.54,0.54,0.54,0.54,0.54,0.57,0.62,0.55
GWETROOT,2000,-2.5,38.125,0.52,0.49,0.48,0.5,0.49,0.49,0.48,0.48,0.48,0.48,0.52,0.56,0.5
GWETROOT,2000,-2.5,38.75,0.53,0.51,0.52,0.53,0.53,0.52,0.51,0.52,0.52,0.51,0.55,0.58,0.53
GWETROOT,2000,-2.5,39.375,0.61,0.6,0.61,0.64,0.66,0.64,0.61,0.61,0.62,0.61,0.64,0.65,0.63
GWETROOT,2000,-2.5,40,0.4,0.38,0.4,0.42,0.47,0.44,0.41,0.41,0.41,0.41,0.42,0.43,0.42
GWETROOT,2000,-2.5,40.625,0.4,0.39,0.4,0.42,0.48,0.46,0.43,0.43,0.42,0.43,0.42,0.43,0.43
GWETROOT,2000,-2.5,41.25,,,,,,,,,,,,,
GWETROOT,2000,-3,34.375,0.47,0.47,0.55,0.5,0.46,0.46,0.46,0.46,0.46,0.47,0.52,0.67,0.5
GWETROOT,2000,-3,35,0.49,0.47,0.51,0.5,0.47,0.46,0.46,0.46,0.46,0.46,0.5,0.61,0.49
GWETROOT,2000,-3,35.625,0.53,0.48,0.47,0.51,0.51,0.48,0.46,0.46,0.46,0.46,0.48,0.54,0.49
GWETROOT,2000,-3,36.25,0.56,0.55,0.55,0.58,0.57,0.56,0.55,0.55,0.55,0.55,0.56,0.57,0.56
GWETROOT,2000,-3,36.875,0.61,0.58,0.58,0.61,0.64,0.62,0.59,0.59,0.59,0.58,0.6,0.66,0.6
GWETROOT,2000,-3,37.5,0.52,0.48,0.48,0.51,0.53,0.52,0.5,0.49,0.49,0.48,0.5,0.55,0.5
GWETROOT,2000,-3,38.125,0.51,0.48,0.48,0.49,0.51,0.5,0.48,0.48,0.49,0.47,0.51,0.57,0.5
GWETROOT,2000,-3,38.75,0.52,0.51,0.51,0.53,0.55,0.53,0.51,0.52,0.52,0.51,0.55,0.59,0.53
GWETROOT,2000,-3,39.375,0.6,0.6,0.61,0.63,0.7,0.67,0.63,0.63,0.64,0.62,0.64,0.66,0.64
GWETROOT,2000,-3,40,0.39,0.38,0.39,0.41,0.51,0.47,0.43,0.42,0.42,0.41,0.42,0.43,0.42
GWETROOT,2000,-3,40.625,0.4,0.38,0.39,0.42,0.57,0.55,0.47,0.45,0.43,0.44,0.43,0.45,0.45
GWETROOT,2000,-3,41.25,,,,,,,,,,,,,
GWETROOT,2000,-3.5,34.375,0.47,0.47,0.55,0.5,0.46,0.46,0.46,0.46,0.46,0.47,0.51,0.66,0.49
GWETROOT,2000,-3.5,35,0.47,0.47,0.5,0.5,0.47,0.46,0.46,0.46,0.46,0.46,0.49,0.58,0.48
GWETROOT,2000,-3.5,35.625,0.5,0.48,0.49,0.51,0.5,0.48,0.48,0.48,0.48,0.48,0.5,0.53,0.49
GWETROOT,2000,-3.5,36.25,0.49,0.48,0.49,0.51,0.5,0.49,0.48,0.49,0.48,0.48,0.49,0.51,0.49
GWETROOT,2000,-3.5,36.875,0.47,0.46,0.46,0.49,0.5,0.48,0.47,0.47,0.47,0.46,0.48,0.5,0.48
GWETROOT,2000,-3.5,37.5,0.47,0.46,0.46,0.48,0.49,0.48,0.47,0.47,0.47,0.46,0.48,0.5,0.47
GWETROOT,2000,-3.5,38.125,0.48,0.47,0.47,0.49,0.5,0.5,0.48,0.48,0.49,0.47,0.5,0.53,0.49
GWETROOT,2000,-3.5,38.75,0.5,0.48,0.49,0.51,0.53,0.53,0.5,0.5,0.52,0.49,0.52,0.56,0.51
GWETROOT,2000,-3.5,39.375,0.58,0.58,0.6,0.61,0.7,0.67,0.62,0.61,0.62,0.6,0.61,0.63,0.62
GWETROOT,2000,-3.5,40,0.48,0.47,0.48,0.51,0.59,0.56,0.52,0.51,0.53,0.5,0.51,0.53,0.52
GWETROOT,2000,-3.5,40.625,0.4,0.38,0.39,0.43,0.61,0.59,0.49,0.45,0.43,0.44,0.43,0.45,0.46
GWETROOT,2000,-3.5,41.25,,,,,,,,,,,,,
GWETROOT,2000,-4,34.375,0.47,0.47,0.52,0.48,0.46,0.46,0.46,0.46,0.46,0.46,0.5,0.6,0.48
GWETROOT,2000,-4,35,0.52,0.52,0.55,0.54,0.52,0.51,0.51,0.51,0.51,0.51,0.54,0.6,0.53
GWETROOT,2000,-4,35.625,0.51,0.5,0.51,0.52,0.51,0.5,0.49,0.49,0.49,0.49,0.51,0.55,0.51
GWETROOT,2000,-4,36.25,0.48,0.47,0.47,0.49,0.48,0.47,0.47,0.47,0.47,0.47,0.48,0.51,0.48
GWETROOT,2000,-4,36.875,0.47,0.47,0.47,0.48,0.48,0.47,0.47,0.47,0.47,0.46,0.48,0.51,0.48
GWETROOT,2000,-4,37.5,0.49,0.49,0.49,0.5,0.51,0.5,0.49,0.49,0.5,0.49,0.51,0.53,0.5
GWETROOT,2000,-4,38.125,0.54,0.54,0.55,0.56,0.57,0.57,0.55,0.55,0.56,0.54,0.57,0.59,0.56
GWETROOT,2000,-4,38.75,0.5,0.49,0.5,0.52,0.54,0.54,0.52,0.52,0.53,0.5,0.52,0.55,0.52
GWETROOT,2000,-4,39.375,0.45,0.44,0.46,0.48,0.55,0.52,0.48,0.47,0.48,0.46,0.47,0.49,0.48
GWETROOT,2000,-4,40,0.42,0.4,0.42,0.45,0.53,0.5,0.45,0.45,0.48,0.43,0.45,0.48,0.46
GWETROOT,2000,-4,40.625,,,,,,,,,,,,,
GWETROOT,2000,-4,41.25,,,,,,,,,,,,,
GWETROOT,2000,-4.5,34.375,0.41,0.41,0.45,0.41,0.4,0.4,0.4,0.4,0.39,0.4,0.44,0.51,0.42
GWETROOT,2000,-4.5,35,0.44,0.44,0.47,0.46,0.44,0.43,0.43,0.43,0.42,0.43,0.46,0.51,0.45
GWETROOT,2000,-4.5,35.625,0.43,0.42,0.43,0.45,0.43,0.42,0.41,0.41,0.41,0.41,0.44,0.47,0.43
GWETROOT,2000,-4.5,36.25,0.47,0.47,0.47,0.49,0.47,0.47,0.47,0.47,0.47,0.47,0.49,0.51,0.48
GWETROOT,2000,-4.5,36.875,0.48,0.47,0.47,0.49,0.48,0.48,0.47,0.47,0.47,0.47,0.49,0.52,0.48
GWETROOT,2000,-4.5,37.5,0.48,0.47,0.48,0.5,0.5,0.49,0.48,0.48,0.48,0.47,0.5,0.53,0.49
GWETROOT,2000,-4.5,38.125,0.6,0.59,0.6,0.62,0.65,0.66,0.63,0.63,0.64,0.61,0.62,0.67,0.63
GWETROOT,2000,-4.5,38.75,0.57,0.56,0.57,0.6,0.65,0.65,0.62,0.61,0.62,0.59,0.6,0.65,0.61
GWETROOT,2000,-4.5,39.375,0.42,0.4,0.42,0.46,0.52,0.5,0.46,0.45,0.46,0.43,0.44,0.48,0.45
GWETROOT,2000,-4.5,40,0.39,0.38,0.4,0.43,0.48,0.46,0.42,0.42,0.42,0.4,0.4,0.43,0.42
GWETROOT,2000,-4.5,40.625,,,,,,,,,,,,,
GWETROOT,2000,-4.5,41.25,,,,,,,,,,,,,
GWETROOT,2000,0.5,34.375,0.41,0.39,0.4,0.45,0.52,0.47,0.47,0.49,0.5,0.55,0.5,0.46,0.47
GWETROOT,2000,0.5,35,0.5,0.45,0.45,0.49,0.55,0.53,0.55,0.58,0.61,0.63,0.58,0.53,0.54
GWETROOT,2000,0.5,35.625,0.4,0.38,0.38,0.42,0.46,0.44,0.47,0.49,0.51,0.5,0.46,0.42,0.44
GWETROOT,2000,0.5,36.25,0.41,0.4,0.4,0.41,0.42,0.42,0.45,0.5,0.5,0.47,0.44,0.42,0.44
GWETROOT,2000,0.5,36.875,0.52,0.49,0.49,0.5,0.5,0.5,0.52,0.55,0.55,0.52,0.52,0.52,0.52
GWETROOT,2000,0.5,37.5,0.38,0.35,0.34,0.34,0.34,0.34,0.34,0.36,0.36,0.35,0.36,0.38,0.35
GWETROOT,2000,0.5,38.125,0.38,0.35,0.33,0.34,0.33,0.33,0.33,0.33,0.33,0.33,0.36,0.37,0.34
GWETROOT,2000,0.5,38.75,0.37,0.34,0.33,0.34,0.33,0.33,0.33,0.33,0.33,0.33,0.35,0.36,0.34
GWETROOT,2000,0.5,39.375,0.38,0.35,0.35,0.36,0.35,0.35,0.35,0.35,0.36,0.36,0.37,0.38,0.36
GWETROOT,2000,0.5,40,0.36,0.33,0.33,0.35,0.34,0.34,0.33,0.33,0.34,0.35,0.35,0.35,0.34
GWETROOT,2000,0.5,40.625,0.35,0.34,0.34,0.35,0.35,0.35,0.34,0.34,0.36,0.37,0.36,0.35,0.35
GWETROOT,2000,0.5,41.25,0.37,0.37,0.36,0.37,0.38,0.37,0.37,0.37,0.38,0.39,0.38,0.37,0.37
GWETROOT,2000,1,34.375,0.57,0.51,0.49,0.51,0.58,0.58,0.59,0.64,0.67,0.72,0.7,0.64,0.6
GWETROOT,2000,1,35,0.55,0.47,0.44,0.46,0.55,0.54,0.59,0.66,0.71,0.75,0.71,0.62,0.59
GWETROOT,2000,1,35.625,0.38,0.36,0.36,0.39,0.45,0.44,0.48,0.54,0.54,0.52,0.46,0.41,0.44
GWETROOT,2000,1,36.25,0.35,0.35,0.35,0.36,0.36,0.37,0.41,0.48,0.47,0.42,0.38,0.37,0.39
GWETROOT,2000,1,36.875,0.38,0.35,0.34,0.34,0.35,0.35,0.39,0.44,0.44,0.4,0.4,0.4,0.38
GWETROOT,2000,1,37.5,0.39,0.35,0.33,0.33,0.33,0.33,0.34,0.36,0.35,0.33,0.36,0.38,0.35
GWETROOT,2000,1,38.125,0.35,0.33,0.33,0.33,0.33,0.33,0.33,0.33,0.33,0.33,0.35,0.35,0.34
GWETROOT,2000,1,38.75,0.37,0.35,0.35,0.36,0.35,0.35,0.35,0.35,0.35,0.35,0.37,0.37,0.36
GWETROOT,2000,1,39.375,0.39,0.36,0.36,0.37,0.36,0.36,0.36,0.36,0.36,0.36,0.38,0.38,0.37
GWETROOT,2000,1,40,0.36,0.33,0.33,0.34,0.33,0.33,0.33,0.33,0.34,0.34,0.35,0.35,0.34
GWETROOT,2000,1,40.625,0.37,0.35,0.35,0.36,0.37,0.36,0.36,0.36,0.37,0.39,0.38,0.37,0.37
GWETROOT,2000,1,41.25,0.42,0.42,0.42,0.43,0.43,0.43,0.42,0.42,0.44,0.45,0.44,0.43,0.43
GWETROOT,2000,1.5,34.375,0.46,0.46,0.46,0.47,0.5,0.5,0.51,0.55,0.54,0.56,0.52,0.49,0.5
GWETROOT,2000,1.5,35,0.42,0.4,0.4,0.41,0.48,0.47,0.51,0.58,0.58,0.57,0.52,0.47,0.48
GWETROOT,2000,1.5,35.625,0.33,0.33,0.33,0.33,0.37,0.35,0.39,0.45,0.44,0.41,0.38,0.35,0.37
GWETROOT,2000,1.5,36.25,0.36,0.36,0.36,0.36,0.36,0.37,0.38,0.43,0.41,0.38,0.37,0.36,0.38
GWETROOT,2000,1.5,36.875,0.38,0.35,0.34,0.34,0.34,0.34,0.35,0.37,0.36,0.34,0.37,0.39,0.36
GWETROOT,2000,1.5,37.5,0.36,0.34,0.33,0.33,0.33,0.33,0.34,0.36,0.35,0.34,0.36,0.37,0.35
GWETROOT,2000,1.5,38.125,0.36,0.35,0.34,0.35,0.34,0.34,0.34,0.34,0.34,0.34,0.36,0.36,0.35
GWETROOT,2000,1.5,38.75,0.46,0.45,0.45,0.46,0.45,0.45,0.45,0.45,0.45,0.45,0.47,0.46,0.45
GWETROOT,2000,1.5,39.375,0.39,0.36,0.35,0.37,0.36,0.36,0.36,0.36,0.36,0.36,0.37,0.38,0.37
GWETROOT,2000,1.5,40,0.41,0.37,0.37,0.38,0.37,0.37,0.37,0.37,0.38,0.38,0.39,0.39,0.38
GWETROOT,2000,1.5,40.625,0.43,0.41,0.41,0.42,0.42,0.42,0.41,0.41,0.43,0.44,0.43,0.42,0.42
GWETROOT,2000,1.5,41.25,0.34,0.33,0.33,0.34,0.35,0.34,0.33,0.33,0.36,0.4,0.38,0.35,0.35
GWETROOT,2000,2,34.375,0.46,0.46,0.46,0.46,0.48,0.47,0.48,0.52,0.5,0.5,0.48,0.47,0.48
GWETROOT,2000,2,35,0.4,0.39,0.4,0.4,0.42,0.41,0.43,0.49,0.48,0.47,0.45,0.42,0.43
GWETROOT,2000,2,35.625,0.33,0.33,0.33,0.33,0.34,0.33,0.35,0.39,0.39,0.35,0.35,0.34,0.35
GWETROOT,2000,2,36.25,0.37,0.37,0.37,0.37,0.37,0.37,0.38,0.4,0.39,0.37,0.38,0.37,0.38
GWETROOT,2000,2,36.875,0.38,0.35,0.36,0.36,0.35,0.36,0.36,0.37,0.36,0.36,0.38,0.39,0.37
GWETROOT,2000,2,37.5,0.36,0.33,0.33,0.34,0.33,0.33,0.33,0.34,0.33,0.33,0.36,0.37,0.34
GWETROOT,2000,2,38.125,0.41,0.39,0.39,0.39,0.39,0.38,0.38,0.38,0.38,0.39,0.41,0.41,0.39
GWETROOT,2000,2,38.75,0.4,0.39,0.38,0.39,0.38,0.38,0.38,0.38,0.38,0.38,0.41,0.4,0.39
GWETROOT,2000,2,39.375,0.37,0.33,0.33,0.34,0.34,0.33,0.33,0.33,0.34,0.34,0.36,0.36,0.34
GWETROOT,2000,2,40,0.41,0.37,0.37,0.39,0.38,0.37,0.37,0.37,0.38,0.38,0.4,0.4,0.38
GWETROOT,2000,2,40.625,0.56,0.56,0.55,0.56,0.57,0.56,0.56,0.56,0.57,0.59,0.58,0.57,0.57
GWETROOT,2000,2,41.25,0.42,0.4,0.4,0.41,0.42,0.41,0.41,0.41,0.42,0.44,0.44,0.42,0.42
GWETROOT,2000,2.5,34.375,0.42,0.42,0.42,0.42,0.44,0.43,0.44,0.47,0.44,0.45,0.44,0.43,0.44
GWETROOT,2000,2.5,35,0.37,0.36,0.36,0.37,0.38,0.37,0.38,0.43,0.42,0.4,0.39,0.38,0.38
GWETROOT,2000,2.5,35.625,0.33,0.33,0.33,0.33,0.33,0.33,0.33,0.4,0.39,0.34,0.34,0.34,0.34
GWETROOT,2000,2.5,36.25,0.36,0.35,0.36,0.36,0.36,0.36,0.36,0.4,0.37,0.36,0.37,0.36,0.36
GWETROOT,2000,2.5,36.875,0.35,0.34,0.35,0.35,0.35,0.35,0.35,0.37,0.35,0.35,0.36,0.36,0.35
GWETROOT,2000,2.5,37.5,0.38,0.37,0.37,0.37,0.37,0.37,0.37,0.38,0.37,0.37,0.39,0.39,0.38
GWETROOT,2000,2.5,38.125,0.38,0.36,0.36,0.36,0.36,0.36,0.36,0.36,0.36,0.36,0.38,0.38,0.37
GWETROOT,2000,2.5,38.75,0.37,0.36,0.36,0.36,0.36,0.36,0.36,0.36,0.36,0.37,0.38,0.38,0.37
GWETROOT,2000,2.5,39.375,0.36,0.33,0.33,0.35,0.35,0.34,0.34,0.34,0.35,0.36,0.37,0.36,0.35
GWETROOT,2000,2.5,40,0.4,0.37,0.37,0.38,0.39,0.38,0.38,0.38,0.39,0.41,0.41,0.4,0.39
GWETROOT,2000,2.5,40.625,0.48,0.47,0.46,0.47,0.49,0.47,0.47,0.46,0.47,0.53,0.51,0.49,0.48
GWETROOT,2000,2.5,41.25,0.27,0.25,0.24,0.25,0.27,0.26,0.25,0.24,0.25,0.31,0.3,0.28,0.26
GWETROOT,2000,3,34.375,0.45,0.44,0.44,0.45,0.46,0.46,0.46,0.5,0.48,0.48,0.46,0.45,0.46
GWETROOT,2000,3,35,0.33,0.33,0.33,0.33,0.34,0.34,0.34,0.41,0.39,0.36,0.35,0.34,0.35
GWETROOT,2000,3,35.625,0.33,0.33,0.33,0.33,0.33,0.33,0.33,0.41,0.38,0.34,0.34,0.33,0.34
GWETROOT,2000,3,36.25,0.33,0.33,0.33,0.33,0.33,0.33,0.33,0.38,0.35,0.34,0.34,0.34,0.34
GWETROOT,2000,3,36.875,0.33,0.33,0.33,0.33,0.33,0.33,0.33,0.36,0.34,0.33,0.34,0.34,0.34
GWETROOT,2000,3,37.5,0.3,0.3,0.3,0.3,0.3,0.3,0.3,0.31,0.3,0.31,0.31,0.31,0.3
GWETROOT,2000,3,38.125,0.35,0.34,0.34,0.34,0.34,0.34,0.34,0.34,0.35,0.36,0.36,0.36,0.35
GWETROOT,2000,3,38.75,0.4,0.39,0.39,0.39,0.39,0.39,0.39,0.39,0.4,0.42,0.41,0.4,0.4
GWETROOT,2000,3,39.375,0.34,0.33,0.33,0.34,0.35,0.33,0.33,0.34,0.35,0.39,0.38,0.36,0.35
GWETROOT,2000,3,40,0.38,0.36,0.36,0.37,0.39,0.37,0.37,0.37,0.39,0.44,0.42,0.4,0.39
GWETROOT,2000,3,40.625,0.39,0.37,0.36,0.37,0.41,0.39,0.38,0.37,0.38,0.47,0.44,0.41,0.4
GWETROOT,2000,3,41.25,0.3,0.29,0.28,0.28,0.32,0.3,0.29,0.29,0.29,0.36,0.34,0.31,0.3
GWETROOT,2000,3.5,34.375,0.34,0.34,0.34,0.35,0.37,0.36,0.36,0.43,0.41,0.4,0.39,0.36,0.37
GWETROOT,2000,3.5,35,0.33,0.33,0.33,0.34,0.33,0.34,0.33,0.4,0.38,0.35,0.34,0.34,0.35
GWETROOT,2000,3.5,35.625,0.33,0.33,0.33,0.33,0.33,0.33,0.33,0.38,0.35,0.34,0.34,0.33,0.34
GWETROOT,2000,3.5,36.25,0.33,0.33,0.33,0.33,0.33,0.33,0.33,0.36,0.34,0.34,0.34,0.34,0.34
GWETROOT,2000,3.5,36.875,0.33,0.33,0.33,0.33,0.33,0.33,0.33,0.35,0.33,0.34,0.34,0.34,0.33
GWETROOT,2000,3.5,37.5,0.37,0.37,0.37,0.38,0.37,0.37,0.37,0.39,0.38,0.38,0.38,0.38,0.38
GWETROOT,2000,3.5,38.125,0.33,0.33,0.33,0.34,0.33,0.33,0.33,0.34,0.35,0.38,0.38,0.36,0.34
GWETROOT,2000,3.5,38.75,0.35,0.35,0.34,0.35,0.36,0.35,0.35,0.36,0.38,0.42,0.41,0.38,0.37
GWETROOT,2000,3.5,39.375,0.38,0.37,0.37,0.38,0.4,0.38,0.38,0.39,0.42,0.46,0.45,0.41,0.4
GWETROOT,2000,3.5,40,0.38,0.38,0.37,0.38,0.41,0.38,0.38,0.38,0.41,0.46,0.45,0.41,0.4
GWETROOT,2000,3.5,40.625,0.52,0.51,0.51,0.51,0.55,0.52,0.51,0.51,0.52,0.6,0.57,0.53,0.53
GWETROOT,2000,3.5,41.25,0.35,0.34,0.33,0.33,0.37,0.35,0.34,0.33,0.34,0.41,0.39,0.36,0.35
GWETROOT,2000,4,34.375,0.46,0.45,0.45,0.47,0.47,0.47,0.47,0.51,0.49,0.49,0.48,0.47,0.47
GWETROOT,2000,4,35,0.42,0.42,0.42,0.43,0.42,0.43,0.42,0.48,0.45,0.44,0.43,0.43,0.43
GWETROOT,2000,4,35.625,0.33,0.33,0.33,0.33,0.33,0.33,0.33,0.37,0.35,0.34,0.34,0.34,0.34
GWETROOT,2000,4,36.25,0.33,0.33,0.33,0.33,0.33,0.33,0.33,0.35,0.34,0.34,0.34,0.33,0.33
GWETROOT,2000,4,36.875,0.33,0.33,0.33,0.33,0.33,0.33,0.33,0.35,0.35,0.35,0.35,0.34,0.34
GWETROOT,2000,4,37.5,0.37,0.37,0.36,0.37,0.37,0.37,0.37,0.38,0.38,0.39,0.39,0.38,0.38
GWETROOT,2000,4,38.125,0.42,0.42,0.41,0.42,0.43,0.42,0.42,0.43,0.47,0.49,0.48,0.45,0.44
GWETROOT,2000,4,38.75,0.58,0.58,0.58,0.58,0.59,0.58,0.58,0.59,0.62,0.63,0.62,0.59,0.59
GWETROOT,2000,4,39.375,0.58,0.58,0.57,0.58,0.6,0.58,0.58,0.59,0.61,0.62,0.62,0.59,0.59
GWETROOT,2000,4,40,0.45,0.45,0.45,0.46,0.49,0.46,0.45,0.46,0.48,0.52,0.52,0.47,0.47
GWETROOT,2000,4,40.625,0.52,0.51,0.51,0.52,0.56,0.52,0.51,0.52,0.53,0.6,0.59,0.53,0.54
GWETROOT,2000,4,41.25,0.35,0.35,0.35,0.35,0.4,0.36,0.35,0.35,0.36,0.42,0.42,0.38,0.37
GWETROOT,2000,4.5,34.375,0.58,0.58,0.58,0.6,0.59,0.59,0.59,0.6,0.59,0.6,0.59,0.59,0.59
GWETROOT,2000,4.5,35,0.48,0.48,0.48,0.5,0.49,0.49,0.48,0.51,0.49,0.5,0.49,0.49,0.49
GWETROOT,2000,4.5,35.625,0.33,0.33,0.33,0.34,0.33,0.33,0.33,0.36,0.35,0.34,0.34,0.34,0.34
GWETROOT,2000,4.5,36.25,0.33,0.33,0.33,0.34,0.33,0.33,0.33,0.36,0.34,0.34,0.34,0.33,0.34
GWETROOT,2000,4.5,36.875,0.33,0.33,0.33,0.34,0.34,0.33,0.33,0.37,0.37,0.37,0.35,0.34,0.34
GWETROOT,2000,4.5,37.5,0.5,0.5,0.5,0.51,0.51,0.51,0.51,0.53,0.54,0.54,0.52,0.51,0.52
GWETROOT,2000,4.5,38.125,0.57,0.57,0.57,0.58,0.58,0.57,0.57,0.59,0.63,0.64,0.63,0.59,0.59
GWETROOT,2000,4.5,38.75,0.54,0.54,0.54,0.54,0.55,0.54,0.54,0.55,0.6,0.61,0.6,0.56,0.56
GWETROOT,2000,4.5,39.375,0.47,0.46,0.46,0.47,0.49,0.47,0.47,0.47,0.5,0.53,0.52,0.49,0.48
GWETROOT,2000,4.5,40,0.4,0.4,0.4,0.4,0.43,0.4,0.4,0.4,0.44,0.46,0.46,0.42,0.42
GWETROOT,2000,4.5,40.625,0.38,0.37,0.37,0.38,0.43,0.39,0.38,0.38,0.4,0.47,0.47,0.41,0.4
GWETROOT,2000,4.5,41.25,0.33,0.33,0.33,0.33,0.4,0.36,0.33,0.33,0.34,0.43,0.44,0.38,0.36
GWETROOT,2001,-0.5,34.375,0.76,0.73,0.69,0.81,0.78,0.78,0.67,0.67,0.63,0.65,0.78,0.68,0.72
GWETROOT,2001,-0.5,35,0.68,0.67,0.62,0.73,0.72,0.69,0.63,0.65,0.61,0.62,0.71,0.62,0.66
GWETROOT,2001,-0.5,35.625,0.53,0.49,0.48,0.56,0.56,0.56,0.54,0.55,0.52,0.52,0.58,0.51,0.53
GWETROOT,2001,-0.5,36.25,0.45,0.41,0.41,0.48,0.47,0.48,0.46,0.48,0.45,0.44,0.5,0.44,0.46
GWETROOT,2001,-0.5,36.875,0.44,0.4,0.4,0.46,0.45,0.44,0.42,0.43,0.4,0.4,0.49,0.46,0.43
GWETROOT,2001,-0.5,37.5,0.54,0.5,0.49,0.54,0.53,0.52,0.51,0.51,0.49,0.48,0.58,0.56,0.52
GWETROOT,2001,-0.5,38.125,0.53,0.49,0.49,0.51,0.49,0.48,0.47,0.47,0.47,0.47,0.56,0.54,0.5
GWETROOT,2001,-0.5,38.75,0.48,0.44,0.44,0.47,0.45,0.44,0.43,0.43,0.43,0.43,0.52,0.48,0.45
GWETROOT,2001,-0.5,39.375,0.42,0.39,0.4,0.44,0.44,0.42,0.4,0.39,0.39,0.39,0.46,0.43,0.41
GWETROOT,2001,-0.5,40,0.46,0.44,0.44,0.49,0.5,0.48,0.46,0.44,0.44,0.43,0.51,0.49,0.47
GWETROOT,2001,-0.5,40.625,0.46,0.45,0.46,0.48,0.56,0.59,0.53,0.49,0.48,0.46,0.53,0.5,0.5
GWETROOT,2001,-0.5,41.25,0.47,0.47,0.47,0.49,0.58,0.6,0.53,0.5,0.49,0.47,0.54,0.51,0.51
GWETROOT,2001,-1,34.375,0.69,0.67,0.62,0.67,0.61,0.58,0.53,0.53,0.53,0.54,0.61,0.56,0.59
GWETROOT,2001,-1,35,0.75,0.76,0.69,0.76,0.73,0.68,0.62,0.62,0.59,0.59,0.65,0.59,0.67
GWETROOT,2001,-1,35.625,0.65,0.64,0.58,0.67,0.67,0.63,0.59,0.57,0.54,0.53,0.57,0.52,0.6
GWETROOT,2001,-1,36.25,0.51,0.5,0.45,0.55,0.55,0.52,0.47,0.47,0.43,0.41,0.46,0.42,0.48
GWETROOT,2001,-1,36.875,0.59,0.55,0.51,0.56,0.55,0.52,0.49,0.48,0.46,0.47,0.58,0.57,0.53
GWETROOT,2001,-1,37.5,0.59,0.55,0.52,0.57,0.56,0.53,0.5,0.51,0.48,0.47,0.57,0.56,0.53
GWETROOT,2001,-1,38.125,0.52,0.49,0.49,0.5,0.49,0.48,0.47,0.47,0.47,0.47,0.53,0.52,0.49
GWETROOT,2001,-1,38.75,0.51,0.47,0.48,0.49,0.48,0.47,0.47,0.47,0.47,0.47,0.53,0.5,0.48
GWETROOT,2001,-1,39.375,0.48,0.46,0.47,0.49,0.49,0.48,0.47,0.46,0.46,0.46,0.5,0.48,0.48
GWETROOT,2001,-1,40,0.56,0.54,0.55,0.59,0.59,0.57,0.55,0.54,0.54,0.54,0.6,0.57,0.56
GWETROOT,2001,-1,40.625,0.47,0.47,0.47,0.49,0.6,0.63,0.56,0.52,0.5,0.48,0.55,0.51,0.52
GWETROOT,2001,-1,41.25,0.47,0.47,0.47,0.48,0.6,0.65,0.58,0.52,0.5,0.48,0.54,0.51,0.52
GWETROOT,2001,-1.5,34.375,0.77,0.72,0.67,0.72,0.65,0.62,0.58,0.6,0.6,0.61,0.68,0.63,0.65
GWETROOT,2001,-1.5,35,0.8,0.78,0.67,0.73,0.67,0.61,0.56,0.56,0.56,0.57,0.64,0.58,0.64
GWETROOT,2001,-1.5,35.625,0.72,0.72,0.6,0.68,0.65,0.58,0.53,0.52,0.49,0.49,0.55,0.52,0.59
GWETROOT,2001,-1.5,36.25,0.54,0.51,0.45,0.51,0.5,0.46,0.43,0.42,0.4,0.39,0.45,0.42,0.46
GWETROOT,2001,-1.5,36.875,0.72,0.68,0.61,0.66,0.65,0.61,0.59,0.6,0.59,0.59,0.68,0.66,0.64
GWETROOT,2001,-1.5,37.5,0.6,0.54,0.49,0.53,0.52,0.48,0.46,0.45,0.45,0.45,0.57,0.57,0.51
GWETROOT,2001,-1.5,38.125,0.52,0.48,0.46,0.49,0.47,0.45,0.44,0.43,0.42,0.42,0.53,0.52,0.47
GWETROOT,2001,-1.5,38.75,0.51,0.48,0.48,0.51,0.49,0.47,0.47,0.47,0.47,0.47,0.54,0.51,0.49
GWETROOT,2001,-1.5,39.375,0.49,0.47,0.48,0.52,0.5,0.48,0.47,0.47,0.47,0.47,0.52,0.49,0.49
GWETROOT,2001,-1.5,40,0.54,0.53,0.54,0.58,0.61,0.6,0.56,0.54,0.54,0.54,0.59,0.56,0.56
GWETROOT,2001,-1.5,40.625,0.48,0.48,0.49,0.51,0.61,0.64,0.57,0.53,0.51,0.49,0.55,0.52,0.53
GWETROOT,2001,-1.5,41.25,0.47,0.47,0.47,0.48,0.59,0.7,0.61,0.53,0.5,0.47,0.52,0.51,0.53
GWETROOT,2001,-1.80E-13,34.375,0.53,0.51,0.53,0.62,0.64,0.67,0.62,0.63,0.61,0.63,0.7,0.61,0.61
GWETROOT,2001,-1.80E-13,35,0.59,0.57,0.56,0.65,0.68,0.7,0.68,0.7,0.69,0.71,0.77,0.68,0.67
GWETROOT,2001,-1.80E-13,35.625,0.5,0.47,0.47,0.53,0.55,0.56,0.55,0.58,0.57,0.57,0.62,0.56,0.54
GWETROOT,2001,-1.80E-13,36.25,0.47,0.44,0.45,0.5,0.49,0.5,0.51,0.54,0.51,0.5,0.54,0.48,0.49
GWETROOT,2001,-1.80E-13,36.875,0.43,0.4,0.39,0.46,0.45,0.44,0.44,0.46,0.44,0.42,0.49,0.46,0.44
GWETROOT,2001,-1.80E-13,37.5,0.47,0.44,0.42,0.49,0.48,0.47,0.46,0.49,0.46,0.44,0.54,0.53,0.47
GWETROOT,2001,-1.80E-13,38.125,0.47,0.43,0.42,0.45,0.43,0.41,0.41,0.41,0.4,0.4,0.5,0.49,0.43
GWETROOT,2001,-1.80E-13,38.75,0.4,0.37,0.37,0.4,0.38,0.36,0.36,0.35,0.35,0.35,0.43,0.41,0.38
GWETROOT,2001,-1.80E-13,39.375,0.36,0.34,0.34,0.39,0.38,0.36,0.34,0.34,0.33,0.33,0.39,0.38,0.36
GWETROOT,2001,-1.80E-13,40,0.36,0.34,0.35,0.4,0.41,0.4,0.38,0.36,0.35,0.34,0.4,0.4,0.37
GWETROOT,2001,-1.80E-13,40.625,0.39,0.39,0.39,0.42,0.46,0.46,0.43,0.41,0.4,0.39,0.44,0.43,0.42
GWETROOT,2001,-1.80E-13,41.25,0.42,0.41,0.42,0.45,0.48,0.49,0.44,0.43,0.43,0.42,0.47,0.45,0.44
GWETROOT,2001,-2,34.375,0.77,0.71,0.67,0.72,0.64,0.61,0.6,0.61,0.62,0.62,0.69,0.63,0.66
GWETROOT,2001,-2,35,0.79,0.74,0.65,0.72,0.65,0.59,0.56,0.56,0.56,0.57,0.65,0.59,0.64
GWETROOT,2001,-2,35.625,0.7,0.67,0.59,0.67,0.63,0.57,0.52,0.51,0.5,0.51,0.58,0.55,0.58
GWETROOT,2001,-2,36.25,0.46,0.44,0.39,0.43,0.4,0.37,0.36,0.36,0.36,0.36,0.39,0.37,0.39
GWETROOT,2001,-2,36.875,0.7,0.66,0.6,0.64,0.62,0.59,0.59,0.59,0.59,0.59,0.66,0.64,0.62
GWETROOT,2001,-2,37.5,0.61,0.56,0.51,0.54,0.52,0.49,0.48,0.49,0.48,0.48,0.58,0.57,0.53
GWETROOT,2001,-2,38.125,0.49,0.45,0.44,0.46,0.45,0.42,0.42,0.41,0.4,0.39,0.49,0.49,0.44
GWETROOT,2001,-2,38.75,0.52,0.49,0.5,0.52,0.5,0.49,0.49,0.48,0.48,0.48,0.55,0.52,0.5
GWETROOT,2001,-2,39.375,0.53,0.5,0.52,0.56,0.55,0.53,0.51,0.51,0.5,0.5,0.56,0.53,0.53
GWETROOT,2001,-2,40,0.48,0.46,0.47,0.51,0.54,0.53,0.5,0.48,0.47,0.47,0.52,0.49,0.49
GWETROOT,2001,-2,40.625,0.47,0.46,0.47,0.49,0.57,0.64,0.57,0.52,0.5,0.47,0.52,0.49,0.51
GWETROOT,2001,-2,41.25,0.37,0.37,0.37,0.39,0.47,0.54,0.46,0.42,0.4,0.38,0.41,0.4,0.42
GWETROOT,2001,-2.5,34.375,0.7,0.65,0.58,0.64,0.54,0.5,0.49,0.5,0.5,0.5,0.59,0.53,0.56
GWETROOT,2001,-2.5,35,0.69,0.65,0.57,0.62,0.54,0.49,0.47,0.47,0.47,0.48,0.57,0.53,0.55
GWETROOT,2001,-2.5,35.625,0.6,0.56,0.51,0.55,0.51,0.48,0.47,0.47,0.47,0.48,0.53,0.5,0.51
GWETROOT,2001,-2.5,36.25,0.49,0.47,0.45,0.46,0.44,0.43,0.43,0.43,0.43,0.43,0.45,0.44,0.45
GWETROOT,2001,-2.5,36.875,0.66,0.62,0.59,0.6,0.58,0.58,0.57,0.58,0.57,0.57,0.62,0.62,0.6
GWETROOT,2001,-2.5,37.5,0.64,0.59,0.55,0.56,0.55,0.54,0.54,0.54,0.53,0.53,0.61,0.61,0.57
GWETROOT,2001,-2.5,38.125,0.56,0.51,0.5,0.51,0.5,0.49,0.48,0.48,0.48,0.48,0.56,0.56,0.51
GWETROOT,2001,-2.5,38.75,0.56,0.52,0.53,0.55,0.53,0.52,0.52,0.51,0.51,0.51,0.59,0.56,0.53
GWETROOT,2001,-2.5,39.375,0.62,0.6,0.61,0.65,0.65,0.64,0.62,0.6,0.6,0.6,0.66,0.64,0.62
GWETROOT,2001,-2.5,40,0.41,0.39,0.39,0.43,0.45,0.46,0.43,0.41,0.4,0.39,0.44,0.42,0.42
GWETROOT,2001,-2.5,40.625,0.4,0.39,0.39,0.42,0.49,0.55,0.49,0.45,0.43,0.4,0.44,0.43,0.44
GWETROOT,2001,-2.5,41.25,,,,,,,,,,,,,
GWETROOT,2001,-3,34.375,0.74,0.69,0.58,0.6,0.5,0.47,0.46,0.46,0.46,0.46,0.55,0.5,0.54
GWETROOT,2001,-3,35,0.69,0.64,0.55,0.56,0.49,0.46,0.46,0.46,0.46,0.46,0.53,0.49,0.52
GWETROOT,2001,-3,35.625,0.59,0.56,0.52,0.52,0.49,0.47,0.46,0.46,0.46,0.46,0.5,0.5,0.5
GWETROOT,2001,-3,36.25,0.59,0.57,0.56,0.57,0.56,0.56,0.55,0.55,0.55,0.55,0.57,0.56,0.56
GWETROOT,2001,-3,36.875,0.67,0.62,0.59,0.59,0.59,0.59,0.58,0.58,0.57,0.57,0.61,0.62,0.6
GWETROOT,2001,-3,37.5,0.56,0.53,0.49,0.5,0.49,0.49,0.48,0.48,0.48,0.48,0.52,0.53,0.5
GWETROOT,2001,-3,38.125,0.55,0.51,0.49,0.5,0.48,0.48,0.48,0.47,0.47,0.47,0.54,0.55,0.5
GWETROOT,2001,-3,38.75,0.54,0.51,0.52,0.53,0.52,0.52,0.51,0.51,0.51,0.51,0.57,0.56,0.53
GWETROOT,2001,-3,39.375,0.62,0.6,0.61,0.63,0.64,0.64,0.63,0.6,0.6,0.6,0.64,0.63,0.62
GWETROOT,2001,-3,40,0.41,0.38,0.39,0.41,0.43,0.45,0.43,0.4,0.39,0.38,0.42,0.41,0.41
GWETROOT,2001,-3,40.625,0.41,0.39,0.39,0.41,0.49,0.56,0.52,0.46,0.43,0.4,0.44,0.43,0.44
GWETROOT,2001,-3,41.25,,,,,,,,,,,,,
GWETROOT,2001,-3.5,34.375,0.74,0.7,0.58,0.57,0.48,0.46,0.46,0.46,0.46,0.46,0.52,0.49,0.53
GWETROOT,2001,-3.5,35,0.65,0.61,0.53,0.53,0.48,0.46,0.46,0.46,0.46,0.46,0.5,0.48,0.51
GWETROOT,2001,-3.5,35.625,0.56,0.53,0.51,0.51,0.49,0.48,0.48,0.48,0.48,0.48,0.5,0.49,0.5
GWETROOT,2001,-3.5,36.25,0.53,0.51,0.5,0.5,0.49,0.49,0.48,0.48,0.48,0.48,0.5,0.49,0.49
GWETROOT,2001,-3.5,36.875,0.5,0.47,0.47,0.48,0.47,0.47,0.46,0.46,0.46,0.46,0.48,0.47,0.47
GWETROOT,2001,-3.5,37.5,0.49,0.47,0.47,0.48,0.47,0.47,0.46,0.46,0.46,0.46,0.49,0.48,0.47
GWETROOT,2001,-3.5,38.125,0.51,0.48,0.48,0.49,0.48,0.48,0.47,0.47,0.47,0.47,0.51,0.51,0.48
GWETROOT,2001,-3.5,38.75,0.53,0.5,0.5,0.52,0.5,0.5,0.49,0.49,0.48,0.48,0.54,0.54,0.51
GWETROOT,2001,-3.5,39.375,0.6,0.58,0.59,0.61,0.62,0.63,0.61,0.59,0.58,0.58,0.61,0.6,0.6
GWETROOT,2001,-3.5,40,0.5,0.48,0.48,0.51,0.51,0.52,0.5,0.48,0.47,0.47,0.51,0.51,0.5
GWETROOT,2001,-3.5,40.625,0.42,0.39,0.39,0.41,0.5,0.58,0.54,0.47,0.43,0.4,0.44,0.43,0.45
GWETROOT,2001,-3.5,41.25,,,,,,,,,,,,,
GWETROOT,2001,-4,34.375,0.67,0.64,0.56,0.54,0.48,0.46,0.46,0.46,0.46,0.46,0.5,0.48,0.51
GWETROOT,2001,-4,35,0.65,0.62,0.57,0.56,0.53,0.52,0.51,0.51,0.51,0.51,0.54,0.53,0.55
GWETROOT,2001,-4,35.625,0.58,0.55,0.53,0.53,0.51,0.5,0.5,0.49,0.49,0.49,0.51,0.51,0.52
GWETROOT,2001,-4,36.25,0.53,0.5,0.49,0.48,0.47,0.47,0.47,0.47,0.47,0.47,0.48,0.48,0.48
GWETROOT,2001,-4,36.875,0.51,0.48,0.48,0.48,0.47,0.47,0.46,0.46,0.46,0.46,0.48,0.48,0.47
GWETROOT,2001,-4,37.5,0.53,0.49,0.5,0.51,0.49,0.49,0.49,0.49,0.48,0.48,0.51,0.51,0.5
GWETROOT,2001,-4,38.125,0.57,0.54,0.55,0.56,0.55,0.55,0.54,0.54,0.54,0.54,0.57,0.57,0.55
GWETROOT,2001,-4,38.75,0.52,0.49,0.5,0.52,0.51,0.51,0.5,0.49,0.49,0.49,0.52,0.52,0.51
GWETROOT,2001,-4,39.375,0.46,0.44,0.45,0.47,0.49,0.49,0.47,0.46,0.45,0.44,0.47,0.46,0.46
GWETROOT,2001,-4,40,0.44,0.41,0.42,0.45,0.44,0.44,0.42,0.4,0.39,0.39,0.42,0.43,0.42
GWETROOT,2001,-4,40.625,,,,,,,,,,,,,
GWETROOT,2001,-4,41.25,,,,,,,,,,,,,
GWETROOT,2001,-4.5,34.375,0.57,0.53,0.48,0.47,0.43,0.42,0.41,0.4,0.4,0.4,0.42,0.42,0.45
GWETROOT,2001,-4.5,35,0.55,0.51,0.48,0.48,0.45,0.44,0.43,0.43,0.43,0.42,0.45,0.44,0.46
GWETROOT,2001,-4.5,35.625,0.5,0.46,0.45,0.45,0.43,0.42,0.42,0.41,0.41,0.41,0.43,0.43,0.43
GWETROOT,2001,-4.5,36.25,0.54,0.5,0.49,0.49,0.47,0.47,0.47,0.47,0.47,0.46,0.48,0.48,0.48
GWETROOT,2001,-4.5,36.875,0.53,0.49,0.48,0.49,0.48,0.47,0.47,0.47,0.47,0.47,0.48,0.48,0.48
GWETROOT,2001,-4.5,37.5,0.52,0.49,0.49,0.5,0.48,0.48,0.47,0.47,0.47,0.47,0.49,0.49,0.48
GWETROOT,2001,-4.5,38.125,0.65,0.6,0.6,0.62,0.61,0.61,0.59,0.59,0.58,0.58,0.62,0.63,0.61
GWETROOT,2001,-4.5,38.75,0.61,0.57,0.57,0.6,0.59,0.58,0.57,0.56,0.55,0.55,0.59,0.6,0.58
GWETROOT,2001,-4.5,39.375,0.44,0.41,0.42,0.45,0.45,0.45,0.43,0.42,0.4,0.4,0.42,0.43,0.43
GWETROOT,2001,-4.5,40,0.41,0.39,0.39,0.42,0.43,0.43,0.41,0.39,0.38,0.38,0.39,0.4,0.4
GWETROOT,2001,-4.5,40.625,,,,,,,,,,,,,
GWETROOT,2001,-4.5,41.25,,,,,,,,,,,,,
GWETROOT,2001,0.5,34.375,0.46,0.43,0.46,0.51,0.57,0.61,0.6,0.63,0.63,0.67,0.69,0.61,0.57
GWETROOT,2001,0.5,35,0.51,0.48,0.48,0.54,0.59,0.62,0.62,0.67,0.66,0.69,0.73,0.65,0.6
GWETROOT,2001,0.5,35.625,0.43,0.41,0.4,0.46,0.48,0.49,0.49,0.53,0.51,0.5,0.54,0.47,0.48
GWETROOT,2001,0.5,36.25,0.43,0.41,0.41,0.45,0.47,0.48,0.49,0.54,0.51,0.48,0.5,0.45,0.47
GWETROOT,2001,0.5,36.875,0.53,0.51,0.51,0.56,0.55,0.55,0.56,0.6,0.57,0.54,0.59,0.56,0.55
GWETROOT,2001,0.5,37.5,0.38,0.36,0.35,0.4,0.39,0.37,0.37,0.4,0.38,0.36,0.43,0.43,0.39
GWETROOT,2001,0.5,38.125,0.37,0.35,0.34,0.38,0.37,0.34,0.34,0.34,0.33,0.33,0.41,0.42,0.36
GWETROOT,2001,0.5,38.75,0.36,0.34,0.34,0.39,0.38,0.35,0.34,0.33,0.33,0.33,0.39,0.4,0.36
GWETROOT,2001,0.5,39.375,0.36,0.35,0.36,0.44,0.42,0.38,0.36,0.35,0.35,0.35,0.4,0.41,0.38
GWETROOT,2001,0.5,40,0.34,0.33,0.34,0.42,0.41,0.38,0.35,0.34,0.33,0.33,0.39,0.4,0.36
GWETROOT,2001,0.5,40.625,0.34,0.34,0.34,0.4,0.4,0.38,0.36,0.35,0.35,0.34,0.39,0.4,0.37
GWETROOT,2001,0.5,41.25,0.37,0.36,0.37,0.41,0.41,0.4,0.38,0.37,0.37,0.37,0.41,0.4,0.39
GWETROOT,2001,1,34.375,0.61,0.55,0.55,0.57,0.63,0.67,0.69,0.74,0.75,0.79,0.82,0.76,0.68
GWETROOT,2001,1,35,0.54,0.48,0.48,0.53,0.59,0.65,0.67,0.74,0.75,0.77,0.82,0.73,0.65
GWETROOT,2001,1,35.625,0.39,0.37,0.37,0.44,0.47,0.49,0.49,0.53,0.5,0.47,0.51,0.45,0.46
GWETROOT,2001,1,36.25,0.37,0.36,0.36,0.39,0.39,0.41,0.44,0.49,0.45,0.41,0.42,0.4,0.41
GWETROOT,2001,1,36.875,0.4,0.38,0.36,0.41,0.4,0.41,0.43,0.47,0.44,0.4,0.44,0.44,0.42
GWETROOT,2001,1,37.5,0.39,0.36,0.35,0.39,0.38,0.36,0.36,0.38,0.36,0.34,0.41,0.43,0.38
GWETROOT,2001,1,38.125,0.35,0.34,0.34,0.37,0.35,0.34,0.33,0.33,0.33,0.33,0.38,0.38,0.35
GWETROOT,2001,1,38.75,0.37,0.35,0.36,0.4,0.38,0.36,0.35,0.35,0.35,0.35,0.39,0.39,0.37
GWETROOT,2001,1,39.375,0.37,0.36,0.37,0.45,0.43,0.38,0.36,0.36,0.36,0.36,0.42,0.42,0.39
GWETROOT,2001,1,40,0.33,0.33,0.34,0.42,0.41,0.37,0.34,0.33,0.33,0.33,0.39,0.41,0.36
GWETROOT,2001,1,40.625,0.35,0.36,0.36,0.42,0.41,0.38,0.36,0.36,0.36,0.35,0.4,0.43,0.38
GWETROOT,2001,1,41.25,0.42,0.42,0.42,0.47,0.46,0.44,0.43,0.42,0.42,0.42,0.45,0.46,0.44
GWETROOT,2001,1.5,34.375,0.48,0.47,0.48,0.48,0.51,0.54,0.55,0.57,0.55,0.56,0.56,0.51,0.52
GWETROOT,2001,1.5,35,0.44,0.41,0.43,0.46,0.49,0.54,0.56,0.61,0.57,0.56,0.6,0.51,0.52
GWETROOT,2001,1.5,35.625,0.34,0.33,0.34,0.36,0.37,0.4,0.41,0.44,0.41,0.38,0.41,0.38,0.38
GWETROOT,2001,1.5,36.25,0.37,0.36,0.36,0.37,0.36,0.38,0.4,0.42,0.39,0.37,0.39,0.37,0.38
GWETROOT,2001,1.5,36.875,0.39,0.37,0.36,0.4,0.39,0.38,0.39,0.4,0.37,0.35,0.41,0.42,0.39
GWETROOT,2001,1.5,37.5,0.36,0.35,0.34,0.38,0.36,0.35,0.36,0.37,0.35,0.34,0.39,0.39,0.36
GWETROOT,2001,1.5,38.125,0.36,0.35,0.35,0.39,0.36,0.35,0.35,0.34,0.34,0.34,0.39,0.39,0.36
GWETROOT,2001,1.5,38.75,0.46,0.45,0.46,0.49,0.46,0.46,0.45,0.45,0.45,0.45,0.5,0.48,0.46
GWETROOT,2001,1.5,39.375,0.36,0.36,0.37,0.44,0.43,0.39,0.36,0.36,0.36,0.35,0.42,0.44,0.39
GWETROOT,2001,1.5,40,0.38,0.37,0.38,0.48,0.46,0.41,0.38,0.37,0.37,0.37,0.45,0.46,0.41
GWETROOT,2001,1.5,40.625,0.41,0.41,0.42,0.48,0.47,0.44,0.42,0.41,0.41,0.41,0.47,0.5,0.44
GWETROOT,2001,1.5,41.25,0.33,0.33,0.33,0.4,0.4,0.37,0.34,0.33,0.34,0.33,0.38,0.43,0.36
GWETROOT,2001,2,34.375,0.47,0.46,0.47,0.47,0.48,0.51,0.51,0.53,0.5,0.51,0.52,0.48,0.49
GWETROOT,2001,2,35,0.41,0.4,0.41,0.42,0.43,0.47,0.48,0.51,0.47,0.46,0.5,0.45,0.45
GWETROOT,2001,2,35.625,0.33,0.33,0.34,0.35,0.34,0.36,0.37,0.38,0.35,0.34,0.37,0.35,0.35
GWETROOT,2001,2,36.25,0.37,0.37,0.37,0.38,0.37,0.38,0.39,0.39,0.37,0.37,0.39,0.38,0.38
GWETROOT,2001,2,36.875,0.39,0.38,0.37,0.41,0.39,0.38,0.38,0.38,0.36,0.36,0.41,0.41,0.38
GWETROOT,2001,2,37.5,0.37,0.35,0.34,0.39,0.37,0.35,0.35,0.34,0.33,0.33,0.4,0.4,0.36
GWETROOT,2001,2,38.125,0.41,0.39,0.4,0.45,0.42,0.4,0.39,0.39,0.38,0.38,0.45,0.45,0.41
GWETROOT,2001,2,38.75,0.4,0.39,0.39,0.45,0.43,0.4,0.39,0.38,0.38,0.38,0.45,0.44,0.41
GWETROOT,2001,2,39.375,0.34,0.33,0.34,0.44,0.42,0.37,0.34,0.33,0.33,0.33,0.42,0.43,0.37
GWETROOT,2001,2,40,0.38,0.37,0.39,0.5,0.48,0.42,0.39,0.37,0.37,0.37,0.47,0.5,0.42
GWETROOT,2001,2,40.625,0.56,0.56,0.56,0.62,0.59,0.57,0.56,0.56,0.56,0.56,0.61,0.64,0.58
GWETROOT,2001,2,41.25,0.41,0.41,0.41,0.46,0.44,0.42,0.41,0.41,0.41,0.4,0.46,0.5,0.43
GWETROOT,2001,2.5,34.375,0.42,0.42,0.43,0.43,0.44,0.47,0.47,0.47,0.45,0.46,0.48,0.44,0.45
GWETROOT,2001,2.5,35,0.37,0.37,0.38,0.39,0.39,0.42,0.43,0.44,0.41,0.4,0.44,0.41,0.4
GWETROOT,2001,2.5,35.625,0.33,0.33,0.34,0.35,0.34,0.34,0.35,0.35,0.33,0.33,0.36,0.34,0.34
GWETROOT,2001,2.5,36.25,0.36,0.36,0.36,0.37,0.36,0.36,0.36,0.36,0.36,0.36,0.38,0.36,0.36
GWETROOT,2001,2.5,36.875,0.36,0.35,0.36,0.39,0.37,0.35,0.35,0.35,0.35,0.35,0.39,0.38,0.36
GWETROOT,2001,2.5,37.5,0.39,0.38,0.39,0.43,0.4,0.38,0.37,0.37,0.37,0.37,0.42,0.41,0.39
GWETROOT,2001,2.5,38.125,0.37,0.37,0.38,0.45,0.43,0.38,0.36,0.36,0.36,0.36,0.43,0.43,0.39
GWETROOT,2001,2.5,38.75,0.37,0.36,0.38,0.46,0.43,0.38,0.36,0.36,0.36,0.36,0.42,0.42,0.39
GWETROOT,2001,2.5,39.375,0.34,0.34,0.36,0.47,0.45,0.38,0.34,0.34,0.34,0.34,0.42,0.42,0.38
GWETROOT,2001,2.5,40,0.38,0.38,0.4,0.52,0.5,0.43,0.39,0.38,0.38,0.38,0.46,0.47,0.42
GWETROOT,2001,2.5,40.625,0.47,0.47,0.47,0.52,0.51,0.48,0.47,0.47,0.47,0.46,0.51,0.52,0.49
GWETROOT,2001,2.5,41.25,0.26,0.25,0.25,0.28,0.28,0.26,0.26,0.25,0.25,0.24,0.28,0.29,0.26
GWETROOT,2001,3,34.375,0.45,0.45,0.46,0.47,0.47,0.53,0.52,0.54,0.5,0.51,0.55,0.49,0.5
GWETROOT,2001,3,35,0.34,0.33,0.35,0.37,0.38,0.42,0.41,0.42,0.38,0.37,0.44,0.4,0.38
GWETROOT,2001,3,35.625,0.33,0.33,0.34,0.35,0.34,0.33,0.33,0.33,0.33,0.33,0.35,0.33,0.33
GWETROOT,2001,3,36.25,0.35,0.34,0.34,0.36,0.34,0.34,0.33,0.33,0.33,0.33,0.36,0.34,0.34
GWETROOT,2001,3,36.875,0.34,0.34,0.34,0.37,0.35,0.33,0.33,0.33,0.33,0.33,0.36,0.34,0.34
GWETROOT,2001,3,37.5,0.32,0.31,0.33,0.37,0.34,0.31,0.3,0.3,0.3,0.3,0.33,0.32,0.32
GWETROOT,2001,3,38.125,0.35,0.35,0.38,0.48,0.46,0.39,0.35,0.34,0.34,0.35,0.4,0.39,0.38
GWETROOT,2001,3,38.75,0.4,0.4,0.43,0.53,0.5,0.43,0.39,0.39,0.39,0.39,0.44,0.43,0.43
GWETROOT,2001,3,39.375,0.34,0.34,0.37,0.49,0.47,0.39,0.34,0.34,0.33,0.34,0.4,0.38,0.38
GWETROOT,2001,3,40,0.37,0.37,0.4,0.51,0.49,0.41,0.38,0.37,0.37,0.37,0.42,0.41,0.41
GWETROOT,2001,3,40.625,0.38,0.38,0.38,0.43,0.43,0.39,0.38,0.37,0.37,0.37,0.4,0.39,0.39
GWETROOT,2001,3,41.25,0.3,0.29,0.29,0.32,0.32,0.3,0.29,0.29,0.29,0.28,0.3,0.3,0.3
GWETROOT,2001,3.5,34.375,0.35,0.34,0.37,0.41,0.43,0.52,0.5,0.52,0.46,0.47,0.55,0.46,0.45
GWETROOT,2001,3.5,35,0.33,0.33,0.35,0.39,0.4,0.43,0.41,0.41,0.37,0.36,0.45,0.4,0.39
GWETROOT,2001,3.5,35.625,0.34,0.33,0.34,0.37,0.35,0.33,0.33,0.33,0.33,0.33,0.36,0.34,0.34
GWETROOT,2001,3.5,36.25,0.34,0.34,0.35,0.38,0.35,0.33,0.33,0.33,0.33,0.33,0.36,0.34,0.34
GWETROOT,2001,3.5,36.875,0.34,0.34,0.35,0.41,0.38,0.34,0.33,0.33,0.33,0.33,0.37,0.34,0.35
GWETROOT,2001,3.5,37.5,0.38,0.38,0.39,0.44,0.42,0.39,0.37,0.37,0.37,0.37,0.4,0.39,0.39
GWETROOT,2001,3.5,38.125,0.34,0.34,0.37,0.48,0.48,0.41,0.36,0.34,0.33,0.34,0.39,0.37,0.38
GWETROOT,2001,3.5,38.75,0.35,0.36,0.39,0.5,0.5,0.42,0.37,0.36,0.35,0.36,0.4,0.38,0.4
GWETROOT,2001,3.5,39.375,0.38,0.39,0.41,0.54,0.54,0.45,0.4,0.39,0.38,0.39,0.43,0.41,0.43
GWETROOT,2001,3.5,40,0.38,0.38,0.41,0.5,0.49,0.42,0.39,0.38,0.38,0.39,0.42,0.41,0.41
GWETROOT,2001,3.5,40.625,0.52,0.51,0.52,0.56,0.56,0.52,0.51,0.51,0.51,0.52,0.53,0.52,0.52
GWETROOT,2001,3.5,41.25,0.35,0.34,0.34,0.36,0.37,0.35,0.34,0.33,0.33,0.33,0.35,0.34,0.34
GWETROOT,2001,4,34.375,0.46,0.46,0.48,0.52,0.53,0.6,0.57,0.58,0.53,0.55,0.63,0.56,0.54
GWETROOT,2001,4,35,0.43,0.42,0.44,0.49,0.49,0.51,0.48,0.47,0.44,0.44,0.53,0.48,0.47
GWETROOT,2001,4,35.625,0.34,0.33,0.35,0.4,0.39,0.35,0.34,0.33,0.33,0.33,0.38,0.35,0.35
GWETROOT,2001,4,36.25,0.34,0.33,0.35,0.39,0.37,0.34,0.33,0.33,0.33,0.33,0.37,0.34,0.35
GWETROOT,2001,4,36.875,0.34,0.33,0.35,0.41,0.4,0.36,0.34,0.33,0.33,0.33,0.37,0.34,0.35
GWETROOT,2001,4,37.5,0.38,0.37,0.39,0.45,0.43,0.39,0.37,0.37,0.37,0.37,0.4,0.38,0.39
GWETROOT,2001,4,38.125,0.43,0.42,0.45,0.53,0.54,0.48,0.45,0.44,0.43,0.43,0.46,0.44,0.46
GWETROOT,2001,4,38.75,0.58,0.59,0.61,0.68,0.69,0.62,0.59,0.59,0.58,0.59,0.61,0.59,0.61
GWETROOT,2001,4,39.375,0.58,0.58,0.6,0.68,0.69,0.61,0.58,0.58,0.58,0.59,0.62,0.59,0.61
GWETROOT,2001,4,40,0.45,0.46,0.47,0.55,0.55,0.48,0.46,0.46,0.46,0.46,0.49,0.47,0.48
GWETROOT,2001,4,40.625,0.52,0.52,0.52,0.57,0.56,0.52,0.52,0.52,0.52,0.53,0.54,0.52,0.53
GWETROOT,2001,4,41.25,0.36,0.35,0.36,0.39,0.39,0.36,0.35,0.35,0.35,0.36,0.37,0.36,0.36
GWETROOT,2001,4.5,34.375,0.58,0.58,0.6,0.62,0.61,0.64,0.62,0.62,0.6,0.62,0.65,0.61,0.61
GWETROOT,2001,4.5,35,0.49,0.49,0.5,0.56,0.56,0.56,0.53,0.52,0.49,0.5,0.58,0.54,0.53
GWETROOT,2001,4.5,35.625,0.34,0.34,0.35,0.42,0.42,0.38,0.34,0.33,0.33,0.34,0.39,0.36,0.36
GWETROOT,2001,4.5,36.25,0.34,0.33,0.35,0.41,0.39,0.35,0.34,0.33,0.33,0.33,0.38,0.34,0.35
GWETROOT,2001,4.5,36.875,0.34,0.33,0.35,0.41,0.41,0.37,0.35,0.34,0.33,0.34,0.37,0.34,0.36
GWETROOT,2001,4.5,37.5,0.51,0.51,0.53,0.57,0.56,0.53,0.52,0.52,0.51,0.52,0.53,0.51,0.53
GWETROOT,2001,4.5,38.125,0.57,0.57,0.59,0.65,0.66,0.6,0.58,0.58,0.58,0.58,0.6,0.58,0.6
GWETROOT,2001,4.5,38.75,0.54,0.54,0.56,0.62,0.63,0.57,0.55,0.55,0.54,0.55,0.57,0.55,0.56
GWETROOT,2001,4.5,39.375,0.47,0.47,0.48,0.54,0.55,0.49,0.47,0.47,0.47,0.48,0.49,0.48,0.49
GWETROOT,2001,4.5,40,0.4,0.4,0.42,0.48,0.49,0.43,0.41,0.4,0.4,0.41,0.43,0.41,0.42
GWETROOT,2001,4.5,40.625,0.38,0.38,0.38,0.44,0.44,0.39,0.38,0.38,0.38,0.39,0.4,0.38,0.39
GWETROOT,2001,4.5,41.25,0.34,0.33,0.34,0.39,0.4,0.35,0.33,0.33,0.33,0.34,0.35,0.34,0.35
GWETROOT,2002,-0.5,34.375,0.68,0.6,0.67,0.7,0.82,0.67,0.57,0.54,0.52,0.58,0.76,0.76,0.66
GWETROOT,2002,-0.5,35,0.6,0.53,0.57,0.59,0.73,0.62,0.56,0.55,0.5,0.53,0.68,0.67,0.59
GWETROOT,2002,-0.5,35.625,0.5,0.44,0.48,0.49,0.58,0.51,0.49,0.49,0.45,0.47,0.54,0.53,0.5
GWETROOT,2002,-0.5,36.25,0.43,0.39,0.42,0.43,0.52,0.45,0.43,0.43,0.41,0.41,0.46,0.44,0.44
GWETROOT,2002,-0.5,36.875,0.43,0.38,0.42,0.44,0.52,0.45,0.42,0.41,0.4,0.41,0.45,0.44,0.43
GWETROOT,2002,-0.5,37.5,0.53,0.48,0.51,0.53,0.6,0.53,0.51,0.5,0.49,0.49,0.54,0.54,0.52
GWETROOT,2002,-0.5,38.125,0.5,0.48,0.5,0.52,0.53,0.49,0.48,0.47,0.47,0.48,0.54,0.54,0.5
GWETROOT,2002,-0.5,38.75,0.45,0.44,0.46,0.48,0.49,0.44,0.44,0.44,0.44,0.45,0.51,0.49,0.46
GWETROOT,2002,-0.5,39.375,0.4,0.39,0.41,0.44,0.46,0.42,0.42,0.4,0.41,0.41,0.5,0.46,0.43
GWETROOT,2002,-0.5,40,0.45,0.43,0.45,0.49,0.53,0.48,0.48,0.45,0.45,0.46,0.57,0.54,0.48
GWETROOT,2002,-0.5,40.625,0.46,0.46,0.46,0.5,0.57,0.55,0.56,0.5,0.5,0.49,0.61,0.54,0.52
GWETROOT,2002,-0.5,41.25,0.47,0.47,0.47,0.51,0.58,0.56,0.56,0.5,0.51,0.5,0.62,0.55,0.53
GWETROOT,2002,-1,34.375,0.58,0.53,0.58,0.56,0.66,0.54,0.5,0.49,0.47,0.52,0.62,0.64,0.56
GWETROOT,2002,-1,35,0.61,0.57,0.62,0.61,0.7,0.61,0.57,0.56,0.53,0.55,0.65,0.67,0.6
GWETROOT,2002,-1,35.625,0.52,0.49,0.54,0.54,0.65,0.57,0.54,0.52,0.5,0.5,0.58,0.57,0.54
GWETROOT,2002,-1,36.25,0.41,0.38,0.43,0.44,0.58,0.48,0.44,0.42,0.4,0.4,0.46,0.46,0.44
GWETROOT,2002,-1,36.875,0.53,0.48,0.52,0.53,0.6,0.52,0.48,0.46,0.46,0.47,0.54,0.56,0.51
GWETROOT,2002,-1,37.5,0.53,0.49,0.53,0.54,0.62,0.54,0.5,0.48,0.48,0.48,0.55,0.56,0.53
GWETROOT,2002,-1,38.125,0.5,0.48,0.49,0.51,0.51,0.48,0.48,0.47,0.47,0.48,0.52,0.52,0.49
GWETROOT,2002,-1,38.75,0.48,0.47,0.49,0.5,0.5,0.47,0.47,0.47,0.47,0.48,0.52,0.51,0.49
GWETROOT,2002,-1,39.375,0.46,0.46,0.47,0.5,0.5,0.47,0.48,0.47,0.47,0.48,0.52,0.5,0.48
GWETROOT,2002,-1,40,0.54,0.53,0.55,0.59,0.61,0.56,0.57,0.54,0.55,0.56,0.65,0.6,0.57
GWETROOT,2002,-1,40.625,0.48,0.47,0.48,0.52,0.59,0.58,0.58,0.52,0.52,0.5,0.64,0.56,0.54
GWETROOT,2002,-1,41.25,0.47,0.47,0.47,0.51,0.58,0.58,0.59,0.52,0.52,0.5,0.63,0.56,0.53
GWETROOT,2002,-1.5,34.375,0.67,0.63,0.68,0.63,0.72,0.6,0.58,0.58,0.57,0.61,0.71,0.73,0.64
GWETROOT,2002,-1.5,35,0.61,0.58,0.64,0.62,0.73,0.6,0.56,0.55,0.54,0.56,0.67,0.68,0.61
GWETROOT,2002,-1.5,35.625,0.52,0.49,0.55,0.56,0.72,0.59,0.53,0.49,0.47,0.48,0.6,0.59,0.55
GWETROOT,2002,-1.5,36.25,0.42,0.4,0.44,0.43,0.56,0.46,0.42,0.39,0.39,0.4,0.46,0.45,0.44
GWETROOT,2002,-1.5,36.875,0.63,0.6,0.63,0.63,0.71,0.62,0.59,0.59,0.59,0.6,0.67,0.67,0.63
GWETROOT,2002,-1.5,37.5,0.53,0.47,0.51,0.52,0.59,0.5,0.47,0.46,0.46,0.47,0.56,0.57,0.51
GWETROOT,2002,-1.5,38.125,0.49,0.45,0.48,0.5,0.52,0.47,0.46,0.45,0.45,0.45,0.54,0.53,0.48
GWETROOT,2002,-1.5,38.75,0.48,0.47,0.49,0.51,0.5,0.47,0.47,0.47,0.47,0.48,0.54,0.52,0.49
GWETROOT,2002,-1.5,39.375,0.47,0.47,0.48,0.52,0.51,0.48,0.48,0.47,0.48,0.49,0.55,0.52,0.49
GWETROOT,2002,-1.5,40,0.54,0.53,0.55,0.59,0.62,0.58,0.58,0.55,0.55,0.56,0.66,0.6,0.58
GWETROOT,2002,-1.5,40.625,0.49,0.48,0.49,0.53,0.6,0.59,0.6,0.53,0.54,0.52,0.64,0.56,0.55
GWETROOT,2002,-1.5,41.25,0.47,0.47,0.47,0.51,0.59,0.6,0.6,0.53,0.52,0.5,0.64,0.57,0.54
GWETROOT,2002,-1.80E-13,34.375,0.6,0.54,0.58,0.62,0.69,0.6,0.54,0.53,0.49,0.53,0.64,0.62,0.58
GWETROOT,2002,-1.80E-13,35,0.64,0.57,0.59,0.61,0.72,0.65,0.61,0.62,0.58,0.61,0.69,0.67,0.63
GWETROOT,2002,-1.80E-13,35.625,0.52,0.47,0.48,0.51,0.6,0.54,0.52,0.53,0.49,0.5,0.55,0.54,0.52
GWETROOT,2002,-1.80E-13,36.25,0.47,0.44,0.46,0.47,0.56,0.49,0.48,0.49,0.46,0.47,0.49,0.49,0.48
GWETROOT,2002,-1.80E-13,36.875,0.43,0.39,0.42,0.45,0.54,0.46,0.43,0.43,0.41,0.41,0.43,0.44,0.44
GWETROOT,2002,-1.80E-13,37.5,0.49,0.44,0.46,0.49,0.59,0.51,0.47,0.47,0.44,0.44,0.49,0.5,0.48
GWETROOT,2002,-1.80E-13,38.125,0.46,0.42,0.44,0.47,0.5,0.45,0.43,0.41,0.41,0.42,0.48,0.5,0.45
GWETROOT,2002,-1.80E-13,38.75,0.38,0.36,0.38,0.42,0.43,0.38,0.37,0.36,0.36,0.36,0.42,0.44,0.39
GWETROOT,2002,-1.80E-13,39.375,0.35,0.33,0.35,0.4,0.43,0.38,0.36,0.34,0.35,0.35,0.42,0.41,0.37
GWETROOT,2002,-1.80E-13,40,0.37,0.34,0.36,0.41,0.47,0.42,0.4,0.37,0.37,0.36,0.45,0.45,0.4
GWETROOT,2002,-1.80E-13,40.625,0.4,0.39,0.39,0.44,0.51,0.46,0.46,0.42,0.42,0.41,0.49,0.46,0.44
GWETROOT,2002,-1.80E-13,41.25,0.42,0.42,0.42,0.48,0.54,0.48,0.48,0.44,0.44,0.44,0.52,0.48,0.46
GWETROOT,2002,-2,34.375,0.68,0.65,0.69,0.63,0.7,0.61,0.6,0.6,0.6,0.62,0.71,0.73,0.65
GWETROOT,2002,-2,35,0.62,0.6,0.65,0.63,0.73,0.6,0.55,0.55,0.55,0.57,0.69,0.7,0.62
GWETROOT,2002,-2,35.625,0.55,0.53,0.58,0.58,0.7,0.59,0.53,0.5,0.5,0.52,0.64,0.63,0.57
GWETROOT,2002,-2,36.25,0.39,0.37,0.39,0.38,0.44,0.38,0.36,0.36,0.36,0.36,0.41,0.41,0.38
GWETROOT,2002,-2,36.875,0.63,0.59,0.63,0.62,0.67,0.6,0.58,0.58,0.59,0.6,0.67,0.67,0.62
GWETROOT,2002,-2,37.5,0.54,0.5,0.53,0.54,0.58,0.51,0.49,0.48,0.49,0.5,0.59,0.58,0.53
GWETROOT,2002,-2,38.125,0.46,0.43,0.45,0.47,0.48,0.44,0.43,0.42,0.42,0.43,0.51,0.5,0.45
GWETROOT,2002,-2,38.75,0.49,0.48,0.51,0.53,0.52,0.49,0.49,0.49,0.49,0.5,0.57,0.54,0.51
GWETROOT,2002,-2,39.375,0.51,0.5,0.52,0.56,0.56,0.52,0.52,0.51,0.51,0.53,0.61,0.57,0.54
GWETROOT,2002,-2,40,0.47,0.46,0.48,0.53,0.55,0.51,0.51,0.48,0.49,0.5,0.6,0.53,0.51
GWETROOT,2002,-2,40.625,0.47,0.46,0.47,0.51,0.57,0.57,0.58,0.52,0.52,0.51,0.62,0.55,0.53
GWETROOT,2002,-2,41.25,0.38,0.37,0.37,0.41,0.47,0.48,0.47,0.43,0.42,0.41,0.51,0.45,0.43
GWETROOT,2002,-2.5,34.375,0.61,0.59,0.61,0.55,0.58,0.5,0.49,0.49,0.49,0.5,0.63,0.64,0.56
GWETROOT,2002,-2.5,35,0.59,0.57,0.6,0.56,0.62,0.51,0.47,0.47,0.47,0.49,0.66,0.66,0.56
GWETROOT,2002,-2.5,35.625,0.54,0.53,0.56,0.54,0.6,0.51,0.48,0.47,0.47,0.49,0.65,0.64,0.54
GWETROOT,2002,-2.5,36.25,0.48,0.46,0.47,0.46,0.47,0.44,0.43,0.43,0.43,0.44,0.51,0.51,0.46
GWETROOT,2002,-2.5,36.875,0.63,0.6,0.62,0.6,0.61,0.58,0.57,0.57,0.58,0.59,0.67,0.67,0.61
GWETROOT,2002,-2.5,37.5,0.61,0.57,0.59,0.57,0.59,0.54,0.54,0.54,0.54,0.55,0.66,0.65,0.58
GWETROOT,2002,-2.5,38.125,0.54,0.5,0.52,0.53,0.52,0.49,0.48,0.48,0.49,0.5,0.57,0.58,0.52
GWETROOT,2002,-2.5,38.75,0.54,0.52,0.54,0.55,0.54,0.52,0.52,0.52,0.52,0.53,0.6,0.58,0.54
GWETROOT,2002,-2.5,39.375,0.61,0.6,0.63,0.65,0.67,0.62,0.62,0.61,0.62,0.63,0.72,0.69,0.64
GWETROOT,2002,-2.5,40,0.4,0.39,0.41,0.44,0.47,0.43,0.42,0.41,0.42,0.43,0.51,0.46,0.43
GWETROOT,2002,-2.5,40.625,0.41,0.39,0.4,0.44,0.5,0.49,0.48,0.45,0.45,0.45,0.53,0.47,0.46
GWETROOT,2002,-2.5,41.25,,,,,,,,,,,,,
GWETROOT,2002,-3,34.375,0.64,0.6,0.61,0.53,0.54,0.47,0.46,0.46,0.46,0.47,0.61,0.63,0.54
GWETROOT,2002,-3,35,0.61,0.61,0.61,0.55,0.59,0.49,0.46,0.46,0.46,0.48,0.65,0.67,0.55
GWETROOT,2002,-3,35.625,0.59,0.61,0.63,0.59,0.63,0.54,0.49,0.47,0.46,0.49,0.69,0.7,0.57
GWETROOT,2002,-3,36.25,0.62,0.62,0.63,0.6,0.6,0.56,0.55,0.55,0.55,0.57,0.67,0.67,0.6
GWETROOT,2002,-3,36.875,0.69,0.66,0.66,0.64,0.65,0.6,0.58,0.58,0.58,0.6,0.75,0.75,0.64
GWETROOT,2002,-3,37.5,0.59,0.57,0.58,0.56,0.57,0.52,0.49,0.49,0.49,0.5,0.64,0.65,0.55
GWETROOT,2002,-3,38.125,0.55,0.51,0.53,0.52,0.51,0.48,0.48,0.48,0.49,0.49,0.57,0.59,0.52
GWETROOT,2002,-3,38.75,0.54,0.51,0.54,0.53,0.53,0.51,0.51,0.51,0.53,0.53,0.59,0.59,0.54
GWETROOT,2002,-3,39.375,0.61,0.6,0.63,0.63,0.65,0.62,0.61,0.61,0.63,0.63,0.7,0.68,0.63
GWETROOT,2002,-3,40,0.4,0.38,0.41,0.42,0.45,0.42,0.41,0.4,0.42,0.42,0.49,0.46,0.42
GWETROOT,2002,-3,40.625,0.41,0.39,0.41,0.44,0.51,0.48,0.45,0.43,0.46,0.46,0.51,0.47,0.45
GWETROOT,2002,-3,41.25,,,,,,,,,,,,,
GWETROOT,2002,-3.5,34.375,0.64,0.59,0.59,0.52,0.53,0.46,0.46,0.46,0.46,0.47,0.58,0.61,0.53
GWETROOT,2002,-3.5,35,0.59,0.57,0.58,0.53,0.55,0.48,0.46,0.46,0.46,0.47,0.58,0.61,0.53
GWETROOT,2002,-3.5,35.625,0.56,0.56,0.58,0.56,0.56,0.52,0.49,0.48,0.48,0.5,0.59,0.61,0.54
GWETROOT,2002,-3.5,36.25,0.56,0.56,0.58,0.55,0.53,0.49,0.48,0.49,0.48,0.5,0.6,0.6,0.53
GWETROOT,2002,-3.5,36.875,0.53,0.52,0.54,0.53,0.53,0.48,0.46,0.47,0.47,0.49,0.61,0.6,0.52
GWETROOT,2002,-3.5,37.5,0.5,0.48,0.5,0.5,0.5,0.47,0.46,0.47,0.47,0.49,0.56,0.56,0.5
GWETROOT,2002,-3.5,38.125,0.51,0.48,0.5,0.49,0.49,0.47,0.47,0.48,0.49,0.49,0.54,0.55,0.5
GWETROOT,2002,-3.5,38.75,0.53,0.51,0.52,0.52,0.52,0.5,0.49,0.5,0.51,0.51,0.57,0.57,0.52
GWETROOT,2002,-3.5,39.375,0.59,0.58,0.6,0.61,0.62,0.6,0.59,0.59,0.61,0.61,0.66,0.64,0.61
GWETROOT,2002,-3.5,40,0.5,0.47,0.5,0.51,0.52,0.5,0.49,0.49,0.5,0.51,0.57,0.56,0.51
GWETROOT,2002,-3.5,40.625,0.41,0.39,0.41,0.44,0.51,0.49,0.45,0.43,0.46,0.46,0.5,0.47,0.45
GWETROOT,2002,-3.5,41.25,,,,,,,,,,,,,
GWETROOT,2002,-4,34.375,0.6,0.55,0.55,0.5,0.51,0.46,0.46,0.46,0.46,0.46,0.53,0.57,0.51
GWETROOT,2002,-4,35,0.62,0.58,0.6,0.56,0.56,0.52,0.51,0.51,0.51,0.52,0.59,0.61,0.56
GWETROOT,2002,-4,35.625,0.58,0.56,0.59,0.57,0.56,0.53,0.51,0.5,0.5,0.51,0.58,0.6,0.55
GWETROOT,2002,-4,36.25,0.54,0.53,0.56,0.53,0.51,0.48,0.47,0.47,0.47,0.49,0.55,0.57,0.51
GWETROOT,2002,-4,36.875,0.53,0.51,0.54,0.52,0.51,0.47,0.47,0.47,0.47,0.49,0.56,0.57,0.51
GWETROOT,2002,-4,37.5,0.54,0.51,0.54,0.53,0.51,0.49,0.49,0.5,0.5,0.51,0.56,0.57,0.52
GWETROOT,2002,-4,38.125,0.57,0.55,0.57,0.57,0.56,0.54,0.54,0.55,0.55,0.56,0.6,0.6,0.56
GWETROOT,2002,-4,38.75,0.52,0.5,0.52,0.52,0.52,0.5,0.5,0.5,0.51,0.51,0.56,0.56,0.52
GWETROOT,2002,-4,39.375,0.46,0.44,0.47,0.48,0.49,0.46,0.46,0.46,0.47,0.47,0.51,0.5,0.47
GWETROOT,2002,-4,40,0.43,0.4,0.44,0.46,0.46,0.42,0.41,0.42,0.44,0.44,0.53,0.52,0.45
GWETROOT,2002,-4,40.625,,,,,,,,,,,,,
GWETROOT,2002,-4,41.25,,,,,,,,,,,,,
GWETROOT,2002,-4.5,34.375,0.53,0.46,0.47,0.43,0.43,0.4,0.4,0.4,0.4,0.4,0.46,0.49,0.44
GWETROOT,2002,-4.5,35,0.54,0.48,0.51,0.48,0.47,0.44,0.43,0.43,0.43,0.44,0.5,0.51,0.47
GWETROOT,2002,-4.5,35.625,0.5,0.47,0.51,0.48,0.47,0.44,0.42,0.42,0.41,0.43,0.49,0.51,0.46
GWETROOT,2002,-4.5,36.25,0.54,0.51,0.54,0.52,0.49,0.47,0.47,0.47,0.47,0.49,0.53,0.55,0.5
GWETROOT,2002,-4.5,36.875,0.54,0.51,0.54,0.52,0.5,0.48,0.47,0.48,0.48,0.49,0.55,0.56,0.51
GWETROOT,2002,-4.5,37.5,0.53,0.5,0.53,0.52,0.5,0.48,0.48,0.48,0.48,0.49,0.55,0.55,0.51
GWETROOT,2002,-4.5,38.125,0.63,0.61,0.63,0.64,0.63,0.61,0.6,0.61,0.62,0.62,0.68,0.68,0.63
GWETROOT,2002,-4.5,38.75,0.6,0.57,0.6,0.62,0.61,0.58,0.57,0.58,0.6,0.6,0.67,0.67,0.61
GWETROOT,2002,-4.5,39.375,0.43,0.41,0.44,0.47,0.46,0.43,0.42,0.43,0.44,0.44,0.5,0.5,0.45
GWETROOT,2002,-4.5,40,0.41,0.39,0.42,0.46,0.44,0.41,0.4,0.4,0.41,0.41,0.45,0.44,0.42
GWETROOT,2002,-4.5,40.625,,,,,,,,,,,,,
GWETROOT,2002,-4.5,41.25,,,,,,,,,,,,,
GWETROOT,2002,0.5,34.375,0.58,0.5,0.53,0.54,0.6,0.54,0.5,0.53,0.5,0.54,0.57,0.53,0.54
GWETROOT,2002,0.5,35,0.59,0.52,0.53,0.55,0.63,0.57,0.55,0.6,0.56,0.6,0.62,0.58,0.58
GWETROOT,2002,0.5,35.625,0.44,0.41,0.43,0.46,0.55,0.47,0.46,0.49,0.45,0.47,0.49,0.46,0.47
GWETROOT,2002,0.5,36.25,0.44,0.41,0.43,0.43,0.53,0.47,0.45,0.48,0.45,0.44,0.45,0.45,0.45
GWETROOT,2002,0.5,36.875,0.54,0.51,0.54,0.55,0.64,0.56,0.54,0.55,0.52,0.52,0.53,0.55,0.55
GWETROOT,2002,0.5,37.5,0.4,0.36,0.39,0.42,0.49,0.42,0.38,0.38,0.35,0.36,0.39,0.41,0.4
GWETROOT,2002,0.5,38.125,0.38,0.35,0.36,0.42,0.46,0.39,0.36,0.34,0.34,0.35,0.4,0.43,0.38
GWETROOT,2002,0.5,38.75,0.37,0.34,0.36,0.42,0.46,0.39,0.36,0.34,0.34,0.34,0.41,0.44,0.38
GWETROOT,2002,0.5,39.375,0.37,0.35,0.37,0.45,0.53,0.42,0.39,0.36,0.36,0.36,0.45,0.47,0.41
GWETROOT,2002,0.5,40,0.35,0.33,0.35,0.43,0.55,0.43,0.39,0.35,0.35,0.35,0.43,0.45,0.4
GWETROOT,2002,0.5,40.625,0.36,0.34,0.34,0.42,0.53,0.43,0.4,0.36,0.35,0.35,0.41,0.42,0.39
GWETROOT,2002,0.5,41.25,0.37,0.37,0.37,0.44,0.5,0.43,0.43,0.4,0.39,0.39,0.43,0.42,0.41
GWETROOT,2002,1,34.375,0.7,0.61,0.61,0.6,0.66,0.63,0.59,0.64,0.62,0.66,0.67,0.63,0.64
GWETROOT,2002,1,35,0.62,0.52,0.52,0.55,0.64,0.58,0.54,0.6,0.59,0.63,0.67,0.62,0.59
GWETROOT,2002,1,35.625,0.41,0.38,0.4,0.45,0.55,0.45,0.43,0.48,0.45,0.47,0.49,0.45,0.45
GWETROOT,2002,1,36.25,0.38,0.36,0.38,0.39,0.49,0.41,0.39,0.43,0.39,0.37,0.38,0.39,0.4
GWETROOT,2002,1,36.875,0.41,0.38,0.4,0.43,0.51,0.43,0.4,0.42,0.39,0.38,0.4,0.42,0.41
GWETROOT,2002,1,37.5,0.4,0.36,0.39,0.43,0.49,0.41,0.38,0.36,0.34,0.35,0.38,0.42,0.39
GWETROOT,2002,1,38.125,0.35,0.34,0.36,0.39,0.42,0.37,0.35,0.33,0.33,0.34,0.38,0.4,0.36
GWETROOT,2002,1,38.75,0.37,0.35,0.38,0.42,0.44,0.39,0.37,0.35,0.35,0.36,0.4,0.43,0.38
GWETROOT,2002,1,39.375,0.38,0.36,0.39,0.46,0.52,0.42,0.38,0.36,0.37,0.37,0.45,0.46,0.41
GWETROOT,2002,1,40,0.35,0.33,0.34,0.44,0.58,0.42,0.38,0.34,0.34,0.34,0.43,0.44,0.39
GWETROOT,2002,1,40.625,0.37,0.35,0.36,0.44,0.6,0.46,0.41,0.37,0.36,0.36,0.43,0.44,0.41
GWETROOT,2002,1,41.25,0.43,0.42,0.42,0.49,0.59,0.5,0.48,0.44,0.43,0.43,0.47,0.48,0.47
GWETROOT,2002,1.5,34.375,0.48,0.46,0.48,0.48,0.52,0.5,0.48,0.52,0.5,0.52,0.51,0.5,0.5
GWETROOT,2002,1.5,35,0.45,0.41,0.43,0.46,0.53,0.47,0.45,0.51,0.5,0.52,0.53,0.49,0.48
GWETROOT,2002,1.5,35.625,0.35,0.33,0.35,0.37,0.43,0.37,0.36,0.39,0.37,0.37,0.39,0.37,0.37
GWETROOT,2002,1.5,36.25,0.37,0.36,0.37,0.37,0.43,0.38,0.37,0.39,0.36,0.37,0.37,0.37,0.38
GWETROOT,2002,1.5,36.875,0.4,0.37,0.4,0.43,0.48,0.42,0.39,0.38,0.35,0.35,0.39,0.41,0.4
GWETROOT,2002,1.5,37.5,0.37,0.34,0.37,0.4,0.45,0.39,0.36,0.36,0.33,0.34,0.38,0.39,0.37
GWETROOT,2002,1.5,38.125,0.36,0.35,0.38,0.41,0.42,0.38,0.37,0.35,0.35,0.36,0.4,0.41,0.38
GWETROOT,2002,1.5,38.75,0.46,0.45,0.48,0.51,0.52,0.47,0.46,0.45,0.45,0.46,0.5,0.51,0.48
GWETROOT,2002,1.5,39.375,0.39,0.36,0.38,0.45,0.51,0.42,0.39,0.36,0.36,0.37,0.45,0.46,0.41
GWETROOT,2002,1.5,40,0.4,0.37,0.39,0.49,0.56,0.45,0.4,0.37,0.37,0.39,0.49,0.5,0.43
GWETROOT,2002,1.5,40.625,0.44,0.41,0.41,0.49,0.63,0.5,0.46,0.42,0.42,0.42,0.49,0.52,0.47
GWETROOT,2002,1.5,41.25,0.36,0.33,0.33,0.41,0.55,0.43,0.4,0.35,0.34,0.34,0.42,0.44,0.39
GWETROOT,2002,2,34.375,0.47,0.46,0.47,0.47,0.5,0.47,0.47,0.5,0.47,0.48,0.48,0.48,0.48
GWETROOT,2002,2,35,0.41,0.4,0.41,0.42,0.47,0.43,0.42,0.44,0.42,0.43,0.45,0.44,0.43
GWETROOT,2002,2,35.625,0.33,0.33,0.34,0.35,0.4,0.35,0.34,0.35,0.33,0.34,0.35,0.35,0.35
GWETROOT,2002,2,36.25,0.37,0.37,0.38,0.38,0.42,0.38,0.37,0.38,0.37,0.37,0.38,0.38,0.38
GWETROOT,2002,2,36.875,0.39,0.37,0.4,0.43,0.46,0.41,0.38,0.37,0.35,0.36,0.39,0.4,0.39
GWETROOT,2002,2,37.5,0.37,0.34,0.38,0.42,0.45,0.39,0.36,0.34,0.33,0.34,0.39,0.4,0.38
GWETROOT,2002,2,38.125,0.41,0.39,0.42,0.47,0.48,0.42,0.4,0.39,0.39,0.4,0.45,0.47,0.42
GWETROOT,2002,2,38.75,0.41,0.39,0.41,0.46,0.47,0.42,0.41,0.39,0.39,0.4,0.46,0.47,0.42
GWETROOT,2002,2,39.375,0.37,0.33,0.35,0.44,0.49,0.4,0.37,0.34,0.34,0.35,0.45,0.46,0.39
GWETROOT,2002,2,40,0.42,0.37,0.4,0.5,0.57,0.46,0.42,0.38,0.38,0.4,0.52,0.53,0.45
GWETROOT,2002,2,40.625,0.57,0.56,0.56,0.63,0.73,0.6,0.58,0.56,0.56,0.57,0.65,0.66,0.6
GWETROOT,2002,2,41.25,0.43,0.4,0.41,0.48,0.59,0.48,0.45,0.41,0.41,0.42,0.49,0.51,0.46
GWETROOT,2002,2.5,34.375,0.43,0.42,0.43,0.43,0.46,0.44,0.43,0.45,0.43,0.44,0.45,0.44,0.44
GWETROOT,2002,2.5,35,0.38,0.37,0.37,0.38,0.43,0.4,0.38,0.38,0.37,0.39,0.4,0.4,0.39
GWETROOT,2002,2.5,35.625,0.33,0.33,0.34,0.35,0.42,0.36,0.34,0.33,0.33,0.34,0.34,0.35,0.35
GWETROOT,2002,2.5,36.25,0.36,0.36,0.37,0.37,0.43,0.37,0.36,0.36,0.36,0.36,0.36,0.37,0.37
GWETROOT,2002,2.5,36.875,0.36,0.35,0.39,0.41,0.46,0.4,0.36,0.35,0.34,0.36,0.36,0.38,0.38
GWETROOT,2002,2.5,37.5,0.38,0.37,0.41,0.44,0.48,0.41,0.38,0.37,0.37,0.38,0.41,0.42,0.4
GWETROOT,2002,2.5,38.125,0.38,0.36,0.4,0.46,0.48,0.41,0.37,0.36,0.36,0.38,0.43,0.45,0.4
GWETROOT,2002,2.5,38.75,0.38,0.36,0.39,0.46,0.47,0.4,0.38,0.36,0.36,0.38,0.43,0.45,0.4
GWETROOT,2002,2.5,39.375,0.36,0.33,0.36,0.45,0.48,0.4,0.37,0.34,0.34,0.36,0.45,0.45,0.39
GWETROOT,2002,2.5,40,0.4,0.37,0.4,0.49,0.55,0.45,0.42,0.38,0.38,0.4,0.5,0.51,0.44
GWETROOT,2002,2.5,40.625,0.47,0.46,0.47,0.53,0.6,0.51,0.49,0.47,0.47,0.48,0.55,0.55,0.5
GWETROOT,2002,2.5,41.25,0.27,0.25,0.25,0.3,0.34,0.29,0.28,0.26,0.25,0.27,0.32,0.32,0.28
GWETROOT,2002,3,34.375,0.46,0.45,0.46,0.46,0.5,0.47,0.46,0.47,0.46,0.47,0.48,0.48,0.47
GWETROOT,2002,3,35,0.35,0.33,0.35,0.36,0.43,0.38,0.36,0.34,0.34,0.36,0.37,0.39,0.36
GWETROOT,2002,3,35.625,0.33,0.33,0.35,0.35,0.43,0.37,0.33,0.33,0.33,0.34,0.34,0.35,0.35
GWETROOT,2002,3,36.25,0.34,0.33,0.38,0.37,0.45,0.38,0.34,0.33,0.33,0.34,0.34,0.36,0.36
GWETROOT,2002,3,36.875,0.33,0.33,0.38,0.39,0.46,0.39,0.34,0.33,0.33,0.34,0.34,0.36,0.36
GWETROOT,2002,3,37.5,0.31,0.3,0.35,0.37,0.41,0.34,0.3,0.3,0.3,0.32,0.32,0.34,0.33
GWETROOT,2002,3,38.125,0.35,0.34,0.39,0.46,0.49,0.41,0.36,0.34,0.34,0.36,0.4,0.43,0.39
GWETROOT,2002,3,38.75,0.4,0.39,0.43,0.51,0.52,0.44,0.4,0.39,0.39,0.41,0.45,0.47,0.43
GWETROOT,2002,3,39.375,0.34,0.33,0.37,0.45,0.48,0.4,0.35,0.33,0.34,0.36,0.42,0.43,0.38
GWETROOT,2002,3,40,0.38,0.36,0.39,0.48,0.51,0.43,0.39,0.37,0.37,0.4,0.45,0.46,0.42
GWETROOT,2002,3,40.625,0.38,0.36,0.37,0.42,0.48,0.41,0.39,0.38,0.37,0.4,0.45,0.45,0.41
GWETROOT,2002,3,41.25,0.29,0.28,0.28,0.32,0.35,0.31,0.3,0.29,0.29,0.31,0.35,0.34,0.31
GWETROOT,2002,3.5,34.375,0.39,0.35,0.36,0.39,0.45,0.4,0.39,0.39,0.37,0.4,0.44,0.43,0.4
GWETROOT,2002,3.5,35,0.35,0.33,0.35,0.37,0.45,0.39,0.36,0.34,0.33,0.37,0.39,0.4,0.37
GWETROOT,2002,3.5,35.625,0.33,0.33,0.36,0.36,0.44,0.37,0.33,0.33,0.33,0.35,0.34,0.36,0.35
GWETROOT,2002,3.5,36.25,0.34,0.33,0.38,0.39,0.47,0.39,0.34,0.33,0.33,0.36,0.34,0.37,0.36
GWETROOT,2002,3.5,36.875,0.33,0.33,0.39,0.42,0.51,0.42,0.36,0.33,0.33,0.36,0.35,0.37,0.38
GWETROOT,2002,3.5,37.5,0.38,0.37,0.42,0.45,0.51,0.43,0.39,0.37,0.37,0.4,0.4,0.42,0.41
GWETROOT,2002,3.5,38.125,0.34,0.33,0.38,0.48,0.52,0.44,0.38,0.34,0.33,0.36,0.4,0.42,0.39
GWETROOT,2002,3.5,38.75,0.35,0.35,0.39,0.48,0.52,0.44,0.39,0.36,0.35,0.38,0.42,0.43,0.41
GWETROOT,2002,3.5,39.375,0.38,0.37,0.41,0.51,0.55,0.46,0.41,0.38,0.38,0.42,0.46,0.47,0.43
GWETROOT,2002,3.5,40,0.38,0.38,0.4,0.48,0.51,0.43,0.39,0.38,0.38,0.42,0.47,0.46,0.42
GWETROOT,2002,3.5,40.625,0.51,0.51,0.52,0.57,0.6,0.53,0.52,0.51,0.51,0.54,0.59,0.56,0.54
GWETROOT,2002,3.5,41.25,0.33,0.33,0.33,0.37,0.4,0.36,0.35,0.34,0.33,0.36,0.4,0.39,0.36
GWETROOT,2002,4,34.375,0.49,0.46,0.47,0.5,0.53,0.49,0.48,0.48,0.47,0.5,0.54,0.53,0.5
GWETROOT,2002,4,35,0.44,0.42,0.45,0.47,0.54,0.47,0.44,0.43,0.42,0.46,0.48,0.49,0.46
GWETROOT,2002,4,35.625,0.34,0.33,0.38,0.4,0.48,0.4,0.35,0.33,0.33,0.38,0.37,0.38,0.37
GWETROOT,2002,4,36.25,0.34,0.33,0.38,0.4,0.48,0.4,0.34,0.33,0.33,0.38,0.36,0.37,0.37
GWETROOT,2002,4,36.875,0.33,0.33,0.39,0.43,0.52,0.43,0.37,0.33,0.34,0.4,0.38,0.39,0.39
GWETROOT,2002,4,37.5,0.37,0.37,0.42,0.45,0.52,0.44,0.39,0.37,0.37,0.43,0.41,0.42,0.41
GWETROOT,2002,4,38.125,0.42,0.42,0.45,0.52,0.57,0.5,0.46,0.43,0.42,0.46,0.48,0.48,0.47
GWETROOT,2002,4,38.75,0.58,0.58,0.6,0.67,0.71,0.64,0.6,0.58,0.59,0.61,0.63,0.62,0.62
GWETROOT,2002,4,39.375,0.58,0.57,0.6,0.67,0.7,0.62,0.59,0.58,0.58,0.61,0.64,0.64,0.62
GWETROOT,2002,4,40,0.45,0.45,0.47,0.54,0.58,0.49,0.46,0.45,0.46,0.49,0.53,0.52,0.49
GWETROOT,2002,4,40.625,0.51,0.51,0.52,0.58,0.62,0.54,0.52,0.51,0.51,0.56,0.61,0.57,0.55
GWETROOT,2002,4,41.25,0.35,0.35,0.36,0.41,0.44,0.38,0.36,0.35,0.35,0.39,0.45,0.42,0.38
GWETROOT,2002,4.5,34.375,0.59,0.58,0.6,0.61,0.62,0.59,0.59,0.59,0.59,0.61,0.62,0.61,0.6
GWETROOT,2002,4.5,35,0.5,0.48,0.52,0.55,0.59,0.52,0.5,0.49,0.49,0.53,0.54,0.55,0.52
GWETROOT,2002,4.5,35.625,0.34,0.33,0.39,0.42,0.5,0.42,0.36,0.33,0.33,0.42,0.4,0.4,0.39
GWETROOT,2002,4.5,36.25,0.34,0.33,0.39,0.41,0.49,0.4,0.35,0.33,0.33,0.41,0.38,0.38,0.38
GWETROOT,2002,4.5,36.875,0.34,0.33,0.39,0.43,0.52,0.43,0.38,0.34,0.34,0.43,0.4,0.4,0.39
GWETROOT,2002,4.5,37.5,0.51,0.5,0.54,0.57,0.63,0.55,0.52,0.51,0.52,0.58,0.55,0.55,0.54
GWETROOT,2002,4.5,38.125,0.58,0.57,0.59,0.64,0.68,0.62,0.59,0.58,0.58,0.6,0.6,0.61,0.6
GWETROOT,2002,4.5,38.75,0.54,0.54,0.56,0.61,0.65,0.58,0.55,0.54,0.55,0.56,0.57,0.58,0.57
GWETROOT,2002,4.5,39.375,0.47,0.46,0.48,0.54,0.57,0.51,0.48,0.47,0.47,0.49,0.51,0.51,0.5
GWETROOT,2002,4.5,40,0.4,0.4,0.41,0.48,0.51,0.44,0.41,0.4,0.4,0.43,0.45,0.45,0.43
GWETROOT,2002,4.5,40.625,0.38,0.37,0.38,0.44,0.49,0.41,0.38,0.37,0.38,0.42,0.47,0.44,0.41
GWETROOT,2002,4.5,41.25,0.33,0.33,0.34,0.4,0.46,0.38,0.34,0.33,0.33,0.39,0.45,0.42,0.38
GWETROOT,2003,-0.5,34.375,0.76,0.6,0.56,0.67,0.84,0.78,0.69,0.61,0.6,0.54,0.59,0.67,0.66
GWETROOT,2003,-0.5,35,0.67,0.56,0.52,0.62,0.77,0.73,0.66,0.61,0.6,0.55,0.58,0.61,0.62
GWETROOT,2003,-0.5,35.625,0.51,0.45,0.44,0.52,0.61,0.59,0.56,0.56,0.55,0.51,0.54,0.51,0.53
GWETROOT,2003,-0.5,36.25,0.43,0.39,0.39,0.45,0.54,0.51,0.48,0.49,0.48,0.45,0.47,0.43,0.46
GWETROOT,2003,-0.5,36.875,0.41,0.38,0.38,0.44,0.56,0.52,0.48,0.47,0.45,0.42,0.46,0.43,0.45
GWETROOT,2003,-0.5,37.5,0.51,0.47,0.47,0.52,0.64,0.59,0.54,0.54,0.53,0.51,0.55,0.53,0.53
GWETROOT,2003,-0.5,38.125,0.5,0.48,0.48,0.51,0.56,0.5,0.48,0.48,0.47,0.48,0.54,0.52,0.5
GWETROOT,2003,-0.5,38.75,0.45,0.44,0.44,0.47,0.51,0.45,0.44,0.44,0.43,0.44,0.5,0.47,0.46
GWETROOT,2003,-0.5,39.375,0.41,0.4,0.39,0.43,0.44,0.42,0.4,0.4,0.39,0.41,0.46,0.43,0.42
GWETROOT,2003,-0.5,40,0.47,0.45,0.44,0.48,0.51,0.48,0.46,0.44,0.44,0.45,0.52,0.49,0.47
GWETROOT,2003,-0.5,40.625,0.48,0.46,0.46,0.49,0.54,0.55,0.53,0.48,0.46,0.48,0.54,0.5,0.5
GWETROOT,2003,-0.5,41.25,0.49,0.47,0.47,0.5,0.55,0.56,0.53,0.49,0.47,0.49,0.55,0.5,0.51
GWETROOT,2003,-1,34.375,0.68,0.56,0.53,0.58,0.67,0.61,0.55,0.53,0.53,0.5,0.52,0.57,0.57
GWETROOT,2003,-1,35,0.7,0.61,0.57,0.63,0.75,0.72,0.65,0.62,0.6,0.57,0.58,0.6,0.63
GWETROOT,2003,-1,35.625,0.57,0.51,0.5,0.57,0.71,0.69,0.63,0.6,0.57,0.53,0.55,0.53,0.58
GWETROOT,2003,-1,36.25,0.45,0.4,0.38,0.45,0.64,0.64,0.57,0.52,0.49,0.44,0.45,0.42,0.49
GWETROOT,2003,-1,36.875,0.53,0.47,0.47,0.52,0.73,0.68,0.57,0.53,0.5,0.48,0.53,0.53,0.55
GWETROOT,2003,-1,37.5,0.53,0.48,0.48,0.53,0.71,0.66,0.58,0.54,0.51,0.49,0.54,0.54,0.55
GWETROOT,2003,-1,38.125,0.49,0.47,0.48,0.49,0.52,0.49,0.48,0.48,0.47,0.48,0.52,0.5,0.49
GWETROOT,2003,-1,38.75,0.48,0.47,0.47,0.49,0.52,0.47,0.47,0.47,0.47,0.48,0.51,0.49,0.48
GWETROOT,2003,-1,39.375,0.46,0.46,0.46,0.49,0.49,0.47,0.47,0.46,0.46,0.47,0.5,0.48,0.47
GWETROOT,2003,-1,40,0.55,0.54,0.54,0.57,0.59,0.57,0.55,0.54,0.54,0.56,0.61,0.57,0.56
GWETROOT,2003,-1,40.625,0.49,0.48,0.47,0.5,0.56,0.58,0.55,0.5,0.48,0.49,0.57,0.51,0.52
GWETROOT,2003,-1,41.25,0.49,0.47,0.47,0.49,0.54,0.57,0.55,0.5,0.48,0.49,0.56,0.51,0.51
GWETROOT,2003,-1.5,34.375,0.76,0.62,0.61,0.66,0.78,0.68,0.62,0.6,0.61,0.58,0.59,0.65,0.65
GWETROOT,2003,-1.5,35,0.71,0.59,0.57,0.65,0.85,0.75,0.64,0.59,0.58,0.55,0.57,0.6,0.64
GWETROOT,2003,-1.5,35.625,0.59,0.5,0.49,0.6,0.86,0.82,0.68,0.59,0.55,0.51,0.53,0.52,0.6
GWETROOT,2003,-1.5,36.25,0.46,0.4,0.4,0.46,0.72,0.65,0.52,0.46,0.43,0.4,0.42,0.41,0.48
GWETROOT,2003,-1.5,36.875,0.65,0.6,0.6,0.63,0.88,0.78,0.65,0.6,0.59,0.6,0.63,0.62,0.65
GWETROOT,2003,-1.5,37.5,0.53,0.47,0.46,0.49,0.7,0.61,0.52,0.47,0.46,0.46,0.52,0.52,0.52
GWETROOT,2003,-1.5,38.125,0.49,0.46,0.44,0.47,0.53,0.48,0.46,0.44,0.43,0.44,0.5,0.49,0.47
GWETROOT,2003,-1.5,38.75,0.48,0.47,0.48,0.49,0.51,0.48,0.47,0.47,0.47,0.48,0.51,0.49,0.48
GWETROOT,2003,-1.5,39.375,0.48,0.47,0.47,0.5,0.51,0.48,0.47,0.47,0.47,0.49,0.51,0.49,0.48
GWETROOT,2003,-1.5,40,0.55,0.54,0.54,0.57,0.59,0.58,0.56,0.54,0.54,0.56,0.61,0.56,0.56
GWETROOT,2003,-1.5,40.625,0.5,0.49,0.49,0.52,0.57,0.58,0.56,0.52,0.5,0.51,0.57,0.52,0.53
GWETROOT,2003,-1.5,41.25,0.49,0.47,0.47,0.49,0.55,0.58,0.56,0.51,0.48,0.49,0.56,0.51,0.51
GWETROOT,2003,-1.80E-13,34.375,0.62,0.49,0.46,0.57,0.72,0.66,0.61,0.59,0.57,0.53,0.53,0.56,0.58
GWETROOT,2003,-1.80E-13,35,0.66,0.55,0.52,0.63,0.77,0.76,0.73,0.72,0.7,0.66,0.67,0.66,0.67
GWETROOT,2003,-1.80E-13,35.625,0.53,0.46,0.45,0.54,0.66,0.66,0.64,0.65,0.63,0.59,0.6,0.57,0.58
GWETROOT,2003,-1.80E-13,36.25,0.48,0.44,0.43,0.5,0.6,0.56,0.53,0.55,0.53,0.49,0.5,0.48,0.51
GWETROOT,2003,-1.80E-13,36.875,0.43,0.39,0.38,0.45,0.59,0.54,0.48,0.5,0.47,0.43,0.45,0.43,0.46
GWETROOT,2003,-1.80E-13,37.5,0.48,0.43,0.41,0.48,0.64,0.59,0.53,0.53,0.51,0.47,0.51,0.5,0.51
GWETROOT,2003,-1.80E-13,38.125,0.46,0.43,0.42,0.45,0.53,0.46,0.43,0.42,0.41,0.42,0.49,0.48,0.45
GWETROOT,2003,-1.80E-13,38.75,0.4,0.37,0.36,0.4,0.44,0.39,0.37,0.36,0.35,0.37,0.43,0.42,0.39
GWETROOT,2003,-1.80E-13,39.375,0.37,0.34,0.34,0.38,0.41,0.38,0.35,0.34,0.33,0.35,0.4,0.39,0.37
GWETROOT,2003,-1.80E-13,40,0.41,0.37,0.35,0.4,0.44,0.42,0.39,0.36,0.35,0.36,0.42,0.42,0.39
GWETROOT,2003,-1.80E-13,40.625,0.41,0.39,0.39,0.45,0.49,0.49,0.45,0.42,0.4,0.4,0.45,0.44,0.43
GWETROOT,2003,-1.80E-13,41.25,0.43,0.42,0.42,0.49,0.52,0.51,0.47,0.44,0.43,0.43,0.48,0.46,0.46
GWETROOT,2003,-2,34.375,0.76,0.63,0.62,0.67,0.8,0.69,0.62,0.62,0.62,0.6,0.61,0.66,0.66
GWETROOT,2003,-2,35,0.72,0.59,0.58,0.67,0.87,0.75,0.63,0.58,0.57,0.56,0.58,0.6,0.64
GWETROOT,2003,-2,35.625,0.62,0.53,0.52,0.61,0.86,0.79,0.66,0.57,0.54,0.52,0.55,0.54,0.61
GWETROOT,2003,-2,36.25,0.41,0.37,0.36,0.39,0.6,0.5,0.41,0.37,0.36,0.36,0.37,0.36,0.41
GWETROOT,2003,-2,36.875,0.64,0.6,0.59,0.61,0.82,0.71,0.61,0.59,0.59,0.59,0.61,0.6,0.63
GWETROOT,2003,-2,37.5,0.55,0.5,0.49,0.51,0.68,0.59,0.51,0.49,0.49,0.49,0.53,0.52,0.53
GWETROOT,2003,-2,38.125,0.46,0.44,0.42,0.44,0.5,0.45,0.43,0.42,0.41,0.42,0.46,0.46,0.44
GWETROOT,2003,-2,38.75,0.5,0.49,0.49,0.51,0.53,0.5,0.49,0.49,0.49,0.5,0.53,0.51,0.5
GWETROOT,2003,-2,39.375,0.52,0.51,0.51,0.54,0.56,0.53,0.51,0.51,0.51,0.52,0.56,0.53,0.53
GWETROOT,2003,-2,40,0.48,0.47,0.47,0.5,0.53,0.51,0.49,0.47,0.47,0.49,0.53,0.49,0.49
GWETROOT,2003,-2,40.625,0.49,0.47,0.47,0.49,0.55,0.57,0.55,0.51,0.49,0.49,0.55,0.5,0.51
GWETROOT,2003,-2,41.25,0.4,0.38,0.37,0.4,0.47,0.48,0.46,0.42,0.4,0.39,0.43,0.41,0.42
GWETROOT,2003,-2.5,34.375,0.68,0.55,0.52,0.56,0.69,0.58,0.51,0.5,0.5,0.5,0.5,0.56,0.55
GWETROOT,2003,-2.5,35,0.7,0.56,0.51,0.57,0.75,0.63,0.53,0.48,0.48,0.48,0.49,0.52,0.56
GWETROOT,2003,-2.5,35.625,0.63,0.52,0.49,0.53,0.73,0.63,0.53,0.49,0.48,0.48,0.49,0.49,0.54
GWETROOT,2003,-2.5,36.25,0.5,0.46,0.44,0.45,0.58,0.51,0.46,0.44,0.43,0.43,0.44,0.43,0.46
GWETROOT,2003,-2.5,36.875,0.66,0.6,0.58,0.59,0.72,0.64,0.58,0.57,0.57,0.58,0.59,0.58,0.61
GWETROOT,2003,-2.5,37.5,0.62,0.55,0.54,0.55,0.69,0.61,0.55,0.54,0.54,0.54,0.56,0.55,0.57
GWETROOT,2003,-2.5,38.125,0.53,0.5,0.49,0.5,0.55,0.51,0.49,0.48,0.48,0.49,0.51,0.51,0.5
GWETROOT,2003,-2.5,38.75,0.53,0.52,0.52,0.54,0.57,0.53,0.52,0.51,0.52,0.52,0.54,0.53,0.53
GWETROOT,2003,-2.5,39.375,0.63,0.6,0.61,0.64,0.66,0.65,0.62,0.6,0.61,0.62,0.65,0.62,0.63
GWETROOT,2003,-2.5,40,0.41,0.39,0.39,0.42,0.45,0.45,0.43,0.4,0.41,0.41,0.45,0.42,0.42
GWETROOT,2003,-2.5,40.625,0.42,0.4,0.39,0.42,0.48,0.51,0.48,0.44,0.44,0.43,0.48,0.44,0.44
GWETROOT,2003,-2.5,41.25,,,,,,,,,,,,,
GWETROOT,2003,-3,34.375,0.7,0.56,0.51,0.52,0.65,0.54,0.47,0.46,0.46,0.47,0.47,0.55,0.53
GWETROOT,2003,-3,35,0.74,0.59,0.51,0.53,0.68,0.58,0.49,0.46,0.46,0.47,0.47,0.51,0.54
GWETROOT,2003,-3,35.625,0.74,0.6,0.53,0.53,0.7,0.63,0.55,0.5,0.47,0.47,0.47,0.48,0.56
GWETROOT,2003,-3,36.25,0.68,0.6,0.56,0.57,0.7,0.63,0.58,0.55,0.55,0.55,0.56,0.56,0.59
GWETROOT,2003,-3,36.875,0.74,0.64,0.59,0.59,0.73,0.68,0.63,0.58,0.58,0.58,0.58,0.58,0.63
GWETROOT,2003,-3,37.5,0.65,0.56,0.51,0.5,0.64,0.6,0.56,0.51,0.49,0.48,0.49,0.49,0.54
GWETROOT,2003,-3,38.125,0.54,0.5,0.48,0.49,0.53,0.51,0.49,0.48,0.48,0.47,0.49,0.48,0.49
GWETROOT,2003,-3,38.75,0.53,0.51,0.51,0.52,0.55,0.53,0.51,0.51,0.51,0.51,0.52,0.52,0.52
GWETROOT,2003,-3,39.375,0.62,0.6,0.61,0.63,0.65,0.65,0.62,0.6,0.62,0.61,0.64,0.61,0.62
GWETROOT,2003,-3,40,0.41,0.39,0.38,0.41,0.44,0.45,0.43,0.4,0.41,0.4,0.43,0.4,0.41
GWETROOT,2003,-3,40.625,0.42,0.39,0.38,0.42,0.47,0.53,0.49,0.44,0.45,0.44,0.49,0.44,0.45
GWETROOT,2003,-3,41.25,,,,,,,,,,,,,
GWETROOT,2003,-3.5,34.375,0.7,0.57,0.5,0.51,0.62,0.51,0.46,0.46,0.46,0.47,0.47,0.55,0.52
GWETROOT,2003,-3.5,35,0.67,0.56,0.5,0.51,0.61,0.53,0.48,0.46,0.46,0.47,0.47,0.5,0.52
GWETROOT,2003,-3.5,35.625,0.62,0.55,0.51,0.51,0.61,0.56,0.52,0.49,0.48,0.49,0.48,0.49,0.53
GWETROOT,2003,-3.5,36.25,0.62,0.54,0.5,0.5,0.63,0.56,0.51,0.48,0.48,0.49,0.49,0.49,0.52
GWETROOT,2003,-3.5,36.875,0.61,0.51,0.47,0.48,0.59,0.55,0.5,0.46,0.46,0.46,0.47,0.47,0.5
GWETROOT,2003,-3.5,37.5,0.53,0.49,0.47,0.48,0.54,0.52,0.49,0.47,0.46,0.46,0.47,0.47,0.49
GWETROOT,2003,-3.5,38.125,0.5,0.48,0.48,0.48,0.51,0.49,0.48,0.47,0.47,0.47,0.48,0.48,0.48
GWETROOT,2003,-3.5,38.75,0.52,0.5,0.5,0.51,0.54,0.52,0.5,0.49,0.49,0.49,0.5,0.49,0.5
GWETROOT,2003,-3.5,39.375,0.59,0.58,0.59,0.61,0.63,0.63,0.61,0.59,0.6,0.59,0.61,0.59,0.6
GWETROOT,2003,-3.5,40,0.5,0.48,0.48,0.51,0.53,0.53,0.51,0.49,0.49,0.48,0.5,0.49,0.5
GWETROOT,2003,-3.5,40.625,0.42,0.39,0.38,0.42,0.48,0.54,0.51,0.45,0.45,0.44,0.49,0.44,0.45
GWETROOT,2003,-3.5,41.25,,,,,,,,,,,,,
GWETROOT,2003,-4,34.375,0.64,0.55,0.5,0.5,0.56,0.48,0.46,0.46,0.46,0.46,0.47,0.53,0.51
GWETROOT,2003,-4,35,0.64,0.58,0.54,0.55,0.6,0.55,0.52,0.51,0.51,0.52,0.52,0.55,0.55
GWETROOT,2003,-4,35.625,0.61,0.56,0.53,0.53,0.6,0.56,0.53,0.51,0.5,0.5,0.5,0.51,0.54
GWETROOT,2003,-4,36.25,0.58,0.52,0.49,0.49,0.57,0.52,0.49,0.47,0.47,0.47,0.47,0.47,0.5
GWETROOT,2003,-4,36.875,0.56,0.51,0.48,0.48,0.55,0.51,0.48,0.47,0.46,0.47,0.47,0.47,0.49
GWETROOT,2003,-4,37.5,0.54,0.51,0.5,0.51,0.55,0.52,0.5,0.49,0.49,0.49,0.49,0.49,0.51
GWETROOT,2003,-4,38.125,0.56,0.55,0.55,0.55,0.58,0.56,0.55,0.54,0.54,0.54,0.55,0.54,0.55
GWETROOT,2003,-4,38.75,0.51,0.5,0.5,0.51,0.53,0.52,0.51,0.49,0.5,0.49,0.5,0.5,0.51
GWETROOT,2003,-4,39.375,0.46,0.44,0.45,0.47,0.49,0.49,0.47,0.46,0.46,0.45,0.46,0.45,0.46
GWETROOT,2003,-4,40,0.44,0.42,0.42,0.45,0.47,0.46,0.44,0.42,0.42,0.41,0.42,0.41,0.43
GWETROOT,2003,-4,40.625,,,,,,,,,,,,,
GWETROOT,2003,-4,41.25,,,,,,,,,,,,,
GWETROOT,2003,-4.5,34.375,0.53,0.47,0.44,0.44,0.47,0.42,0.41,0.4,0.4,0.4,0.41,0.46,0.44
GWETROOT,2003,-4.5,35,0.53,0.49,0.46,0.47,0.52,0.46,0.44,0.43,0.43,0.43,0.43,0.47,0.46
GWETROOT,2003,-4.5,35.625,0.51,0.47,0.45,0.45,0.51,0.46,0.44,0.42,0.42,0.42,0.41,0.43,0.45
GWETROOT,2003,-4.5,36.25,0.55,0.51,0.49,0.49,0.55,0.5,0.48,0.47,0.47,0.47,0.47,0.47,0.49
GWETROOT,2003,-4.5,36.875,0.54,0.51,0.49,0.49,0.54,0.5,0.48,0.47,0.47,0.48,0.47,0.47,0.49
GWETROOT,2003,-4.5,37.5,0.53,0.5,0.49,0.49,0.53,0.5,0.48,0.47,0.47,0.48,0.48,0.48,0.49
GWETROOT,2003,-4.5,38.125,0.63,0.6,0.6,0.61,0.63,0.63,0.61,0.6,0.59,0.59,0.6,0.59,0.61
GWETROOT,2003,-4.5,38.75,0.61,0.57,0.57,0.59,0.61,0.6,0.59,0.57,0.57,0.56,0.57,0.56,0.58
GWETROOT,2003,-4.5,39.375,0.44,0.41,0.41,0.45,0.47,0.46,0.44,0.42,0.42,0.41,0.42,0.41,0.43
GWETROOT,2003,-4.5,40,0.41,0.39,0.39,0.42,0.43,0.43,0.42,0.39,0.39,0.39,0.4,0.38,0.4
GWETROOT,2003,-4.5,40.625,,,,,,,,,,,,,
GWETROOT,2003,-4.5,41.25,,,,,,,,,,,,,
GWETROOT,2003,0.5,34.375,0.53,0.44,0.43,0.53,0.65,0.62,0.62,0.65,0.63,0.61,0.56,0.55,0.57
GWETROOT,2003,0.5,35,0.57,0.49,0.47,0.58,0.72,0.72,0.74,0.77,0.76,0.72,0.7,0.66,0.66
GWETROOT,2003,0.5,35.625,0.45,0.4,0.39,0.5,0.66,0.65,0.62,0.62,0.59,0.51,0.51,0.47,0.53
GWETROOT,2003,0.5,36.25,0.45,0.41,0.41,0.47,0.59,0.55,0.53,0.56,0.53,0.46,0.45,0.44,0.49
GWETROOT,2003,0.5,36.875,0.56,0.51,0.5,0.56,0.71,0.63,0.59,0.61,0.58,0.53,0.53,0.53,0.57
GWETROOT,2003,0.5,37.5,0.41,0.36,0.35,0.4,0.54,0.46,0.41,0.42,0.4,0.37,0.4,0.4,0.41
GWETROOT,2003,0.5,38.125,0.41,0.37,0.35,0.39,0.47,0.4,0.36,0.35,0.34,0.35,0.41,0.42,0.39
GWETROOT,2003,0.5,38.75,0.42,0.37,0.34,0.38,0.45,0.4,0.36,0.34,0.33,0.35,0.42,0.42,0.38
GWETROOT,2003,0.5,39.375,0.44,0.37,0.35,0.41,0.48,0.43,0.38,0.35,0.35,0.37,0.44,0.45,0.4
GWETROOT,2003,0.5,40,0.41,0.35,0.33,0.41,0.48,0.44,0.38,0.34,0.33,0.35,0.42,0.44,0.39
GWETROOT,2003,0.5,40.625,0.37,0.34,0.34,0.43,0.5,0.48,0.41,0.37,0.36,0.35,0.39,0.42,0.4
GWETROOT,2003,0.5,41.25,0.38,0.37,0.37,0.47,0.52,0.5,0.45,0.42,0.4,0.39,0.42,0.43,0.43
GWETROOT,2003,1,34.375,0.62,0.53,0.51,0.58,0.67,0.69,0.72,0.79,0.8,0.79,0.74,0.72,0.68
GWETROOT,2003,1,35,0.59,0.48,0.45,0.56,0.72,0.75,0.8,0.86,0.84,0.77,0.73,0.69,0.69
GWETROOT,2003,1,35.625,0.43,0.37,0.37,0.49,0.63,0.58,0.55,0.55,0.51,0.44,0.47,0.44,0.49
GWETROOT,2003,1,36.25,0.39,0.35,0.36,0.41,0.52,0.48,0.49,0.52,0.48,0.4,0.39,0.38,0.43
GWETROOT,2003,1,36.875,0.42,0.37,0.35,0.41,0.53,0.48,0.47,0.49,0.46,0.4,0.41,0.42,0.43
GWETROOT,2003,1,37.5,0.42,0.36,0.34,0.39,0.5,0.43,0.39,0.39,0.38,0.36,0.4,0.42,0.4
GWETROOT,2003,1,38.125,0.38,0.35,0.34,0.37,0.42,0.38,0.35,0.34,0.33,0.34,0.39,0.39,0.37
GWETROOT,2003,1,38.75,0.41,0.37,0.36,0.39,0.43,0.4,0.37,0.36,0.35,0.36,0.41,0.41,0.39
GWETROOT,2003,1,39.375,0.43,0.37,0.36,0.42,0.49,0.43,0.38,0.36,0.36,0.38,0.45,0.46,0.41
GWETROOT,2003,1,40,0.4,0.34,0.33,0.42,0.5,0.46,0.38,0.34,0.33,0.35,0.42,0.45,0.39
GWETROOT,2003,1,40.625,0.4,0.36,0.36,0.46,0.56,0.53,0.43,0.38,0.36,0.36,0.41,0.46,0.42
GWETROOT,2003,1,41.25,0.44,0.42,0.42,0.52,0.61,0.61,0.52,0.47,0.44,0.44,0.46,0.49,0.49
GWETROOT,2003,1.5,34.375,0.49,0.46,0.47,0.5,0.54,0.56,0.57,0.61,0.59,0.55,0.51,0.51,0.53
GWETROOT,2003,1.5,35,0.48,0.41,0.41,0.48,0.58,0.59,0.62,0.67,0.65,0.55,0.51,0.5,0.54
GWETROOT,2003,1.5,35.625,0.36,0.33,0.34,0.4,0.47,0.45,0.46,0.47,0.44,0.38,0.38,0.37,0.4
GWETROOT,2003,1.5,36.25,0.37,0.36,0.37,0.39,0.45,0.43,0.45,0.47,0.44,0.38,0.37,0.37,0.4
GWETROOT,2003,1.5,36.875,0.41,0.35,0.35,0.4,0.49,0.45,0.43,0.44,0.42,0.37,0.4,0.41,0.41
GWETROOT,2003,1.5,37.5,0.38,0.35,0.34,0.38,0.47,0.42,0.4,0.4,0.38,0.35,0.38,0.39,0.39
GWETROOT,2003,1.5,38.125,0.39,0.36,0.35,0.4,0.43,0.39,0.37,0.36,0.35,0.35,0.4,0.41,0.38
GWETROOT,2003,1.5,38.75,0.48,0.46,0.45,0.5,0.52,0.48,0.46,0.46,0.45,0.46,0.51,0.5,0.48
GWETROOT,2003,1.5,39.375,0.43,0.37,0.36,0.43,0.51,0.46,0.4,0.36,0.36,0.37,0.45,0.49,0.42
GWETROOT,2003,1.5,40,0.46,0.38,0.37,0.45,0.56,0.49,0.41,0.37,0.37,0.39,0.49,0.52,0.44
GWETROOT,2003,1.5,40.625,0.46,0.41,0.41,0.52,0.64,0.61,0.49,0.43,0.42,0.42,0.47,0.55,0.49
GWETROOT,2003,1.5,41.25,0.38,0.33,0.33,0.47,0.6,0.57,0.45,0.38,0.35,0.34,0.38,0.45,0.42
GWETROOT,2003,2,34.375,0.47,0.46,0.46,0.48,0.5,0.52,0.53,0.57,0.54,0.51,0.48,0.49,0.5
GWETROOT,2003,2,35,0.43,0.4,0.4,0.44,0.48,0.49,0.52,0.56,0.54,0.47,0.45,0.45,0.47
GWETROOT,2003,2,35.625,0.34,0.33,0.34,0.37,0.41,0.41,0.41,0.42,0.4,0.35,0.35,0.34,0.37
GWETROOT,2003,2,36.25,0.37,0.37,0.38,0.39,0.43,0.41,0.41,0.41,0.4,0.38,0.38,0.38,0.39
GWETROOT,2003,2,36.875,0.4,0.36,0.37,0.41,0.47,0.43,0.41,0.41,0.39,0.37,0.4,0.4,0.4
GWETROOT,2003,2,37.5,0.39,0.34,0.34,0.39,0.46,0.41,0.38,0.36,0.35,0.34,0.39,0.4,0.38
GWETROOT,2003,2,38.125,0.44,0.4,0.39,0.44,0.49,0.44,0.41,0.39,0.39,0.4,0.47,0.47,0.43
GWETROOT,2003,2,38.75,0.44,0.4,0.39,0.44,0.48,0.44,0.41,0.39,0.39,0.4,0.47,0.47,0.43
GWETROOT,2003,2,39.375,0.42,0.35,0.33,0.41,0.51,0.45,0.38,0.34,0.33,0.35,0.45,0.48,0.4
GWETROOT,2003,2,40,0.47,0.39,0.37,0.47,0.6,0.52,0.43,0.39,0.37,0.39,0.53,0.56,0.46
GWETROOT,2003,2,40.625,0.58,0.56,0.56,0.67,0.76,0.72,0.6,0.57,0.56,0.57,0.61,0.69,0.62
GWETROOT,2003,2,41.25,0.45,0.41,0.41,0.52,0.63,0.6,0.49,0.43,0.42,0.41,0.46,0.55,0.48
GWETROOT,2003,2.5,34.375,0.43,0.42,0.43,0.45,0.46,0.46,0.47,0.51,0.47,0.44,0.44,0.45,0.45
GWETROOT,2003,2.5,35,0.4,0.37,0.38,0.4,0.44,0.43,0.44,0.47,0.45,0.4,0.4,0.4,0.42
GWETROOT,2003,2.5,35.625,0.34,0.33,0.34,0.36,0.39,0.38,0.37,0.36,0.35,0.33,0.34,0.34,0.35
GWETROOT,2003,2.5,36.25,0.36,0.35,0.37,0.38,0.4,0.38,0.37,0.37,0.36,0.36,0.37,0.36,0.37
GWETROOT,2003,2.5,36.875,0.37,0.35,0.36,0.4,0.45,0.42,0.38,0.36,0.35,0.35,0.38,0.37,0.38
GWETROOT,2003,2.5,37.5,0.4,0.37,0.38,0.42,0.48,0.42,0.38,0.37,0.37,0.38,0.42,0.42,0.4
GWETROOT,2003,2.5,38.125,0.42,0.37,0.36,0.41,0.47,0.42,0.37,0.36,0.36,0.37,0.46,0.47,0.4
GWETROOT,2003,2.5,38.75,0.42,0.37,0.36,0.41,0.47,0.42,0.38,0.36,0.36,0.37,0.46,0.46,0.4
GWETROOT,2003,2.5,39.375,0.41,0.35,0.34,0.4,0.5,0.44,0.37,0.34,0.34,0.35,0.45,0.47,0.4
GWETROOT,2003,2.5,40,0.46,0.39,0.38,0.45,0.57,0.51,0.43,0.39,0.38,0.39,0.5,0.54,0.45
GWETROOT,2003,2.5,40.625,0.5,0.47,0.47,0.55,0.63,0.59,0.51,0.48,0.47,0.47,0.52,0.58,0.52
GWETROOT,2003,2.5,41.25,0.28,0.26,0.25,0.31,0.37,0.35,0.3,0.28,0.26,0.25,0.29,0.34,0.3
GWETROOT,2003,3,34.375,0.47,0.45,0.46,0.49,0.53,0.5,0.5,0.53,0.5,0.46,0.46,0.47,0.49
GWETROOT,2003,3,35,0.38,0.34,0.34,0.39,0.46,0.43,0.4,0.4,0.38,0.34,0.36,0.37,0.38
GWETROOT,2003,3,35.625,0.34,0.33,0.34,0.36,0.39,0.36,0.33,0.33,0.33,0.33,0.35,0.34,0.34
GWETROOT,2003,3,36.25,0.35,0.33,0.35,0.38,0.41,0.37,0.34,0.33,0.33,0.33,0.36,0.35,0.35
GWETROOT,2003,3,36.875,0.35,0.33,0.35,0.38,0.44,0.39,0.34,0.33,0.33,0.33,0.36,0.35,0.36
GWETROOT,2003,3,37.5,0.33,0.3,0.31,0.35,0.4,0.35,0.31,0.3,0.3,0.3,0.35,0.34,0.33
GWETROOT,2003,3,38.125,0.41,0.35,0.35,0.38,0.46,0.41,0.36,0.34,0.34,0.34,0.42,0.45,0.38
GWETROOT,2003,3,38.75,0.44,0.39,0.4,0.44,0.51,0.45,0.4,0.39,0.39,0.39,0.48,0.5,0.43
GWETROOT,2003,3,39.375,0.4,0.34,0.34,0.39,0.48,0.42,0.37,0.34,0.33,0.34,0.42,0.45,0.39
GWETROOT,2003,3,40,0.42,0.37,0.37,0.43,0.52,0.46,0.41,0.37,0.37,0.37,0.45,0.49,0.42
GWETROOT,2003,3,40.625,0.41,0.38,0.37,0.43,0.49,0.46,0.41,0.39,0.38,0.37,0.41,0.47,0.41
GWETROOT,2003,3,41.25,0.31,0.3,0.29,0.33,0.36,0.35,0.32,0.3,0.29,0.29,0.31,0.35,0.32
GWETROOT,2003,3.5,34.375,0.41,0.36,0.36,0.43,0.48,0.44,0.43,0.46,0.43,0.37,0.38,0.42,0.41
GWETROOT,2003,3.5,35,0.39,0.34,0.34,0.4,0.46,0.42,0.39,0.38,0.36,0.33,0.36,0.38,0.38
GWETROOT,2003,3.5,35.625,0.35,0.33,0.34,0.37,0.41,0.37,0.34,0.33,0.33,0.33,0.36,0.34,0.35
GWETROOT,2003,3.5,36.25,0.36,0.33,0.35,0.39,0.46,0.4,0.34,0.33,0.33,0.33,0.37,0.35,0.36
GWETROOT,2003,3.5,36.875,0.36,0.33,0.35,0.41,0.5,0.43,0.36,0.33,0.33,0.33,0.38,0.37,0.37
GWETROOT,2003,3.5,37.5,0.4,0.37,0.38,0.43,0.51,0.44,0.39,0.37,0.37,0.37,0.42,0.41,0.41
GWETROOT,2003,3.5,38.125,0.4,0.34,0.34,0.39,0.49,0.44,0.38,0.35,0.33,0.33,0.41,0.45,0.39
GWETROOT,2003,3.5,38.75,0.41,0.36,0.35,0.41,0.5,0.45,0.4,0.37,0.35,0.35,0.43,0.45,0.4
GWETROOT,2003,3.5,39.375,0.44,0.39,0.38,0.44,0.53,0.48,0.43,0.4,0.38,0.38,0.45,0.49,0.43
GWETROOT,2003,3.5,40,0.43,0.38,0.38,0.44,0.51,0.46,0.41,0.38,0.38,0.38,0.44,0.49,0.42
GWETROOT,2003,3.5,40.625,0.53,0.51,0.51,0.57,0.6,0.56,0.52,0.52,0.51,0.51,0.55,0.6,0.54
GWETROOT,2003,3.5,41.25,0.36,0.35,0.34,0.38,0.4,0.38,0.36,0.35,0.34,0.33,0.36,0.4,0.36
GWETROOT,2003,4,34.375,0.51,0.47,0.47,0.53,0.56,0.51,0.5,0.52,0.5,0.47,0.48,0.52,0.5
GWETROOT,2003,4,35,0.47,0.43,0.43,0.5,0.55,0.49,0.45,0.45,0.43,0.42,0.45,0.47,0.46
GWETROOT,2003,4,35.625,0.37,0.33,0.34,0.4,0.46,0.4,0.35,0.33,0.33,0.33,0.36,0.36,0.36
GWETROOT,2003,4,36.25,0.36,0.33,0.35,0.4,0.49,0.41,0.35,0.33,0.33,0.33,0.36,0.35,0.37
GWETROOT,2003,4,36.875,0.38,0.33,0.35,0.43,0.54,0.44,0.37,0.34,0.33,0.33,0.37,0.36,0.38
GWETROOT,2003,4,37.5,0.41,0.37,0.39,0.44,0.52,0.45,0.4,0.38,0.37,0.37,0.41,0.4,0.41
GWETROOT,2003,4,38.125,0.46,0.43,0.42,0.47,0.55,0.51,0.47,0.44,0.42,0.42,0.47,0.49,0.46
GWETROOT,2003,4,38.75,0.61,0.58,0.58,0.63,0.69,0.65,0.6,0.59,0.58,0.58,0.63,0.64,0.61
GWETROOT,2003,4,39.375,0.61,0.58,0.58,0.63,0.69,0.64,0.59,0.58,0.58,0.58,0.63,0.65,0.61
GWETROOT,2003,4,40,0.48,0.45,0.46,0.51,0.56,0.52,0.47,0.46,0.45,0.45,0.5,0.54,0.49
GWETROOT,2003,4,40.625,0.53,0.51,0.52,0.57,0.6,0.56,0.52,0.52,0.51,0.51,0.55,0.6,0.54
GWETROOT,2003,4,41.25,0.38,0.35,0.35,0.4,0.43,0.4,0.37,0.35,0.35,0.35,0.38,0.43,0.38
GWETROOT,2003,4.5,34.375,0.6,0.59,0.59,0.62,0.62,0.6,0.59,0.61,0.59,0.59,0.6,0.62,0.6
GWETROOT,2003,4.5,35,0.53,0.49,0.5,0.57,0.61,0.54,0.5,0.5,0.49,0.48,0.51,0.53,0.52
GWETROOT,2003,4.5,35.625,0.39,0.33,0.34,0.41,0.49,0.42,0.36,0.34,0.33,0.33,0.36,0.37,0.37
GWETROOT,2003,4.5,36.25,0.38,0.33,0.34,0.41,0.5,0.41,0.35,0.33,0.33,0.33,0.36,0.35,0.37
GWETROOT,2003,4.5,36.875,0.4,0.34,0.35,0.43,0.55,0.46,0.39,0.35,0.33,0.33,0.36,0.36,0.39
GWETROOT,2003,4.5,37.5,0.54,0.51,0.53,0.58,0.65,0.57,0.53,0.51,0.51,0.51,0.53,0.53,0.54
GWETROOT,2003,4.5,38.125,0.6,0.57,0.58,0.61,0.66,0.63,0.59,0.58,0.57,0.57,0.61,0.62,0.6
GWETROOT,2003,4.5,38.75,0.57,0.54,0.54,0.58,0.63,0.59,0.56,0.55,0.54,0.54,0.58,0.59,0.57
GWETROOT,2003,4.5,39.375,0.49,0.47,0.47,0.51,0.55,0.52,0.48,0.47,0.47,0.47,0.5,0.52,0.49
GWETROOT,2003,4.5,40,0.43,0.4,0.4,0.45,0.49,0.45,0.42,0.41,0.4,0.4,0.44,0.46,0.43
GWETROOT,2003,4.5,40.625,0.41,0.37,0.38,0.43,0.47,0.44,0.39,0.38,0.38,0.37,0.41,0.46,0.41
GWETROOT,2003,4.5,41.25,0.38,0.34,0.33,0.39,0.44,0.41,0.36,0.33,0.33,0.33,0.37,0.44,0.37
GWETROOT,2004,-0.5,34.375,0.65,0.6,0.62,0.69,0.77,0.65,0.55,0.54,0.55,0.55,0.59,0.65,0.62
GWETROOT,2004,-0.5,35,0.58,0.54,0.54,0.65,0.7,0.61,0.54,0.53,0.54,0.53,0.55,0.57,0.57
GWETROOT,2004,-0.5,35.625,0.48,0.46,0.45,0.54,0.55,0.5,0.47,0.47,0.47,0.46,0.47,0.46,0.48
GWETROOT,2004,-0.5,36.25,0.41,0.4,0.39,0.46,0.47,0.43,0.42,0.41,0.41,0.41,0.42,0.4,0.42
GWETROOT,2004,-0.5,36.875,0.41,0.39,0.38,0.45,0.47,0.42,0.4,0.39,0.39,0.4,0.42,0.4,0.41
GWETROOT,2004,-0.5,37.5,0.51,0.49,0.47,0.53,0.54,0.5,0.48,0.48,0.47,0.48,0.51,0.5,0.5
GWETROOT,2004,-0.5,38.125,0.51,0.49,0.48,0.5,0.49,0.47,0.47,0.47,0.47,0.48,0.51,0.51,0.49
GWETROOT,2004,-0.5,38.75,0.46,0.44,0.44,0.46,0.45,0.43,0.43,0.43,0.43,0.44,0.47,0.46,0.45
GWETROOT,2004,-0.5,39.375,0.41,0.4,0.39,0.43,0.4,0.4,0.39,0.39,0.39,0.4,0.43,0.42,0.4
GWETROOT,2004,-0.5,40,0.46,0.44,0.44,0.47,0.44,0.44,0.44,0.43,0.43,0.45,0.48,0.48,0.45
GWETROOT,2004,-0.5,40.625,0.47,0.46,0.46,0.47,0.46,0.48,0.47,0.46,0.45,0.47,0.51,0.5,0.47
GWETROOT,2004,-0.5,41.25,0.48,0.47,0.47,0.48,0.47,0.49,0.48,0.47,0.47,0.49,0.52,0.52,0.48
GWETROOT,2004,-1,34.375,0.56,0.54,0.54,0.56,0.58,0.52,0.49,0.49,0.5,0.5,0.53,0.58,0.53
GWETROOT,2004,-1,35,0.59,0.58,0.58,0.63,0.66,0.59,0.55,0.54,0.55,0.55,0.56,0.6,0.58
GWETROOT,2004,-1,35.625,0.51,0.51,0.51,0.59,0.62,0.56,0.52,0.5,0.51,0.5,0.5,0.51,0.53
GWETROOT,2004,-1,36.25,0.4,0.4,0.4,0.47,0.53,0.46,0.41,0.4,0.4,0.4,0.4,0.39,0.42
GWETROOT,2004,-1,36.875,0.51,0.5,0.48,0.53,0.56,0.5,0.47,0.46,0.46,0.47,0.49,0.51,0.49
GWETROOT,2004,-1,37.5,0.52,0.51,0.49,0.54,0.57,0.51,0.48,0.47,0.47,0.48,0.5,0.51,0.5
GWETROOT,2004,-1,38.125,0.5,0.48,0.48,0.5,0.48,0.47,0.47,0.47,0.47,0.48,0.49,0.5,0.48
GWETROOT,2004,-1,38.75,0.49,0.47,0.47,0.49,0.47,0.47,0.47,0.47,0.47,0.48,0.49,0.49,0.48
GWETROOT,2004,-1,39.375,0.47,0.46,0.46,0.48,0.46,0.46,0.46,0.46,0.46,0.47,0.48,0.48,0.47
GWETROOT,2004,-1,40,0.55,0.54,0.54,0.57,0.54,0.54,0.54,0.54,0.54,0.55,0.57,0.56,0.55
GWETROOT,2004,-1,40.625,0.48,0.47,0.47,0.49,0.47,0.5,0.48,0.47,0.47,0.48,0.53,0.52,0.49
GWETROOT,2004,-1,41.25,0.48,0.47,0.47,0.48,0.47,0.49,0.48,0.47,0.47,0.48,0.52,0.52,0.48
GWETROOT,2004,-1.5,34.375,0.64,0.61,0.62,0.63,0.67,0.6,0.58,0.58,0.59,0.59,0.61,0.67,0.62
GWETROOT,2004,-1.5,35,0.59,0.59,0.6,0.65,0.68,0.59,0.54,0.54,0.55,0.55,0.56,0.61,0.59
GWETROOT,2004,-1.5,35.625,0.5,0.51,0.53,0.61,0.66,0.56,0.5,0.47,0.48,0.47,0.48,0.51,0.52
GWETROOT,2004,-1.5,36.25,0.41,0.41,0.41,0.47,0.52,0.44,0.4,0.39,0.39,0.39,0.4,0.4,0.42
GWETROOT,2004,-1.5,36.875,0.61,0.61,0.6,0.65,0.67,0.6,0.59,0.59,0.59,0.59,0.61,0.61,0.61
GWETROOT,2004,-1.5,37.5,0.5,0.49,0.46,0.51,0.52,0.47,0.45,0.45,0.45,0.45,0.48,0.5,0.48
GWETROOT,2004,-1.5,38.125,0.48,0.47,0.44,0.48,0.46,0.44,0.43,0.42,0.42,0.43,0.45,0.47,0.45
GWETROOT,2004,-1.5,38.75,0.49,0.47,0.47,0.5,0.47,0.47,0.47,0.47,0.47,0.48,0.49,0.49,0.48
GWETROOT,2004,-1.5,39.375,0.48,0.47,0.47,0.5,0.47,0.47,0.47,0.47,0.47,0.48,0.49,0.49,0.48
GWETROOT,2004,-1.5,40,0.54,0.54,0.54,0.57,0.54,0.54,0.54,0.54,0.53,0.55,0.57,0.56,0.55
GWETROOT,2004,-1.5,40.625,0.49,0.49,0.48,0.5,0.49,0.51,0.5,0.49,0.48,0.5,0.53,0.52,0.5
GWETROOT,2004,-1.5,41.25,0.48,0.47,0.47,0.48,0.47,0.49,0.48,0.47,0.47,0.48,0.52,0.53,0.48
GWETROOT,2004,-1.80E-13,34.375,0.53,0.48,0.49,0.61,0.65,0.57,0.49,0.51,0.49,0.48,0.51,0.51,0.53
GWETROOT,2004,-1.80E-13,35,0.62,0.56,0.54,0.68,0.72,0.66,0.6,0.61,0.61,0.6,0.61,0.58,0.62
GWETROOT,2004,-1.80E-13,35.625,0.52,0.48,0.46,0.56,0.58,0.54,0.5,0.51,0.5,0.49,0.52,0.48,0.51
GWETROOT,2004,-1.80E-13,36.25,0.46,0.44,0.43,0.48,0.51,0.48,0.47,0.48,0.47,0.47,0.48,0.46,0.47
GWETROOT,2004,-1.80E-13,36.875,0.41,0.39,0.37,0.44,0.47,0.42,0.41,0.41,0.4,0.41,0.43,0.42,0.42
GWETROOT,2004,-1.80E-13,37.5,0.47,0.44,0.42,0.48,0.51,0.46,0.44,0.44,0.42,0.44,0.48,0.47,0.46
GWETROOT,2004,-1.80E-13,38.125,0.46,0.44,0.42,0.45,0.45,0.42,0.41,0.4,0.4,0.42,0.46,0.46,0.43
GWETROOT,2004,-1.80E-13,38.75,0.4,0.38,0.36,0.4,0.39,0.36,0.36,0.35,0.35,0.37,0.4,0.4,0.38
GWETROOT,2004,-1.80E-13,39.375,0.36,0.35,0.34,0.37,0.35,0.34,0.33,0.33,0.33,0.36,0.38,0.38,0.35
GWETROOT,2004,-1.80E-13,40,0.39,0.36,0.35,0.39,0.37,0.35,0.34,0.34,0.34,0.37,0.4,0.41,0.37
GWETROOT,2004,-1.80E-13,40.625,0.41,0.39,0.39,0.42,0.41,0.41,0.4,0.39,0.39,0.43,0.45,0.45,0.41
GWETROOT,2004,-1.80E-13,41.25,0.43,0.42,0.42,0.45,0.43,0.44,0.43,0.42,0.42,0.47,0.47,0.47,0.44
GWETROOT,2004,-2,34.375,0.64,0.62,0.63,0.65,0.66,0.61,0.6,0.61,0.61,0.61,0.63,0.68,0.63
GWETROOT,2004,-2,35,0.59,0.6,0.62,0.67,0.68,0.58,0.55,0.55,0.56,0.55,0.58,0.63,0.6
GWETROOT,2004,-2,35.625,0.53,0.55,0.56,0.64,0.66,0.57,0.51,0.49,0.5,0.5,0.52,0.55,0.55
GWETROOT,2004,-2,36.25,0.37,0.38,0.37,0.41,0.42,0.37,0.36,0.35,0.36,0.36,0.36,0.36,0.37
GWETROOT,2004,-2,36.875,0.61,0.61,0.59,0.63,0.63,0.59,0.58,0.58,0.59,0.59,0.6,0.6,0.6
GWETROOT,2004,-2,37.5,0.52,0.52,0.5,0.53,0.52,0.49,0.48,0.48,0.48,0.49,0.5,0.52,0.5
GWETROOT,2004,-2,38.125,0.46,0.45,0.42,0.45,0.43,0.41,0.41,0.4,0.39,0.41,0.42,0.44,0.42
GWETROOT,2004,-2,38.75,0.51,0.49,0.49,0.52,0.48,0.48,0.48,0.48,0.48,0.49,0.5,0.5,0.49
GWETROOT,2004,-2,39.375,0.52,0.51,0.5,0.55,0.51,0.51,0.51,0.5,0.5,0.52,0.53,0.53,0.52
GWETROOT,2004,-2,40,0.47,0.47,0.46,0.5,0.47,0.48,0.47,0.47,0.46,0.48,0.5,0.49,0.48
GWETROOT,2004,-2,40.625,0.48,0.47,0.46,0.49,0.47,0.49,0.48,0.47,0.46,0.48,0.51,0.51,0.48
GWETROOT,2004,-2,41.25,0.38,0.37,0.37,0.38,0.37,0.39,0.39,0.38,0.37,0.38,0.41,0.41,0.38
GWETROOT,2004,-2.5,34.375,0.55,0.55,0.56,0.59,0.56,0.5,0.49,0.49,0.5,0.49,0.53,0.62,0.54
GWETROOT,2004,-2.5,35,0.54,0.58,0.6,0.63,0.59,0.5,0.47,0.47,0.48,0.47,0.5,0.59,0.53
GWETROOT,2004,-2.5,35.625,0.52,0.57,0.58,0.61,0.58,0.5,0.47,0.47,0.48,0.47,0.49,0.53,0.52
GWETROOT,2004,-2.5,36.25,0.46,0.49,0.47,0.48,0.46,0.44,0.43,0.43,0.43,0.43,0.44,0.44,0.45
GWETROOT,2004,-2.5,36.875,0.62,0.64,0.61,0.62,0.59,0.57,0.57,0.57,0.57,0.58,0.59,0.59,0.59
GWETROOT,2004,-2.5,37.5,0.59,0.62,0.57,0.59,0.56,0.54,0.54,0.53,0.54,0.55,0.55,0.57,0.56
GWETROOT,2004,-2.5,38.125,0.54,0.53,0.5,0.53,0.49,0.48,0.48,0.48,0.48,0.5,0.5,0.53,0.5
GWETROOT,2004,-2.5,38.75,0.56,0.54,0.52,0.56,0.52,0.52,0.52,0.51,0.51,0.53,0.53,0.55,0.53
GWETROOT,2004,-2.5,39.375,0.63,0.61,0.6,0.66,0.61,0.61,0.61,0.6,0.6,0.63,0.64,0.64,0.62
GWETROOT,2004,-2.5,40,0.41,0.4,0.39,0.44,0.4,0.41,0.41,0.39,0.39,0.42,0.43,0.43,0.41
GWETROOT,2004,-2.5,40.625,0.41,0.4,0.39,0.42,0.41,0.43,0.43,0.41,0.4,0.44,0.46,0.45,0.42
GWETROOT,2004,-2.5,41.25,,,,,,,,,,,,,
GWETROOT,2004,-3,34.375,0.56,0.57,0.59,0.6,0.53,0.47,0.46,0.46,0.47,0.46,0.5,0.65,0.53
GWETROOT,2004,-3,35,0.54,0.61,0.64,0.65,0.58,0.49,0.46,0.46,0.47,0.46,0.49,0.61,0.54
GWETROOT,2004,-3,35.625,0.54,0.63,0.66,0.68,0.62,0.54,0.49,0.46,0.46,0.47,0.49,0.56,0.55
GWETROOT,2004,-3,36.25,0.6,0.64,0.63,0.64,0.6,0.56,0.55,0.55,0.55,0.55,0.56,0.58,0.58
GWETROOT,2004,-3,36.875,0.65,0.71,0.66,0.68,0.64,0.59,0.58,0.57,0.58,0.59,0.59,0.62,0.62
GWETROOT,2004,-3,37.5,0.56,0.62,0.58,0.59,0.56,0.52,0.49,0.48,0.48,0.49,0.5,0.53,0.53
GWETROOT,2004,-3,38.125,0.55,0.55,0.51,0.54,0.5,0.48,0.48,0.47,0.47,0.5,0.51,0.54,0.51
GWETROOT,2004,-3,38.75,0.58,0.55,0.52,0.56,0.51,0.51,0.51,0.51,0.51,0.54,0.53,0.56,0.53
GWETROOT,2004,-3,39.375,0.64,0.61,0.6,0.66,0.61,0.62,0.62,0.6,0.6,0.64,0.64,0.64,0.62
GWETROOT,2004,-3,40,0.42,0.4,0.38,0.44,0.4,0.42,0.41,0.39,0.38,0.42,0.43,0.43,0.41
GWETROOT,2004,-3,40.625,0.42,0.4,0.39,0.43,0.41,0.45,0.44,0.41,0.4,0.45,0.47,0.46,0.43
GWETROOT,2004,-3,41.25,,,,,,,,,,,,,
GWETROOT,2004,-3.5,34.375,0.57,0.58,0.58,0.58,0.5,0.46,0.46,0.46,0.47,0.46,0.49,0.64,0.52
GWETROOT,2004,-3.5,35,0.53,0.59,0.6,0.6,0.53,0.48,0.46,0.46,0.46,0.46,0.48,0.58,0.52
GWETROOT,2004,-3.5,35.625,0.53,0.58,0.59,0.61,0.56,0.52,0.5,0.48,0.48,0.48,0.49,0.53,0.53
GWETROOT,2004,-3.5,36.25,0.54,0.58,0.57,0.59,0.54,0.49,0.48,0.48,0.48,0.49,0.49,0.51,0.52
GWETROOT,2004,-3.5,36.875,0.52,0.56,0.53,0.57,0.52,0.47,0.46,0.46,0.46,0.47,0.47,0.48,0.5
GWETROOT,2004,-3.5,37.5,0.51,0.52,0.49,0.52,0.49,0.47,0.47,0.46,0.46,0.48,0.47,0.48,0.48
GWETROOT,2004,-3.5,38.125,0.52,0.51,0.48,0.52,0.48,0.48,0.48,0.47,0.47,0.5,0.49,0.51,0.49
GWETROOT,2004,-3.5,38.75,0.55,0.53,0.5,0.55,0.5,0.5,0.5,0.49,0.48,0.52,0.51,0.54,0.51
GWETROOT,2004,-3.5,39.375,0.61,0.59,0.58,0.64,0.59,0.61,0.6,0.58,0.58,0.62,0.61,0.62,0.6
GWETROOT,2004,-3.5,40,0.51,0.5,0.48,0.55,0.49,0.5,0.5,0.48,0.47,0.51,0.52,0.52,0.5
GWETROOT,2004,-3.5,40.625,0.42,0.4,0.39,0.43,0.41,0.46,0.45,0.41,0.39,0.45,0.48,0.47,0.43
GWETROOT,2004,-3.5,41.25,,,,,,,,,,,,,
GWETROOT,2004,-4,34.375,0.54,0.56,0.54,0.54,0.48,0.46,0.46,0.46,0.46,0.46,0.48,0.59,0.5
GWETROOT,2004,-4,35,0.57,0.62,0.61,0.6,0.55,0.52,0.51,0.51,0.51,0.51,0.53,0.6,0.55
GWETROOT,2004,-4,35.625,0.54,0.59,0.6,0.61,0.56,0.53,0.52,0.5,0.5,0.5,0.51,0.54,0.54
GWETROOT,2004,-4,36.25,0.51,0.54,0.54,0.55,0.51,0.48,0.47,0.47,0.47,0.47,0.48,0.49,0.5
GWETROOT,2004,-4,36.875,0.51,0.53,0.52,0.54,0.5,0.47,0.47,0.46,0.46,0.47,0.47,0.49,0.49
GWETROOT,2004,-4,37.5,0.54,0.54,0.52,0.55,0.51,0.5,0.49,0.49,0.49,0.5,0.5,0.51,0.51
GWETROOT,2004,-4,38.125,0.58,0.57,0.55,0.58,0.54,0.54,0.55,0.54,0.54,0.56,0.56,0.57,0.56
GWETROOT,2004,-4,38.75,0.53,0.52,0.5,0.55,0.5,0.5,0.51,0.49,0.49,0.52,0.52,0.53,0.51
GWETROOT,2004,-4,39.375,0.47,0.45,0.45,0.5,0.46,0.47,0.46,0.45,0.44,0.48,0.47,0.47,0.46
GWETROOT,2004,-4,40,0.45,0.43,0.42,0.52,0.43,0.43,0.43,0.41,0.4,0.44,0.44,0.46,0.44
GWETROOT,2004,-4,40.625,,,,,,,,,,,,,
GWETROOT,2004,-4,41.25,,,,,,,,,,,,,
GWETROOT,2004,-4.5,34.375,0.45,0.48,0.46,0.45,0.41,0.4,0.4,0.4,0.4,0.4,0.42,0.52,0.43
GWETROOT,2004,-4.5,35,0.48,0.53,0.51,0.52,0.46,0.45,0.44,0.43,0.43,0.43,0.45,0.51,0.47
GWETROOT,2004,-4.5,35.625,0.46,0.51,0.5,0.52,0.47,0.45,0.43,0.42,0.42,0.42,0.43,0.46,0.46
GWETROOT,2004,-4.5,36.25,0.51,0.53,0.52,0.53,0.49,0.48,0.47,0.47,0.47,0.47,0.48,0.5,0.49
GWETROOT,2004,-4.5,36.875,0.52,0.53,0.51,0.54,0.49,0.48,0.47,0.47,0.47,0.48,0.48,0.5,0.49
GWETROOT,2004,-4.5,37.5,0.52,0.53,0.51,0.54,0.49,0.48,0.48,0.47,0.47,0.48,0.49,0.51,0.5
GWETROOT,2004,-4.5,38.125,0.64,0.64,0.61,0.66,0.62,0.61,0.61,0.59,0.59,0.62,0.62,0.64,0.62
GWETROOT,2004,-4.5,38.75,0.6,0.61,0.58,0.65,0.59,0.58,0.58,0.56,0.56,0.59,0.6,0.62,0.59
GWETROOT,2004,-4.5,39.375,0.45,0.44,0.42,0.51,0.44,0.44,0.43,0.41,0.4,0.44,0.44,0.45,0.44
GWETROOT,2004,-4.5,40,0.41,0.42,0.4,0.48,0.41,0.41,0.4,0.39,0.38,0.4,0.41,0.42,0.41
GWETROOT,2004,-4.5,40.625,,,,,,,,,,,,,
GWETROOT,2004,-4.5,41.25,,,,,,,,,,,,,
GWETROOT,2004,0.5,34.375,0.49,0.45,0.45,0.58,0.58,0.56,0.5,0.57,0.53,0.51,0.51,0.46,0.52
GWETROOT,2004,0.5,35,0.59,0.52,0.5,0.62,0.63,0.61,0.57,0.62,0.59,0.57,0.59,0.53,0.58
GWETROOT,2004,0.5,35.625,0.44,0.4,0.4,0.5,0.52,0.47,0.45,0.47,0.45,0.45,0.48,0.44,0.46
GWETROOT,2004,0.5,36.25,0.42,0.41,0.41,0.45,0.49,0.46,0.45,0.5,0.47,0.45,0.47,0.44,0.45
GWETROOT,2004,0.5,36.875,0.52,0.51,0.5,0.54,0.58,0.54,0.53,0.57,0.53,0.53,0.56,0.55,0.54
GWETROOT,2004,0.5,37.5,0.38,0.36,0.35,0.4,0.43,0.38,0.36,0.37,0.35,0.36,0.4,0.4,0.38
GWETROOT,2004,0.5,38.125,0.4,0.37,0.35,0.39,0.4,0.36,0.34,0.33,0.33,0.35,0.4,0.41,0.37
GWETROOT,2004,0.5,38.75,0.4,0.37,0.35,0.39,0.39,0.35,0.34,0.33,0.33,0.35,0.4,0.41,0.37
GWETROOT,2004,0.5,39.375,0.4,0.37,0.35,0.41,0.4,0.36,0.35,0.35,0.35,0.39,0.44,0.44,0.38
GWETROOT,2004,0.5,40,0.38,0.35,0.33,0.39,0.4,0.35,0.33,0.33,0.33,0.39,0.44,0.44,0.37
GWETROOT,2004,0.5,40.625,0.37,0.34,0.34,0.39,0.4,0.37,0.35,0.34,0.34,0.41,0.43,0.44,0.38
GWETROOT,2004,0.5,41.25,0.39,0.37,0.37,0.42,0.4,0.4,0.38,0.37,0.37,0.44,0.43,0.44,0.4
GWETROOT,2004,1,34.375,0.67,0.6,0.56,0.65,0.68,0.68,0.66,0.72,0.72,0.7,0.7,0.65,0.67
GWETROOT,2004,1,35,0.6,0.51,0.49,0.6,0.65,0.61,0.58,0.68,0.65,0.62,0.64,0.57,0.6
GWETROOT,2004,1,35.625,0.4,0.37,0.38,0.49,0.53,0.45,0.43,0.48,0.44,0.43,0.48,0.44,0.44
GWETROOT,2004,1,36.25,0.36,0.36,0.36,0.4,0.45,0.41,0.4,0.48,0.42,0.39,0.42,0.4,0.4
GWETROOT,2004,1,36.875,0.39,0.38,0.36,0.41,0.45,0.41,0.4,0.46,0.41,0.4,0.44,0.43,0.41
GWETROOT,2004,1,37.5,0.39,0.37,0.35,0.4,0.43,0.38,0.35,0.36,0.34,0.35,0.41,0.42,0.38
GWETROOT,2004,1,38.125,0.37,0.35,0.34,0.38,0.38,0.35,0.34,0.33,0.33,0.34,0.38,0.38,0.36
GWETROOT,2004,1,38.75,0.39,0.37,0.36,0.4,0.39,0.36,0.35,0.35,0.35,0.37,0.41,0.41,0.38
GWETROOT,2004,1,39.375,0.41,0.38,0.36,0.43,0.42,0.37,0.36,0.36,0.36,0.4,0.45,0.45,0.4
GWETROOT,2004,1,40,0.38,0.34,0.33,0.4,0.41,0.35,0.33,0.33,0.33,0.4,0.46,0.46,0.38
GWETROOT,2004,1,40.625,0.39,0.36,0.35,0.42,0.43,0.39,0.36,0.35,0.35,0.44,0.47,0.48,0.4
GWETROOT,2004,1,41.25,0.44,0.42,0.42,0.47,0.47,0.45,0.43,0.42,0.42,0.49,0.5,0.52,0.45
GWETROOT,2004,1.5,34.375,0.49,0.47,0.47,0.52,0.53,0.53,0.52,0.57,0.54,0.52,0.52,0.49,0.51
GWETROOT,2004,1.5,35,0.46,0.42,0.42,0.51,0.55,0.51,0.5,0.59,0.54,0.5,0.52,0.48,0.5
GWETROOT,2004,1.5,35.625,0.35,0.33,0.34,0.4,0.43,0.38,0.37,0.41,0.37,0.36,0.39,0.36,0.37
GWETROOT,2004,1.5,36.25,0.36,0.36,0.36,0.38,0.4,0.37,0.37,0.42,0.38,0.37,0.38,0.37,0.38
GWETROOT,2004,1.5,36.875,0.39,0.37,0.36,0.41,0.44,0.39,0.37,0.4,0.36,0.35,0.4,0.41,0.39
GWETROOT,2004,1.5,37.5,0.37,0.36,0.34,0.39,0.42,0.37,0.35,0.37,0.35,0.34,0.38,0.39,0.37
GWETROOT,2004,1.5,38.125,0.39,0.37,0.36,0.41,0.41,0.37,0.35,0.35,0.34,0.36,0.39,0.39,0.37
GWETROOT,2004,1.5,38.75,0.48,0.46,0.46,0.51,0.49,0.46,0.46,0.45,0.45,0.47,0.5,0.49,0.47
GWETROOT,2004,1.5,39.375,0.42,0.38,0.36,0.43,0.43,0.38,0.36,0.36,0.35,0.41,0.47,0.47,0.4
GWETROOT,2004,1.5,40,0.44,0.39,0.37,0.46,0.47,0.4,0.37,0.37,0.37,0.42,0.5,0.51,0.42
GWETROOT,2004,1.5,40.625,0.46,0.41,0.41,0.48,0.49,0.44,0.42,0.41,0.41,0.51,0.55,0.57,0.46
GWETROOT,2004,1.5,41.25,0.38,0.33,0.33,0.4,0.43,0.39,0.36,0.33,0.33,0.43,0.46,0.5,0.39
GWETROOT,2004,2,34.375,0.47,0.46,0.47,0.49,0.5,0.49,0.49,0.54,0.5,0.49,0.49,0.47,0.49
GWETROOT,2004,2,35,0.42,0.4,0.41,0.46,0.49,0.46,0.44,0.51,0.47,0.44,0.46,0.43,0.45
GWETROOT,2004,2,35.625,0.33,0.33,0.33,0.38,0.4,0.36,0.34,0.37,0.34,0.33,0.35,0.34,0.35
GWETROOT,2004,2,36.25,0.37,0.37,0.37,0.39,0.4,0.37,0.38,0.39,0.37,0.37,0.38,0.38,0.38
GWETROOT,2004,2,36.875,0.39,0.38,0.37,0.42,0.43,0.39,0.37,0.38,0.36,0.36,0.39,0.4,0.39
GWETROOT,2004,2,37.5,0.38,0.36,0.34,0.41,0.43,0.37,0.34,0.35,0.33,0.34,0.38,0.39,0.37
GWETROOT,2004,2,38.125,0.44,0.41,0.4,0.47,0.47,0.42,0.4,0.39,0.38,0.4,0.45,0.45,0.42
GWETROOT,2004,2,38.75,0.44,0.41,0.4,0.47,0.47,0.42,0.4,0.39,0.38,0.4,0.45,0.45,0.42
GWETROOT,2004,2,39.375,0.41,0.36,0.34,0.43,0.43,0.37,0.34,0.33,0.33,0.38,0.46,0.46,0.39
GWETROOT,2004,2,40,0.46,0.41,0.38,0.49,0.5,0.43,0.38,0.37,0.37,0.43,0.52,0.53,0.44
GWETROOT,2004,2,40.625,0.58,0.56,0.56,0.62,0.62,0.58,0.56,0.56,0.55,0.64,0.66,0.69,0.6
GWETROOT,2004,2,41.25,0.45,0.41,0.4,0.46,0.48,0.44,0.42,0.41,0.4,0.49,0.52,0.55,0.45
GWETROOT,2004,2.5,34.375,0.43,0.42,0.43,0.46,0.46,0.44,0.44,0.49,0.45,0.45,0.45,0.44,0.45
GWETROOT,2004,2.5,35,0.38,0.37,0.37,0.42,0.45,0.41,0.39,0.43,0.4,0.39,0.41,0.39,0.4
GWETROOT,2004,2.5,35.625,0.33,0.33,0.33,0.38,0.4,0.35,0.34,0.34,0.33,0.33,0.36,0.34,0.35
GWETROOT,2004,2.5,36.25,0.36,0.36,0.36,0.39,0.39,0.36,0.36,0.36,0.36,0.36,0.38,0.37,0.37
GWETROOT,2004,2.5,36.875,0.36,0.35,0.35,0.41,0.42,0.37,0.35,0.35,0.35,0.35,0.39,0.39,0.37
GWETROOT,2004,2.5,37.5,0.39,0.38,0.38,0.45,0.45,0.39,0.37,0.37,0.37,0.38,0.42,0.42,0.4
GWETROOT,2004,2.5,38.125,0.41,0.38,0.37,0.46,0.46,0.39,0.36,0.36,0.35,0.38,0.43,0.44,0.4
GWETROOT,2004,2.5,38.75,0.41,0.38,0.36,0.45,0.44,0.39,0.36,0.36,0.36,0.38,0.44,0.43,0.4
GWETROOT,2004,2.5,39.375,0.4,0.35,0.34,0.44,0.43,0.37,0.34,0.33,0.33,0.37,0.45,0.45,0.38
GWETROOT,2004,2.5,40,0.44,0.39,0.38,0.47,0.48,0.42,0.39,0.37,0.37,0.42,0.51,0.5,0.43
GWETROOT,2004,2.5,40.625,0.5,0.47,0.47,0.51,0.51,0.48,0.47,0.46,0.46,0.52,0.56,0.56,0.5
GWETROOT,2004,2.5,41.25,0.29,0.26,0.25,0.28,0.28,0.27,0.26,0.25,0.24,0.29,0.31,0.33,0.28
GWETROOT,2004,3,34.375,0.46,0.45,0.45,0.5,0.52,0.47,0.46,0.52,0.48,0.48,0.48,0.47,0.48
GWETROOT,2004,3,35,0.34,0.33,0.33,0.4,0.45,0.38,0.35,0.39,0.36,0.36,0.39,0.38,0.37
GWETROOT,2004,3,35.625,0.33,0.33,0.33,0.37,0.39,0.34,0.33,0.33,0.33,0.33,0.38,0.36,0.35
GWETROOT,2004,3,36.25,0.34,0.34,0.34,0.39,0.39,0.34,0.33,0.33,0.33,0.34,0.4,0.37,0.35
GWETROOT,2004,3,36.875,0.34,0.33,0.34,0.4,0.41,0.35,0.33,0.33,0.33,0.33,0.4,0.38,0.36
GWETROOT,2004,3,37.5,0.31,0.31,0.31,0.37,0.36,0.31,0.3,0.3,0.3,0.31,0.36,0.35,0.32
GWETROOT,2004,3,38.125,0.39,0.36,0.35,0.43,0.43,0.36,0.34,0.34,0.34,0.36,0.42,0.42,0.38
GWETROOT,2004,3,38.75,0.42,0.4,0.39,0.47,0.46,0.41,0.39,0.39,0.39,0.41,0.47,0.46,0.42
GWETROOT,2004,3,39.375,0.37,0.34,0.33,0.42,0.41,0.36,0.33,0.33,0.33,0.36,0.44,0.42,0.37
GWETROOT,2004,3,40,0.41,0.38,0.37,0.44,0.44,0.39,0.37,0.37,0.36,0.41,0.47,0.46,0.41
GWETROOT,2004,3,40.625,0.41,0.39,0.37,0.41,0.4,0.39,0.38,0.37,0.36,0.4,0.45,0.44,0.4
GWETROOT,2004,3,41.25,0.31,0.3,0.29,0.31,0.3,0.3,0.29,0.28,0.28,0.31,0.34,0.33,0.3
GWETROOT,2004,3.5,34.375,0.39,0.35,0.35,0.43,0.48,0.41,0.37,0.45,0.42,0.41,0.43,0.42,0.41
GWETROOT,2004,3.5,35,0.35,0.33,0.33,0.41,0.46,0.38,0.34,0.37,0.35,0.35,0.41,0.4,0.37
GWETROOT,2004,3.5,35.625,0.33,0.33,0.33,0.39,0.41,0.34,0.33,0.33,0.33,0.33,0.4,0.38,0.35
GWETROOT,2004,3.5,36.25,0.34,0.33,0.34,0.41,0.42,0.35,0.33,0.33,0.33,0.34,0.41,0.39,0.36
GWETROOT,2004,3.5,36.875,0.34,0.33,0.34,0.42,0.43,0.36,0.33,0.33,0.33,0.34,0.43,0.4,0.36
GWETROOT,2004,3.5,37.5,0.38,0.38,0.38,0.45,0.45,0.39,0.37,0.37,0.37,0.38,0.46,0.42,0.4
GWETROOT,2004,3.5,38.125,0.39,0.35,0.34,0.42,0.43,0.37,0.34,0.33,0.33,0.36,0.43,0.42,0.38
GWETROOT,2004,3.5,38.75,0.39,0.36,0.35,0.44,0.44,0.38,0.36,0.35,0.35,0.38,0.45,0.42,0.39
GWETROOT,2004,3.5,39.375,0.42,0.39,0.38,0.47,0.46,0.41,0.38,0.38,0.37,0.41,0.49,0.45,0.42
GWETROOT,2004,3.5,40,0.41,0.38,0.38,0.45,0.44,0.39,0.38,0.38,0.38,0.42,0.48,0.45,0.41
GWETROOT,2004,3.5,40.625,0.53,0.52,0.51,0.55,0.53,0.52,0.51,0.51,0.51,0.55,0.58,0.55,0.53
GWETROOT,2004,3.5,41.25,0.36,0.34,0.34,0.36,0.35,0.34,0.34,0.33,0.33,0.36,0.39,0.38,0.35
GWETROOT,2004,4,34.375,0.49,0.46,0.46,0.53,0.56,0.5,0.47,0.53,0.5,0.49,0.53,0.52,0.5
GWETROOT,2004,4,35,0.44,0.42,0.43,0.51,0.55,0.46,0.43,0.45,0.43,0.43,0.52,0.5,0.46
GWETROOT,2004,4,35.625,0.34,0.33,0.34,0.42,0.45,0.37,0.33,0.33,0.33,0.34,0.45,0.42,0.37
GWETROOT,2004,4,36.25,0.33,0.33,0.34,0.42,0.43,0.35,0.33,0.33,0.33,0.34,0.44,0.4,0.36
GWETROOT,2004,4,36.875,0.34,0.33,0.34,0.42,0.44,0.37,0.33,0.33,0.33,0.34,0.45,0.41,0.37
GWETROOT,2004,4,37.5,0.38,0.37,0.37,0.45,0.45,0.39,0.37,0.37,0.37,0.38,0.46,0.43,0.4
GWETROOT,2004,4,38.125,0.45,0.43,0.42,0.48,0.48,0.45,0.43,0.42,0.42,0.45,0.5,0.47,0.45
GWETROOT,2004,4,38.75,0.59,0.59,0.59,0.64,0.63,0.59,0.58,0.58,0.58,0.61,0.65,0.62,0.6
GWETROOT,2004,4,39.375,0.59,0.58,0.58,0.64,0.62,0.58,0.58,0.58,0.58,0.61,0.66,0.63,0.6
GWETROOT,2004,4,40,0.47,0.46,0.45,0.51,0.49,0.46,0.45,0.45,0.45,0.5,0.55,0.51,0.48
GWETROOT,2004,4,40.625,0.53,0.52,0.51,0.55,0.54,0.52,0.52,0.51,0.51,0.56,0.6,0.56,0.54
GWETROOT,2004,4,41.25,0.38,0.35,0.35,0.38,0.37,0.35,0.35,0.35,0.35,0.39,0.42,0.41,0.37
GWETROOT,2004,4.5,34.375,0.59,0.58,0.58,0.62,0.62,0.59,0.59,0.61,0.6,0.59,0.62,0.61,0.6
GWETROOT,2004,4.5,35,0.5,0.48,0.49,0.57,0.59,0.51,0.49,0.5,0.49,0.5,0.59,0.55,0.52
GWETROOT,2004,4.5,35.625,0.34,0.33,0.34,0.43,0.46,0.37,0.33,0.33,0.33,0.35,0.48,0.44,0.38
GWETROOT,2004,4.5,36.25,0.33,0.33,0.33,0.43,0.44,0.36,0.33,0.33,0.33,0.34,0.45,0.41,0.37
GWETROOT,2004,4.5,36.875,0.34,0.33,0.33,0.44,0.45,0.38,0.34,0.33,0.33,0.35,0.45,0.41,0.37
GWETROOT,2004,4.5,37.5,0.51,0.51,0.51,0.58,0.57,0.52,0.51,0.51,0.51,0.52,0.58,0.54,0.53
GWETROOT,2004,4.5,38.125,0.58,0.58,0.58,0.61,0.6,0.58,0.57,0.57,0.57,0.6,0.63,0.61,0.59
GWETROOT,2004,4.5,38.75,0.55,0.55,0.54,0.58,0.57,0.55,0.54,0.54,0.54,0.56,0.6,0.58,0.56
GWETROOT,2004,4.5,39.375,0.48,0.47,0.47,0.51,0.5,0.47,0.47,0.47,0.47,0.5,0.54,0.51,0.49
GWETROOT,2004,4.5,40,0.42,0.4,0.4,0.44,0.43,0.41,0.4,0.4,0.4,0.43,0.48,0.45,0.42
GWETROOT,2004,4.5,40.625,0.4,0.38,0.37,0.42,0.4,0.38,0.38,0.37,0.37,0.43,0.47,0.43,0.4
GWETROOT,2004,4.5,41.25,0.38,0.34,0.33,0.37,0.37,0.34,0.33,0.33,0.33,0.39,0.45,0.42,0.37
GWETROOT,2005,-0.5,34.375,0.67,0.64,0.65,0.73,0.75,0.7,0.59,0.54,0.55,0.53,0.55,0.53,0.62
GWETROOT,2005,-0.5,35,0.56,0.53,0.56,0.61,0.65,0.64,0.57,0.55,0.54,0.51,0.53,0.49,0.56
GWETROOT,2005,-0.5,35.625,0.43,0.41,0.44,0.46,0.51,0.49,0.46,0.48,0.47,0.45,0.45,0.42,0.46
GWETROOT,2005,-0.5,36.25,0.37,0.36,0.39,0.41,0.44,0.43,0.41,0.43,0.42,0.41,0.4,0.37,0.4
GWETROOT,2005,-0.5,36.875,0.37,0.36,0.37,0.4,0.43,0.43,0.41,0.42,0.4,0.4,0.4,0.37,0.4
GWETROOT,2005,-0.5,37.5,0.47,0.46,0.47,0.49,0.51,0.51,0.49,0.5,0.49,0.48,0.48,0.46,0.48
GWETROOT,2005,-0.5,38.125,0.48,0.47,0.47,0.48,0.48,0.48,0.47,0.47,0.47,0.48,0.49,0.47,0.48
GWETROOT,2005,-0.5,38.75,0.44,0.43,0.44,0.44,0.45,0.44,0.43,0.43,0.43,0.44,0.45,0.43,0.44
GWETROOT,2005,-0.5,39.375,0.39,0.39,0.4,0.4,0.42,0.41,0.41,0.4,0.39,0.39,0.41,0.39,0.4
GWETROOT,2005,-0.5,40,0.44,0.43,0.44,0.44,0.47,0.46,0.46,0.44,0.43,0.44,0.45,0.43,0.44
GWETROOT,2005,-0.5,40.625,0.46,0.46,0.46,0.46,0.53,0.5,0.54,0.48,0.46,0.46,0.48,0.46,0.48
GWETROOT,2005,-0.5,41.25,0.47,0.47,0.48,0.47,0.55,0.51,0.55,0.49,0.47,0.47,0.5,0.47,0.49
GWETROOT,2005,-1,34.375,0.59,0.56,0.59,0.62,0.63,0.58,0.52,0.5,0.51,0.49,0.5,0.49,0.55
GWETROOT,2005,-1,35,0.6,0.58,0.61,0.65,0.67,0.65,0.59,0.57,0.57,0.54,0.55,0.53,0.59
GWETROOT,2005,-1,35.625,0.49,0.48,0.52,0.55,0.59,0.59,0.55,0.53,0.51,0.49,0.5,0.47,0.52
GWETROOT,2005,-1,36.25,0.37,0.35,0.39,0.44,0.5,0.52,0.47,0.45,0.43,0.4,0.4,0.37,0.42
GWETROOT,2005,-1,36.875,0.47,0.46,0.47,0.51,0.53,0.53,0.49,0.48,0.46,0.47,0.47,0.46,0.48
GWETROOT,2005,-1,37.5,0.48,0.47,0.48,0.51,0.54,0.54,0.51,0.5,0.48,0.48,0.48,0.47,0.5
GWETROOT,2005,-1,38.125,0.47,0.47,0.48,0.48,0.48,0.47,0.47,0.47,0.47,0.48,0.49,0.47,0.47
GWETROOT,2005,-1,38.75,0.47,0.47,0.47,0.47,0.48,0.47,0.47,0.47,0.47,0.47,0.48,0.47,0.47
GWETROOT,2005,-1,39.375,0.46,0.46,0.47,0.47,0.49,0.47,0.47,0.47,0.46,0.47,0.48,0.46,0.47
GWETROOT,2005,-1,40,0.53,0.53,0.54,0.54,0.58,0.55,0.56,0.54,0.53,0.54,0.55,0.53,0.54
GWETROOT,2005,-1,40.625,0.47,0.47,0.48,0.48,0.56,0.52,0.57,0.49,0.48,0.48,0.5,0.47,0.5
GWETROOT,2005,-1,41.25,0.47,0.47,0.48,0.47,0.56,0.53,0.58,0.5,0.48,0.47,0.5,0.47,0.5
GWETROOT,2005,-1.5,34.375,0.69,0.65,0.68,0.71,0.69,0.65,0.58,0.59,0.6,0.58,0.59,0.58,0.63
GWETROOT,2005,-1.5,35,0.63,0.6,0.63,0.68,0.67,0.65,0.57,0.55,0.55,0.54,0.55,0.54,0.6
GWETROOT,2005,-1.5,35.625,0.5,0.48,0.52,0.59,0.61,0.64,0.55,0.51,0.48,0.47,0.48,0.46,0.52
GWETROOT,2005,-1.5,36.25,0.39,0.39,0.42,0.48,0.5,0.52,0.45,0.42,0.4,0.39,0.39,0.38,0.43
GWETROOT,2005,-1.5,36.875,0.59,0.59,0.61,0.65,0.64,0.65,0.6,0.59,0.59,0.6,0.6,0.59,0.61
GWETROOT,2005,-1.5,37.5,0.46,0.45,0.46,0.49,0.49,0.5,0.46,0.45,0.45,0.45,0.47,0.45,0.46
GWETROOT,2005,-1.5,38.125,0.43,0.43,0.42,0.43,0.44,0.44,0.42,0.43,0.42,0.42,0.45,0.43,0.43
GWETROOT,2005,-1.5,38.75,0.47,0.47,0.48,0.48,0.48,0.47,0.47,0.47,0.47,0.48,0.48,0.47,0.47
GWETROOT,2005,-1.5,39.375,0.47,0.47,0.48,0.48,0.49,0.48,0.47,0.48,0.47,0.48,0.48,0.47,0.48
GWETROOT,2005,-1.5,40,0.53,0.53,0.54,0.54,0.59,0.56,0.57,0.55,0.54,0.54,0.56,0.53,0.55
GWETROOT,2005,-1.5,40.625,0.48,0.48,0.49,0.49,0.57,0.53,0.57,0.51,0.49,0.49,0.51,0.48,0.51
GWETROOT,2005,-1.5,41.25,0.47,0.47,0.48,0.47,0.56,0.54,0.58,0.51,0.48,0.47,0.49,0.47,0.5
GWETROOT,2005,-1.80E-13,34.375,0.5,0.47,0.5,0.54,0.56,0.52,0.48,0.46,0.46,0.43,0.45,0.4,0.48
GWETROOT,2005,-1.80E-13,35,0.55,0.52,0.55,0.57,0.63,0.62,0.58,0.59,0.58,0.55,0.56,0.49,0.57
GWETROOT,2005,-1.80E-13,35.625,0.45,0.43,0.45,0.46,0.52,0.52,0.49,0.52,0.51,0.49,0.48,0.44,0.48
GWETROOT,2005,-1.80E-13,36.25,0.43,0.42,0.43,0.45,0.49,0.48,0.47,0.5,0.5,0.47,0.46,0.43,0.46
GWETROOT,2005,-1.80E-13,36.875,0.39,0.37,0.37,0.4,0.44,0.43,0.41,0.43,0.43,0.4,0.4,0.37,0.4
GWETROOT,2005,-1.80E-13,37.5,0.43,0.41,0.4,0.43,0.47,0.47,0.44,0.46,0.45,0.44,0.44,0.42,0.44
GWETROOT,2005,-1.80E-13,38.125,0.43,0.42,0.41,0.41,0.43,0.43,0.41,0.41,0.4,0.41,0.43,0.42,0.42
GWETROOT,2005,-1.80E-13,38.75,0.37,0.36,0.35,0.36,0.38,0.37,0.36,0.35,0.35,0.36,0.38,0.36,0.36
GWETROOT,2005,-1.80E-13,39.375,0.34,0.33,0.33,0.34,0.37,0.36,0.35,0.34,0.33,0.34,0.35,0.33,0.34
GWETROOT,2005,-1.80E-13,40,0.37,0.34,0.34,0.35,0.39,0.39,0.38,0.36,0.34,0.34,0.36,0.34,0.36
GWETROOT,2005,-1.80E-13,40.625,0.4,0.39,0.39,0.4,0.44,0.42,0.43,0.4,0.39,0.39,0.41,0.39,0.4
GWETROOT,2005,-1.80E-13,41.25,0.42,0.42,0.42,0.43,0.47,0.44,0.46,0.42,0.42,0.42,0.44,0.42,0.43
GWETROOT,2005,-2,34.375,0.7,0.67,0.69,0.71,0.68,0.64,0.6,0.61,0.61,0.6,0.61,0.6,0.64
GWETROOT,2005,-2,35,0.65,0.62,0.64,0.7,0.67,0.64,0.57,0.55,0.56,0.56,0.56,0.55,0.61
GWETROOT,2005,-2,35.625,0.54,0.52,0.55,0.63,0.63,0.63,0.56,0.52,0.5,0.5,0.5,0.49,0.55
GWETROOT,2005,-2,36.25,0.36,0.36,0.39,0.44,0.42,0.41,0.37,0.36,0.36,0.35,0.36,0.35,0.38
GWETROOT,2005,-2,36.875,0.59,0.59,0.61,0.65,0.62,0.61,0.59,0.59,0.58,0.59,0.59,0.59,0.6
GWETROOT,2005,-2,37.5,0.49,0.49,0.5,0.53,0.51,0.51,0.49,0.49,0.48,0.49,0.5,0.49,0.5
GWETROOT,2005,-2,38.125,0.41,0.41,0.4,0.41,0.42,0.41,0.4,0.41,0.39,0.4,0.42,0.41,0.41
GWETROOT,2005,-2,38.75,0.48,0.48,0.49,0.49,0.5,0.49,0.48,0.49,0.48,0.49,0.5,0.48,0.49
GWETROOT,2005,-2,39.375,0.5,0.5,0.51,0.52,0.54,0.52,0.51,0.51,0.5,0.51,0.52,0.5,0.51
GWETROOT,2005,-2,40,0.46,0.46,0.47,0.48,0.52,0.49,0.5,0.48,0.47,0.47,0.48,0.46,0.48
GWETROOT,2005,-2,40.625,0.47,0.46,0.47,0.47,0.54,0.52,0.56,0.5,0.48,0.47,0.48,0.46,0.49
GWETROOT,2005,-2,41.25,0.38,0.37,0.38,0.38,0.44,0.43,0.46,0.42,0.39,0.38,0.39,0.37,0.4
GWETROOT,2005,-2.5,34.375,0.65,0.6,0.59,0.64,0.6,0.54,0.49,0.49,0.5,0.5,0.5,0.49,0.55
GWETROOT,2005,-2.5,35,0.61,0.6,0.6,0.69,0.63,0.57,0.49,0.47,0.47,0.48,0.48,0.47,0.55
GWETROOT,2005,-2.5,35.625,0.52,0.54,0.55,0.69,0.61,0.57,0.49,0.47,0.47,0.48,0.48,0.47,0.53
GWETROOT,2005,-2.5,36.25,0.44,0.45,0.47,0.56,0.51,0.48,0.45,0.43,0.43,0.43,0.43,0.43,0.46
GWETROOT,2005,-2.5,36.875,0.59,0.59,0.61,0.69,0.63,0.6,0.57,0.57,0.57,0.58,0.58,0.58,0.6
GWETROOT,2005,-2.5,37.5,0.55,0.56,0.57,0.65,0.59,0.56,0.54,0.54,0.54,0.54,0.55,0.54,0.56
GWETROOT,2005,-2.5,38.125,0.49,0.49,0.49,0.52,0.5,0.49,0.48,0.48,0.48,0.49,0.5,0.49,0.49
GWETROOT,2005,-2.5,38.75,0.52,0.52,0.52,0.55,0.53,0.52,0.51,0.52,0.51,0.52,0.53,0.52,0.52
GWETROOT,2005,-2.5,39.375,0.6,0.6,0.62,0.64,0.64,0.63,0.61,0.6,0.6,0.6,0.62,0.6,0.61
GWETROOT,2005,-2.5,40,0.39,0.39,0.4,0.42,0.44,0.42,0.42,0.4,0.39,0.39,0.41,0.39,0.41
GWETROOT,2005,-2.5,40.625,0.41,0.4,0.4,0.41,0.47,0.45,0.47,0.43,0.41,0.4,0.42,0.4,0.42
GWETROOT,2005,-2.5,41.25,,,,,,,,,,,,,
GWETROOT,2005,-3,34.375,0.69,0.62,0.6,0.66,0.59,0.51,0.46,0.46,0.46,0.47,0.47,0.46,0.54
GWETROOT,2005,-3,35,0.65,0.66,0.64,0.78,0.68,0.58,0.49,0.46,0.46,0.47,0.47,0.46,0.57
GWETROOT,2005,-3,35.625,0.59,0.65,0.64,0.84,0.77,0.68,0.58,0.51,0.48,0.47,0.47,0.47,0.6
GWETROOT,2005,-3,36.25,0.59,0.62,0.62,0.78,0.69,0.63,0.57,0.55,0.55,0.55,0.56,0.56,0.61
GWETROOT,2005,-3,36.875,0.61,0.64,0.64,0.83,0.75,0.69,0.61,0.58,0.59,0.58,0.58,0.58,0.64
GWETROOT,2005,-3,37.5,0.52,0.54,0.54,0.74,0.67,0.62,0.56,0.52,0.51,0.49,0.49,0.49,0.56
GWETROOT,2005,-3,38.125,0.5,0.5,0.5,0.55,0.52,0.51,0.48,0.48,0.47,0.48,0.49,0.49,0.5
GWETROOT,2005,-3,38.75,0.52,0.52,0.53,0.56,0.53,0.52,0.51,0.51,0.51,0.51,0.53,0.52,0.52
GWETROOT,2005,-3,39.375,0.6,0.6,0.62,0.66,0.65,0.63,0.61,0.6,0.6,0.6,0.62,0.6,0.62
GWETROOT,2005,-3,40,0.39,0.38,0.39,0.43,0.44,0.42,0.41,0.39,0.38,0.38,0.4,0.39,0.4
GWETROOT,2005,-3,40.625,0.41,0.39,0.39,0.42,0.48,0.46,0.45,0.42,0.4,0.39,0.42,0.4,0.42
GWETROOT,2005,-3,41.25,,,,,,,,,,,,,
GWETROOT,2005,-3.5,34.375,0.69,0.63,0.6,0.65,0.56,0.49,0.46,0.46,0.46,0.47,0.47,0.46,0.53
GWETROOT,2005,-3.5,35,0.62,0.64,0.62,0.73,0.62,0.54,0.49,0.46,0.46,0.47,0.47,0.46,0.55
GWETROOT,2005,-3.5,35.625,0.56,0.6,0.6,0.72,0.65,0.59,0.54,0.51,0.49,0.48,0.48,0.48,0.56
GWETROOT,2005,-3.5,36.25,0.51,0.55,0.55,0.73,0.63,0.56,0.5,0.48,0.49,0.48,0.49,0.49,0.54
GWETROOT,2005,-3.5,36.875,0.48,0.51,0.52,0.74,0.65,0.58,0.51,0.47,0.47,0.47,0.47,0.47,0.53
GWETROOT,2005,-3.5,37.5,0.48,0.48,0.5,0.62,0.57,0.54,0.49,0.47,0.47,0.47,0.47,0.46,0.5
GWETROOT,2005,-3.5,38.125,0.48,0.48,0.49,0.53,0.5,0.49,0.47,0.47,0.47,0.47,0.48,0.48,0.48
GWETROOT,2005,-3.5,38.75,0.5,0.5,0.51,0.56,0.52,0.51,0.49,0.49,0.49,0.49,0.5,0.49,0.5
GWETROOT,2005,-3.5,39.375,0.58,0.58,0.6,0.64,0.63,0.61,0.6,0.58,0.58,0.58,0.6,0.58,0.6
GWETROOT,2005,-3.5,40,0.49,0.48,0.5,0.55,0.54,0.51,0.49,0.48,0.47,0.47,0.49,0.48,0.5
GWETROOT,2005,-3.5,40.625,0.41,0.39,0.39,0.43,0.49,0.47,0.45,0.42,0.39,0.38,0.42,0.4,0.42
GWETROOT,2005,-3.5,41.25,,,,,,,,,,,,,
GWETROOT,2005,-4,34.375,0.63,0.59,0.56,0.58,0.52,0.48,0.46,0.46,0.46,0.46,0.47,0.46,0.51
GWETROOT,2005,-4,35,0.63,0.64,0.63,0.7,0.61,0.56,0.53,0.52,0.51,0.51,0.51,0.51,0.57
GWETROOT,2005,-4,35.625,0.57,0.61,0.61,0.71,0.64,0.59,0.56,0.53,0.51,0.5,0.5,0.5,0.57
GWETROOT,2005,-4,36.25,0.51,0.53,0.54,0.66,0.58,0.53,0.5,0.48,0.47,0.47,0.47,0.47,0.52
GWETROOT,2005,-4,36.875,0.49,0.51,0.52,0.65,0.58,0.54,0.5,0.47,0.47,0.47,0.47,0.47,0.51
GWETROOT,2005,-4,37.5,0.51,0.52,0.52,0.6,0.55,0.53,0.5,0.49,0.5,0.49,0.49,0.49,0.52
GWETROOT,2005,-4,38.125,0.55,0.55,0.56,0.59,0.56,0.55,0.54,0.54,0.54,0.54,0.55,0.54,0.55
GWETROOT,2005,-4,38.75,0.5,0.5,0.51,0.55,0.53,0.52,0.5,0.49,0.49,0.49,0.5,0.49,0.51
GWETROOT,2005,-4,39.375,0.45,0.45,0.46,0.5,0.5,0.47,0.46,0.45,0.45,0.45,0.46,0.44,0.46
GWETROOT,2005,-4,40,0.42,0.42,0.43,0.52,0.49,0.46,0.43,0.42,0.41,0.41,0.41,0.4,0.43
GWETROOT,2005,-4,40.625,,,,,,,,,,,,,
GWETROOT,2005,-4,41.25,,,,,,,,,,,,,
GWETROOT,2005,-4.5,34.375,0.53,0.48,0.47,0.48,0.43,0.42,0.41,0.4,0.4,0.4,0.41,0.4,0.44
GWETROOT,2005,-4.5,35,0.53,0.54,0.53,0.59,0.51,0.48,0.46,0.45,0.44,0.43,0.43,0.43,0.48
GWETROOT,2005,-4.5,35.625,0.5,0.53,0.53,0.62,0.54,0.5,0.47,0.45,0.44,0.42,0.42,0.42,0.49
GWETROOT,2005,-4.5,36.25,0.52,0.53,0.54,0.62,0.54,0.52,0.49,0.48,0.47,0.47,0.47,0.47,0.51
GWETROOT,2005,-4.5,36.875,0.51,0.52,0.53,0.62,0.55,0.52,0.5,0.48,0.48,0.48,0.47,0.47,0.51
GWETROOT,2005,-4.5,37.5,0.5,0.51,0.52,0.6,0.54,0.52,0.49,0.48,0.48,0.48,0.48,0.48,0.51
GWETROOT,2005,-4.5,38.125,0.61,0.61,0.61,0.67,0.64,0.63,0.6,0.59,0.59,0.59,0.6,0.59,0.61
GWETROOT,2005,-4.5,38.75,0.58,0.58,0.58,0.65,0.62,0.61,0.58,0.57,0.57,0.56,0.57,0.56,0.59
GWETROOT,2005,-4.5,39.375,0.42,0.42,0.43,0.51,0.48,0.46,0.44,0.42,0.41,0.41,0.41,0.41,0.43
GWETROOT,2005,-4.5,40,0.39,0.39,0.4,0.44,0.46,0.42,0.41,0.39,0.38,0.38,0.38,0.38,0.4
GWETROOT,2005,-4.5,40.625,,,,,,,,,,,,,
GWETROOT,2005,-4.5,41.25,,,,,,,,,,,,,
GWETROOT,2005,0.5,34.375,0.44,0.43,0.45,0.46,0.5,0.48,0.49,0.49,0.48,0.46,0.45,0.4,0.46
GWETROOT,2005,0.5,35,0.49,0.47,0.48,0.49,0.57,0.56,0.56,0.59,0.59,0.55,0.54,0.47,0.53
GWETROOT,2005,0.5,35.625,0.41,0.39,0.4,0.42,0.5,0.5,0.47,0.49,0.48,0.45,0.45,0.41,0.45
GWETROOT,2005,0.5,36.25,0.42,0.41,0.4,0.43,0.49,0.5,0.48,0.51,0.51,0.47,0.45,0.41,0.46
GWETROOT,2005,0.5,36.875,0.52,0.5,0.49,0.52,0.56,0.56,0.54,0.56,0.57,0.53,0.52,0.5,0.53
GWETROOT,2005,0.5,37.5,0.37,0.35,0.34,0.36,0.4,0.39,0.37,0.37,0.37,0.36,0.37,0.35,0.37
GWETROOT,2005,0.5,38.125,0.37,0.35,0.33,0.35,0.38,0.37,0.34,0.34,0.33,0.34,0.38,0.36,0.35
GWETROOT,2005,0.5,38.75,0.37,0.35,0.33,0.34,0.37,0.37,0.34,0.33,0.33,0.34,0.36,0.35,0.35
GWETROOT,2005,0.5,39.375,0.38,0.36,0.35,0.36,0.4,0.41,0.37,0.35,0.35,0.36,0.37,0.36,0.37
GWETROOT,2005,0.5,40,0.37,0.34,0.33,0.34,0.39,0.4,0.36,0.34,0.33,0.34,0.35,0.34,0.35
GWETROOT,2005,0.5,40.625,0.37,0.35,0.34,0.35,0.38,0.38,0.36,0.35,0.34,0.34,0.36,0.35,0.36
GWETROOT,2005,0.5,41.25,0.39,0.38,0.37,0.38,0.4,0.39,0.38,0.37,0.37,0.37,0.38,0.37,0.38
GWETROOT,2005,1,34.375,0.6,0.56,0.55,0.56,0.6,0.59,0.63,0.65,0.66,0.64,0.62,0.53,0.6
GWETROOT,2005,1,35,0.5,0.48,0.47,0.5,0.59,0.61,0.62,0.67,0.68,0.63,0.61,0.5,0.57
GWETROOT,2005,1,35.625,0.39,0.37,0.37,0.39,0.54,0.55,0.5,0.52,0.5,0.45,0.45,0.39,0.45
GWETROOT,2005,1,36.25,0.37,0.36,0.35,0.37,0.44,0.46,0.45,0.47,0.47,0.41,0.37,0.35,0.41
GWETROOT,2005,1,36.875,0.4,0.38,0.35,0.36,0.42,0.43,0.42,0.44,0.45,0.4,0.39,0.36,0.4
GWETROOT,2005,1,37.5,0.38,0.36,0.34,0.35,0.38,0.37,0.36,0.36,0.35,0.34,0.36,0.34,0.36
GWETROOT,2005,1,38.125,0.35,0.34,0.33,0.34,0.35,0.35,0.34,0.33,0.33,0.34,0.35,0.34,0.34
GWETROOT,2005,1,38.75,0.37,0.36,0.35,0.36,0.37,0.37,0.35,0.35,0.35,0.36,0.37,0.35,0.36
GWETROOT,2005,1,39.375,0.39,0.36,0.36,0.37,0.41,0.41,0.37,0.36,0.36,0.37,0.38,0.36,0.38
GWETROOT,2005,1,40,0.37,0.33,0.33,0.34,0.39,0.4,0.35,0.33,0.33,0.34,0.35,0.34,0.35
GWETROOT,2005,1,40.625,0.39,0.36,0.35,0.36,0.38,0.39,0.36,0.36,0.35,0.35,0.37,0.37,0.37
GWETROOT,2005,1,41.25,0.46,0.43,0.42,0.43,0.44,0.43,0.43,0.42,0.42,0.42,0.43,0.43,0.43
GWETROOT,2005,1.5,34.375,0.48,0.47,0.48,0.48,0.52,0.51,0.53,0.55,0.54,0.52,0.5,0.47,0.5
GWETROOT,2005,1.5,35,0.44,0.41,0.41,0.43,0.53,0.54,0.54,0.58,0.58,0.52,0.5,0.43,0.49
GWETROOT,2005,1.5,35.625,0.34,0.33,0.33,0.34,0.46,0.47,0.44,0.46,0.45,0.39,0.37,0.33,0.39
GWETROOT,2005,1.5,36.25,0.36,0.36,0.36,0.37,0.43,0.44,0.43,0.44,0.43,0.38,0.36,0.36,0.39
GWETROOT,2005,1.5,36.875,0.38,0.37,0.34,0.36,0.4,0.4,0.39,0.39,0.39,0.35,0.35,0.34,0.37
GWETROOT,2005,1.5,37.5,0.36,0.35,0.34,0.35,0.38,0.38,0.37,0.37,0.37,0.34,0.35,0.34,0.36
GWETROOT,2005,1.5,38.125,0.37,0.36,0.35,0.36,0.37,0.36,0.35,0.34,0.34,0.35,0.36,0.35,0.35
GWETROOT,2005,1.5,38.75,0.46,0.46,0.45,0.46,0.47,0.46,0.45,0.45,0.45,0.46,0.47,0.45,0.46
GWETROOT,2005,1.5,39.375,0.4,0.37,0.36,0.37,0.41,0.42,0.38,0.36,0.35,0.36,0.38,0.37,0.38
GWETROOT,2005,1.5,40,0.42,0.38,0.37,0.38,0.43,0.44,0.39,0.37,0.37,0.38,0.4,0.38,0.39
GWETROOT,2005,1.5,40.625,0.46,0.42,0.41,0.42,0.44,0.44,0.42,0.41,0.41,0.41,0.43,0.42,0.42
GWETROOT,2005,1.5,41.25,0.39,0.34,0.33,0.34,0.36,0.36,0.34,0.33,0.33,0.33,0.35,0.35,0.35
GWETROOT,2005,2,34.375,0.46,0.46,0.46,0.47,0.5,0.49,0.51,0.52,0.52,0.49,0.48,0.46,0.49
GWETROOT,2005,2,35,0.41,0.4,0.4,0.41,0.48,0.49,0.49,0.51,0.51,0.46,0.44,0.4,0.45
GWETROOT,2005,2,35.625,0.33,0.33,0.33,0.34,0.43,0.46,0.42,0.42,0.41,0.36,0.34,0.33,0.38
GWETROOT,2005,2,36.25,0.37,0.37,0.37,0.38,0.43,0.44,0.41,0.41,0.4,0.37,0.37,0.37,0.39
GWETROOT,2005,2,36.875,0.38,0.38,0.36,0.38,0.41,0.4,0.39,0.38,0.37,0.36,0.36,0.36,0.38
GWETROOT,2005,2,37.5,0.36,0.35,0.33,0.36,0.39,0.38,0.35,0.35,0.34,0.34,0.35,0.34,0.35
GWETROOT,2005,2,38.125,0.41,0.4,0.39,0.41,0.43,0.42,0.4,0.39,0.39,0.39,0.42,0.4,0.4
GWETROOT,2005,2,38.75,0.41,0.4,0.39,0.4,0.43,0.42,0.4,0.39,0.38,0.39,0.41,0.39,0.4
GWETROOT,2005,2,39.375,0.38,0.34,0.33,0.35,0.4,0.41,0.36,0.34,0.33,0.34,0.37,0.35,0.36
GWETROOT,2005,2,40,0.43,0.38,0.37,0.39,0.46,0.47,0.41,0.38,0.37,0.38,0.41,0.39,0.4
GWETROOT,2005,2,40.625,0.58,0.56,0.56,0.57,0.59,0.58,0.57,0.56,0.56,0.56,0.58,0.57,0.57
GWETROOT,2005,2,41.25,0.45,0.41,0.41,0.42,0.43,0.43,0.41,0.41,0.4,0.4,0.42,0.42,0.42
GWETROOT,2005,2.5,34.375,0.43,0.42,0.42,0.43,0.48,0.45,0.47,0.46,0.47,0.44,0.44,0.42,0.44
GWETROOT,2005,2.5,35,0.38,0.38,0.37,0.38,0.46,0.48,0.46,0.44,0.44,0.4,0.39,0.37,0.41
GWETROOT,2005,2.5,35.625,0.34,0.34,0.33,0.35,0.44,0.49,0.43,0.39,0.37,0.34,0.33,0.33,0.37
GWETROOT,2005,2.5,36.25,0.36,0.36,0.36,0.37,0.42,0.43,0.38,0.36,0.36,0.36,0.36,0.36,0.37
GWETROOT,2005,2.5,36.875,0.36,0.36,0.35,0.38,0.41,0.4,0.37,0.35,0.35,0.35,0.35,0.35,0.36
GWETROOT,2005,2.5,37.5,0.39,0.38,0.37,0.4,0.43,0.41,0.38,0.37,0.37,0.37,0.38,0.37,0.38
GWETROOT,2005,2.5,38.125,0.39,0.37,0.36,0.39,0.44,0.42,0.37,0.36,0.36,0.36,0.39,0.37,0.38
GWETROOT,2005,2.5,38.75,0.38,0.37,0.36,0.39,0.44,0.42,0.37,0.36,0.36,0.36,0.39,0.37,0.38
GWETROOT,2005,2.5,39.375,0.37,0.34,0.34,0.36,0.43,0.42,0.37,0.34,0.33,0.34,0.37,0.35,0.36
GWETROOT,2005,2.5,40,0.42,0.38,0.38,0.4,0.48,0.48,0.42,0.38,0.37,0.38,0.41,0.39,0.41
GWETROOT,2005,2.5,40.625,0.49,0.47,0.48,0.48,0.51,0.5,0.48,0.47,0.46,0.46,0.48,0.47,0.48
GWETROOT,2005,2.5,41.25,0.28,0.26,0.27,0.26,0.28,0.28,0.26,0.26,0.25,0.24,0.25,0.25,0.26
GWETROOT,2005,3,34.375,0.46,0.45,0.45,0.46,0.54,0.52,0.51,0.48,0.48,0.46,0.46,0.45,0.48
GWETROOT,2005,3,35,0.35,0.34,0.33,0.36,0.48,0.5,0.43,0.39,0.38,0.35,0.34,0.33,0.38
GWETROOT,2005,3,35.625,0.34,0.34,0.33,0.36,0.45,0.5,0.41,0.34,0.34,0.33,0.33,0.33,0.37
GWETROOT,2005,3,36.25,0.34,0.35,0.34,0.37,0.41,0.41,0.35,0.33,0.34,0.33,0.34,0.33,0.35
GWETROOT,2005,3,36.875,0.35,0.34,0.33,0.37,0.41,0.39,0.34,0.33,0.33,0.33,0.33,0.33,0.35
GWETROOT,2005,3,37.5,0.32,0.31,0.3,0.34,0.38,0.34,0.31,0.3,0.3,0.3,0.31,0.3,0.32
GWETROOT,2005,3,38.125,0.36,0.35,0.34,0.39,0.48,0.44,0.37,0.34,0.34,0.34,0.37,0.35,0.37
GWETROOT,2005,3,38.75,0.4,0.39,0.39,0.43,0.52,0.48,0.41,0.39,0.39,0.39,0.42,0.4,0.42
GWETROOT,2005,3,39.375,0.35,0.33,0.34,0.37,0.46,0.43,0.37,0.33,0.33,0.33,0.37,0.34,0.36
GWETROOT,2005,3,40,0.39,0.37,0.38,0.4,0.49,0.46,0.4,0.37,0.37,0.37,0.4,0.38,0.4
GWETROOT,2005,3,40.625,0.4,0.38,0.38,0.38,0.42,0.42,0.39,0.38,0.37,0.36,0.38,0.37,0.39
GWETROOT,2005,3,41.25,0.31,0.29,0.3,0.3,0.32,0.32,0.3,0.29,0.29,0.28,0.29,0.29,0.3
GWETROOT,2005,3.5,34.375,0.4,0.37,0.35,0.35,0.48,0.47,0.45,0.42,0.42,0.38,0.39,0.35,0.4
GWETROOT,2005,3.5,35,0.37,0.34,0.33,0.35,0.47,0.49,0.42,0.37,0.36,0.34,0.34,0.33,0.38
GWETROOT,2005,3.5,35.625,0.34,0.34,0.33,0.36,0.45,0.47,0.38,0.33,0.34,0.33,0.33,0.33,0.36
GWETROOT,2005,3.5,36.25,0.35,0.35,0.33,0.37,0.43,0.42,0.35,0.33,0.34,0.33,0.34,0.33,0.36
GWETROOT,2005,3.5,36.875,0.36,0.35,0.33,0.37,0.44,0.42,0.36,0.33,0.33,0.33,0.33,0.33,0.36
GWETROOT,2005,3.5,37.5,0.39,0.38,0.37,0.41,0.47,0.44,0.39,0.37,0.37,0.37,0.38,0.37,0.39
GWETROOT,2005,3.5,38.125,0.36,0.34,0.34,0.4,0.53,0.48,0.4,0.35,0.33,0.33,0.36,0.34,0.38
GWETROOT,2005,3.5,38.75,0.37,0.35,0.36,0.41,0.54,0.49,0.41,0.37,0.35,0.35,0.38,0.36,0.4
GWETROOT,2005,3.5,39.375,0.4,0.38,0.39,0.43,0.56,0.51,0.43,0.4,0.38,0.38,0.41,0.39,0.42
GWETROOT,2005,3.5,40,0.39,0.38,0.39,0.42,0.51,0.46,0.41,0.38,0.38,0.38,0.4,0.39,0.41
GWETROOT,2005,3.5,40.625,0.52,0.51,0.52,0.53,0.57,0.54,0.52,0.51,0.51,0.51,0.52,0.51,0.52
GWETROOT,2005,3.5,41.25,0.35,0.34,0.34,0.35,0.37,0.36,0.35,0.34,0.33,0.33,0.34,0.33,0.34
GWETROOT,2005,4,34.375,0.5,0.47,0.46,0.47,0.56,0.54,0.52,0.49,0.49,0.47,0.49,0.46,0.49
GWETROOT,2005,4,35,0.47,0.43,0.42,0.44,0.54,0.55,0.48,0.44,0.44,0.43,0.43,0.42,0.46
GWETROOT,2005,4,35.625,0.37,0.35,0.34,0.37,0.46,0.48,0.39,0.34,0.34,0.33,0.33,0.33,0.37
GWETROOT,2005,4,36.25,0.35,0.34,0.34,0.37,0.44,0.42,0.35,0.33,0.34,0.33,0.33,0.33,0.36
GWETROOT,2005,4,36.875,0.37,0.35,0.34,0.38,0.45,0.43,0.37,0.33,0.33,0.33,0.33,0.33,0.36
GWETROOT,2005,4,37.5,0.39,0.38,0.38,0.41,0.48,0.45,0.4,0.37,0.37,0.37,0.38,0.37,0.4
GWETROOT,2005,4,38.125,0.44,0.43,0.43,0.47,0.59,0.56,0.49,0.45,0.42,0.42,0.44,0.42,0.46
GWETROOT,2005,4,38.75,0.59,0.58,0.59,0.63,0.74,0.7,0.63,0.59,0.58,0.58,0.6,0.58,0.62
GWETROOT,2005,4,39.375,0.59,0.58,0.59,0.63,0.74,0.69,0.61,0.58,0.58,0.58,0.6,0.58,0.61
GWETROOT,2005,4,40,0.46,0.45,0.47,0.5,0.58,0.53,0.47,0.46,0.45,0.45,0.47,0.45,0.48
GWETROOT,2005,4,40.625,0.52,0.51,0.53,0.55,0.59,0.55,0.52,0.52,0.51,0.51,0.53,0.52,0.53
GWETROOT,2005,4,41.25,0.37,0.35,0.36,0.37,0.4,0.38,0.36,0.35,0.35,0.35,0.36,0.35,0.36
GWETROOT,2005,4.5,34.375,0.6,0.59,0.58,0.59,0.63,0.6,0.6,0.59,0.59,0.59,0.6,0.58,0.6
GWETROOT,2005,4.5,35,0.53,0.5,0.49,0.5,0.58,0.57,0.51,0.49,0.49,0.49,0.5,0.48,0.51
GWETROOT,2005,4.5,35.625,0.4,0.36,0.34,0.37,0.47,0.47,0.39,0.34,0.34,0.34,0.34,0.33,0.37
GWETROOT,2005,4.5,36.25,0.36,0.35,0.34,0.37,0.44,0.42,0.36,0.33,0.34,0.33,0.33,0.33,0.36
GWETROOT,2005,4.5,36.875,0.37,0.35,0.35,0.38,0.46,0.44,0.38,0.34,0.34,0.33,0.33,0.33,0.37
GWETROOT,2005,4.5,37.5,0.52,0.52,0.52,0.54,0.61,0.58,0.53,0.51,0.51,0.51,0.51,0.5,0.53
GWETROOT,2005,4.5,38.125,0.58,0.58,0.58,0.61,0.7,0.68,0.61,0.58,0.57,0.57,0.59,0.57,0.6
GWETROOT,2005,4.5,38.75,0.55,0.55,0.55,0.58,0.67,0.65,0.58,0.55,0.54,0.54,0.55,0.54,0.57
GWETROOT,2005,4.5,39.375,0.48,0.47,0.48,0.51,0.59,0.55,0.5,0.47,0.47,0.47,0.48,0.47,0.5
GWETROOT,2005,4.5,40,0.41,0.4,0.41,0.44,0.53,0.49,0.43,0.41,0.4,0.4,0.42,0.4,0.43
GWETROOT,2005,4.5,40.625,0.39,0.38,0.4,0.41,0.47,0.43,0.39,0.38,0.37,0.37,0.39,0.38,0.4
GWETROOT,2005,4.5,41.25,0.36,0.33,0.35,0.36,0.43,0.39,0.35,0.33,0.33,0.33,0.34,0.33,0.35
GWETROOT,2006,-0.5,34.375,0.52,0.53,0.59,0.73,0.79,0.73,0.61,0.55,0.53,0.56,0.76,0.93,0.65
GWETROOT,2006,-0.5,35,0.48,0.48,0.56,0.64,0.7,0.64,0.58,0.54,0.52,0.54,0.73,0.84,0.6
GWETROOT,2006,-0.5,35.625,0.41,0.39,0.45,0.5,0.53,0.48,0.47,0.47,0.46,0.46,0.58,0.61,0.48
GWETROOT,2006,-0.5,36.25,0.37,0.36,0.4,0.45,0.46,0.42,0.41,0.42,0.41,0.4,0.48,0.48,0.42
GWETROOT,2006,-0.5,36.875,0.36,0.35,0.39,0.44,0.47,0.41,0.4,0.41,0.4,0.4,0.48,0.47,0.42
GWETROOT,2006,-0.5,37.5,0.46,0.45,0.48,0.52,0.55,0.5,0.48,0.49,0.48,0.48,0.57,0.58,0.5
GWETROOT,2006,-0.5,38.125,0.47,0.47,0.48,0.51,0.51,0.48,0.47,0.47,0.47,0.49,0.59,0.59,0.5
GWETROOT,2006,-0.5,38.75,0.43,0.43,0.44,0.47,0.47,0.44,0.43,0.44,0.43,0.45,0.56,0.54,0.46
GWETROOT,2006,-0.5,39.375,0.39,0.39,0.4,0.45,0.44,0.41,0.4,0.4,0.4,0.42,0.52,0.51,0.43
GWETROOT,2006,-0.5,40,0.43,0.43,0.44,0.5,0.51,0.47,0.45,0.45,0.44,0.47,0.58,0.58,0.48
GWETROOT,2006,-0.5,40.625,0.46,0.45,0.46,0.52,0.53,0.54,0.5,0.49,0.47,0.5,0.6,0.58,0.51
GWETROOT,2006,-0.5,41.25,0.47,0.47,0.47,0.53,0.53,0.55,0.5,0.5,0.48,0.51,0.61,0.59,0.52
GWETROOT,2006,-1,34.375,0.49,0.51,0.55,0.6,0.61,0.56,0.51,0.49,0.49,0.5,0.64,0.87,0.57
GWETROOT,2006,-1,35,0.53,0.54,0.6,0.66,0.69,0.64,0.59,0.56,0.55,0.55,0.67,0.87,0.62
GWETROOT,2006,-1,35.625,0.48,0.47,0.53,0.61,0.67,0.61,0.56,0.53,0.52,0.51,0.61,0.71,0.57
GWETROOT,2006,-1,36.25,0.36,0.35,0.41,0.51,0.58,0.51,0.46,0.44,0.42,0.4,0.49,0.57,0.46
GWETROOT,2006,-1,36.875,0.46,0.46,0.5,0.56,0.6,0.52,0.48,0.47,0.46,0.47,0.59,0.62,0.52
GWETROOT,2006,-1,37.5,0.47,0.46,0.51,0.57,0.61,0.53,0.5,0.48,0.47,0.48,0.59,0.62,0.52
GWETROOT,2006,-1,38.125,0.47,0.47,0.48,0.5,0.51,0.48,0.47,0.47,0.47,0.49,0.55,0.55,0.49
GWETROOT,2006,-1,38.75,0.47,0.46,0.48,0.5,0.5,0.47,0.47,0.47,0.47,0.49,0.56,0.54,0.49
GWETROOT,2006,-1,39.375,0.46,0.46,0.47,0.5,0.49,0.47,0.47,0.47,0.47,0.48,0.53,0.52,0.48
GWETROOT,2006,-1,40,0.54,0.53,0.54,0.59,0.59,0.56,0.54,0.54,0.54,0.57,0.66,0.65,0.57
GWETROOT,2006,-1,40.625,0.47,0.47,0.47,0.54,0.56,0.57,0.52,0.51,0.49,0.52,0.62,0.6,0.53
GWETROOT,2006,-1,41.25,0.47,0.47,0.47,0.53,0.55,0.58,0.53,0.51,0.49,0.51,0.61,0.61,0.53
GWETROOT,2006,-1.5,34.375,0.59,0.63,0.66,0.71,0.69,0.62,0.58,0.58,0.58,0.58,0.71,0.95,0.66
GWETROOT,2006,-1.5,35,0.56,0.58,0.64,0.71,0.73,0.63,0.57,0.55,0.54,0.55,0.69,0.92,0.64
GWETROOT,2006,-1.5,35.625,0.49,0.47,0.56,0.68,0.76,0.64,0.55,0.51,0.48,0.47,0.62,0.79,0.59
GWETROOT,2006,-1.5,36.25,0.39,0.39,0.45,0.53,0.58,0.48,0.42,0.41,0.39,0.39,0.49,0.59,0.46
GWETROOT,2006,-1.5,36.875,0.59,0.59,0.64,0.69,0.73,0.62,0.59,0.59,0.59,0.6,0.7,0.75,0.64
GWETROOT,2006,-1.5,37.5,0.45,0.44,0.49,0.55,0.6,0.51,0.46,0.46,0.45,0.47,0.59,0.64,0.51
GWETROOT,2006,-1.5,38.125,0.42,0.42,0.45,0.48,0.52,0.47,0.45,0.44,0.43,0.45,0.56,0.59,0.47
GWETROOT,2006,-1.5,38.75,0.47,0.47,0.49,0.51,0.51,0.47,0.47,0.47,0.47,0.49,0.57,0.57,0.5
GWETROOT,2006,-1.5,39.375,0.47,0.47,0.48,0.52,0.52,0.48,0.47,0.47,0.47,0.5,0.57,0.57,0.5
GWETROOT,2006,-1.5,40,0.54,0.53,0.54,0.6,0.61,0.58,0.55,0.55,0.54,0.57,0.66,0.66,0.58
GWETROOT,2006,-1.5,40.625,0.49,0.48,0.48,0.55,0.58,0.59,0.54,0.53,0.51,0.53,0.62,0.61,0.54
GWETROOT,2006,-1.5,41.25,0.47,0.47,0.47,0.53,0.58,0.6,0.55,0.52,0.5,0.51,0.61,0.63,0.54
GWETROOT,2006,-1.80E-13,34.375,0.39,0.4,0.48,0.63,0.63,0.59,0.51,0.48,0.46,0.48,0.64,0.73,0.54
GWETROOT,2006,-1.80E-13,35,0.48,0.48,0.54,0.65,0.68,0.64,0.59,0.58,0.57,0.6,0.74,0.79,0.61
GWETROOT,2006,-1.80E-13,35.625,0.43,0.41,0.45,0.53,0.54,0.51,0.49,0.5,0.5,0.5,0.63,0.66,0.51
GWETROOT,2006,-1.80E-13,36.25,0.42,0.41,0.44,0.49,0.48,0.46,0.46,0.48,0.48,0.46,0.54,0.54,0.47
GWETROOT,2006,-1.80E-13,36.875,0.36,0.35,0.38,0.45,0.46,0.41,0.41,0.42,0.41,0.41,0.47,0.48,0.42
GWETROOT,2006,-1.80E-13,37.5,0.4,0.39,0.42,0.48,0.51,0.45,0.44,0.45,0.44,0.44,0.53,0.56,0.46
GWETROOT,2006,-1.80E-13,38.125,0.41,0.4,0.42,0.46,0.46,0.42,0.41,0.42,0.4,0.42,0.53,0.55,0.44
GWETROOT,2006,-1.80E-13,38.75,0.36,0.35,0.36,0.4,0.41,0.37,0.36,0.36,0.35,0.37,0.47,0.48,0.39
GWETROOT,2006,-1.80E-13,39.375,0.33,0.33,0.34,0.41,0.41,0.36,0.35,0.34,0.34,0.36,0.45,0.46,0.37
GWETROOT,2006,-1.80E-13,40,0.34,0.34,0.34,0.43,0.44,0.4,0.38,0.36,0.35,0.38,0.48,0.5,0.4
GWETROOT,2006,-1.80E-13,40.625,0.39,0.39,0.39,0.47,0.46,0.45,0.42,0.41,0.39,0.43,0.53,0.52,0.44
GWETROOT,2006,-1.80E-13,41.25,0.42,0.42,0.42,0.49,0.47,0.46,0.44,0.43,0.42,0.46,0.56,0.52,0.46
GWETROOT,2006,-2,34.375,0.61,0.65,0.69,0.72,0.69,0.62,0.6,0.6,0.6,0.6,0.7,0.94,0.67
GWETROOT,2006,-2,35,0.58,0.6,0.66,0.74,0.73,0.62,0.56,0.55,0.55,0.55,0.69,0.9,0.64
GWETROOT,2006,-2,35.625,0.52,0.5,0.58,0.7,0.74,0.63,0.55,0.52,0.5,0.5,0.64,0.79,0.6
GWETROOT,2006,-2,36.25,0.36,0.36,0.4,0.46,0.47,0.4,0.36,0.36,0.36,0.36,0.42,0.52,0.4
GWETROOT,2006,-2,36.875,0.59,0.59,0.63,0.68,0.7,0.61,0.59,0.59,0.58,0.59,0.67,0.75,0.63
GWETROOT,2006,-2,37.5,0.49,0.48,0.54,0.58,0.62,0.52,0.49,0.48,0.48,0.5,0.6,0.67,0.54
GWETROOT,2006,-2,38.125,0.4,0.39,0.43,0.47,0.5,0.45,0.42,0.42,0.41,0.43,0.53,0.58,0.45
GWETROOT,2006,-2,38.75,0.48,0.48,0.5,0.53,0.54,0.49,0.49,0.49,0.49,0.51,0.59,0.61,0.52
GWETROOT,2006,-2,39.375,0.5,0.5,0.52,0.57,0.58,0.53,0.51,0.51,0.51,0.54,0.63,0.64,0.55
GWETROOT,2006,-2,40,0.46,0.46,0.47,0.53,0.56,0.52,0.49,0.48,0.48,0.51,0.6,0.61,0.51
GWETROOT,2006,-2,40.625,0.47,0.46,0.47,0.53,0.58,0.59,0.54,0.52,0.5,0.52,0.6,0.61,0.53
GWETROOT,2006,-2,41.25,0.37,0.37,0.37,0.42,0.48,0.49,0.44,0.42,0.41,0.41,0.48,0.47,0.43
GWETROOT,2006,-2.5,34.375,0.5,0.56,0.63,0.66,0.61,0.52,0.49,0.49,0.49,0.49,0.58,0.84,0.57
GWETROOT,2006,-2.5,35,0.49,0.52,0.62,0.69,0.65,0.54,0.48,0.47,0.47,0.48,0.59,0.83,0.57
GWETROOT,2006,-2.5,35.625,0.49,0.48,0.57,0.65,0.63,0.53,0.48,0.47,0.47,0.48,0.57,0.72,0.55
GWETROOT,2006,-2.5,36.25,0.44,0.43,0.48,0.51,0.5,0.46,0.44,0.43,0.43,0.43,0.48,0.58,0.47
GWETROOT,2006,-2.5,36.875,0.58,0.58,0.64,0.66,0.66,0.59,0.57,0.57,0.57,0.58,0.63,0.74,0.61
GWETROOT,2006,-2.5,37.5,0.54,0.54,0.6,0.63,0.64,0.56,0.54,0.54,0.54,0.55,0.63,0.74,0.59
GWETROOT,2006,-2.5,38.125,0.48,0.48,0.51,0.54,0.56,0.51,0.49,0.48,0.48,0.51,0.59,0.66,0.52
GWETROOT,2006,-2.5,38.75,0.51,0.51,0.54,0.57,0.57,0.52,0.52,0.52,0.52,0.54,0.62,0.66,0.55
GWETROOT,2006,-2.5,39.375,0.6,0.6,0.62,0.67,0.7,0.64,0.62,0.61,0.61,0.66,0.72,0.76,0.65
GWETROOT,2006,-2.5,40,0.38,0.38,0.4,0.46,0.51,0.46,0.42,0.42,0.41,0.46,0.52,0.55,0.45
GWETROOT,2006,-2.5,40.625,0.39,0.39,0.4,0.45,0.53,0.52,0.47,0.45,0.44,0.47,0.53,0.54,0.47
GWETROOT,2006,-2.5,41.25,,,,,,,,,,,,,
GWETROOT,2006,-3,34.375,0.48,0.54,0.66,0.68,0.61,0.51,0.46,0.46,0.46,0.46,0.55,0.84,0.56
GWETROOT,2006,-3,35,0.49,0.52,0.65,0.71,0.64,0.53,0.47,0.46,0.46,0.47,0.55,0.81,0.56
GWETROOT,2006,-3,35.625,0.49,0.48,0.61,0.7,0.66,0.57,0.51,0.48,0.46,0.47,0.56,0.75,0.56
GWETROOT,2006,-3,36.25,0.56,0.56,0.64,0.66,0.64,0.58,0.55,0.55,0.55,0.56,0.6,0.73,0.6
GWETROOT,2006,-3,36.875,0.59,0.58,0.68,0.7,0.71,0.64,0.59,0.58,0.58,0.6,0.66,0.8,0.64
GWETROOT,2006,-3,37.5,0.49,0.48,0.57,0.6,0.62,0.56,0.52,0.49,0.48,0.5,0.57,0.72,0.55
GWETROOT,2006,-3,38.125,0.48,0.47,0.5,0.53,0.55,0.51,0.48,0.48,0.48,0.51,0.57,0.66,0.52
GWETROOT,2006,-3,38.75,0.51,0.51,0.53,0.56,0.56,0.52,0.51,0.51,0.51,0.55,0.6,0.66,0.54
GWETROOT,2006,-3,39.375,0.6,0.59,0.62,0.67,0.69,0.65,0.62,0.62,0.61,0.67,0.71,0.75,0.65
GWETROOT,2006,-3,40,0.38,0.37,0.39,0.45,0.5,0.46,0.42,0.41,0.41,0.46,0.5,0.55,0.44
GWETROOT,2006,-3,40.625,0.38,0.37,0.38,0.46,0.58,0.55,0.48,0.45,0.44,0.51,0.56,0.61,0.48
GWETROOT,2006,-3,41.25,,,,,,,,,,,,,
GWETROOT,2006,-3.5,34.375,0.48,0.54,0.64,0.64,0.57,0.49,0.46,0.46,0.46,0.46,0.54,0.81,0.55
GWETROOT,2006,-3.5,35,0.49,0.51,0.6,0.64,0.58,0.5,0.47,0.46,0.46,0.46,0.53,0.74,0.54
GWETROOT,2006,-3.5,35.625,0.5,0.49,0.57,0.61,0.58,0.53,0.5,0.48,0.48,0.49,0.53,0.66,0.54
GWETROOT,2006,-3.5,36.25,0.5,0.49,0.59,0.62,0.58,0.52,0.49,0.48,0.48,0.49,0.53,0.68,0.54
GWETROOT,2006,-3.5,36.875,0.47,0.47,0.58,0.6,0.59,0.52,0.48,0.46,0.46,0.48,0.53,0.66,0.53
GWETROOT,2006,-3.5,37.5,0.46,0.46,0.52,0.54,0.55,0.51,0.48,0.47,0.47,0.48,0.52,0.59,0.5
GWETROOT,2006,-3.5,38.125,0.47,0.47,0.5,0.52,0.52,0.49,0.48,0.47,0.48,0.51,0.54,0.61,0.51
GWETROOT,2006,-3.5,38.75,0.48,0.48,0.52,0.54,0.55,0.51,0.5,0.5,0.49,0.53,0.58,0.64,0.53
GWETROOT,2006,-3.5,39.375,0.58,0.58,0.6,0.64,0.67,0.63,0.6,0.6,0.6,0.64,0.67,0.7,0.63
GWETROOT,2006,-3.5,40,0.47,0.47,0.5,0.55,0.58,0.54,0.5,0.5,0.49,0.54,0.58,0.62,0.53
GWETROOT,2006,-3.5,40.625,0.38,0.37,0.38,0.46,0.59,0.57,0.49,0.46,0.44,0.51,0.56,0.62,0.49
GWETROOT,2006,-3.5,41.25,,,,,,,,,,,,,
GWETROOT,2006,-4,34.375,0.48,0.52,0.58,0.57,0.53,0.47,0.46,0.46,0.46,0.46,0.52,0.69,0.52
GWETROOT,2006,-4,35,0.54,0.54,0.61,0.62,0.58,0.53,0.52,0.51,0.51,0.51,0.56,0.7,0.56
GWETROOT,2006,-4,35.625,0.52,0.51,0.58,0.61,0.58,0.54,0.52,0.5,0.5,0.5,0.54,0.64,0.55
GWETROOT,2006,-4,36.25,0.48,0.48,0.56,0.58,0.55,0.5,0.48,0.47,0.47,0.48,0.51,0.62,0.52
GWETROOT,2006,-4,36.875,0.47,0.47,0.56,0.56,0.54,0.5,0.48,0.47,0.47,0.48,0.51,0.61,0.51
GWETROOT,2006,-4,37.5,0.49,0.49,0.56,0.55,0.54,0.51,0.5,0.49,0.49,0.51,0.54,0.61,0.52
GWETROOT,2006,-4,38.125,0.54,0.53,0.57,0.58,0.58,0.56,0.54,0.54,0.54,0.57,0.6,0.64,0.57
GWETROOT,2006,-4,38.75,0.49,0.49,0.53,0.55,0.56,0.53,0.51,0.5,0.5,0.53,0.57,0.6,0.53
GWETROOT,2006,-4,39.375,0.44,0.44,0.47,0.51,0.54,0.5,0.47,0.47,0.46,0.5,0.52,0.54,0.49
GWETROOT,2006,-4,40,0.4,0.39,0.44,0.51,0.54,0.48,0.44,0.44,0.43,0.48,0.53,0.57,0.47
GWETROOT,2006,-4,40.625,,,,,,,,,,,,,
GWETROOT,2006,-4,41.25,,,,,,,,,,,,,
GWETROOT,2006,-4.5,34.375,0.42,0.44,0.5,0.48,0.44,0.41,0.4,0.4,0.4,0.4,0.45,0.59,0.44
GWETROOT,2006,-4.5,35,0.45,0.46,0.53,0.54,0.49,0.46,0.44,0.43,0.43,0.43,0.48,0.58,0.48
GWETROOT,2006,-4.5,35.625,0.44,0.42,0.51,0.53,0.49,0.46,0.44,0.43,0.42,0.42,0.46,0.54,0.46
GWETROOT,2006,-4.5,36.25,0.48,0.47,0.57,0.56,0.52,0.49,0.48,0.47,0.47,0.48,0.5,0.6,0.51
GWETROOT,2006,-4.5,36.875,0.48,0.47,0.57,0.55,0.53,0.5,0.48,0.47,0.47,0.49,0.51,0.61,0.51
GWETROOT,2006,-4.5,37.5,0.48,0.47,0.56,0.55,0.53,0.51,0.49,0.48,0.48,0.5,0.53,0.61,0.52
GWETROOT,2006,-4.5,38.125,0.59,0.58,0.63,0.66,0.68,0.65,0.62,0.61,0.61,0.64,0.69,0.75,0.64
GWETROOT,2006,-4.5,38.75,0.56,0.55,0.6,0.65,0.68,0.64,0.61,0.59,0.58,0.62,0.68,0.73,0.62
GWETROOT,2006,-4.5,39.375,0.4,0.4,0.45,0.5,0.54,0.49,0.46,0.44,0.44,0.48,0.52,0.55,0.47
GWETROOT,2006,-4.5,40,0.38,0.37,0.42,0.46,0.5,0.46,0.42,0.42,0.41,0.44,0.48,0.49,0.44
GWETROOT,2006,-4.5,40.625,,,,,,,,,,,,,
GWETROOT,2006,-4.5,41.25,,,,,,,,,,,,,
GWETROOT,2006,0.5,34.375,0.39,0.39,0.45,0.55,0.52,0.5,0.48,0.47,0.48,0.48,0.59,0.6,0.49
GWETROOT,2006,0.5,35,0.45,0.44,0.48,0.58,0.57,0.56,0.54,0.55,0.56,0.57,0.68,0.71,0.56
GWETROOT,2006,0.5,35.625,0.38,0.37,0.41,0.49,0.49,0.46,0.44,0.47,0.47,0.48,0.58,0.6,0.47
GWETROOT,2006,0.5,36.25,0.4,0.4,0.41,0.47,0.45,0.44,0.45,0.5,0.49,0.47,0.52,0.52,0.46
GWETROOT,2006,0.5,36.875,0.49,0.49,0.51,0.57,0.55,0.52,0.53,0.56,0.55,0.53,0.59,0.61,0.54
GWETROOT,2006,0.5,37.5,0.34,0.34,0.36,0.41,0.41,0.37,0.36,0.38,0.36,0.37,0.45,0.47,0.39
GWETROOT,2006,0.5,38.125,0.34,0.34,0.35,0.39,0.41,0.36,0.34,0.35,0.34,0.36,0.46,0.47,0.38
GWETROOT,2006,0.5,38.75,0.33,0.33,0.34,0.41,0.43,0.37,0.34,0.34,0.33,0.36,0.46,0.49,0.38
GWETROOT,2006,0.5,39.375,0.35,0.35,0.35,0.48,0.49,0.41,0.37,0.35,0.35,0.39,0.51,0.53,0.41
GWETROOT,2006,0.5,40,0.33,0.33,0.34,0.47,0.47,0.4,0.35,0.34,0.34,0.38,0.52,0.52,0.4
GWETROOT,2006,0.5,40.625,0.34,0.34,0.34,0.45,0.43,0.39,0.36,0.35,0.34,0.4,0.53,0.5,0.4
GWETROOT,2006,0.5,41.25,0.37,0.37,0.37,0.46,0.42,0.4,0.39,0.38,0.37,0.42,0.53,0.49,0.41
GWETROOT,2006,1,34.375,0.49,0.48,0.52,0.58,0.57,0.57,0.57,0.58,0.59,0.58,0.64,0.65,0.57
GWETROOT,2006,1,35,0.45,0.42,0.46,0.56,0.56,0.55,0.53,0.56,0.56,0.56,0.67,0.72,0.55
GWETROOT,2006,1,35.625,0.36,0.36,0.39,0.48,0.48,0.45,0.43,0.46,0.47,0.47,0.56,0.55,0.46
GWETROOT,2006,1,36.25,0.35,0.35,0.36,0.41,0.4,0.38,0.4,0.45,0.45,0.41,0.44,0.45,0.4
GWETROOT,2006,1,36.875,0.34,0.34,0.36,0.42,0.42,0.39,0.4,0.44,0.42,0.4,0.46,0.48,0.41
GWETROOT,2006,1,37.5,0.33,0.33,0.36,0.41,0.41,0.36,0.35,0.36,0.34,0.36,0.46,0.49,0.38
GWETROOT,2006,1,38.125,0.33,0.33,0.34,0.38,0.38,0.34,0.33,0.34,0.33,0.35,0.42,0.43,0.36
GWETROOT,2006,1,38.75,0.35,0.35,0.36,0.41,0.42,0.38,0.36,0.36,0.35,0.38,0.45,0.47,0.39
GWETROOT,2006,1,39.375,0.36,0.36,0.36,0.48,0.48,0.41,0.37,0.36,0.36,0.4,0.53,0.54,0.42
GWETROOT,2006,1,40,0.33,0.33,0.33,0.49,0.47,0.38,0.34,0.33,0.33,0.39,0.58,0.55,0.4
GWETROOT,2006,1,40.625,0.36,0.36,0.36,0.5,0.46,0.4,0.36,0.36,0.36,0.43,0.64,0.59,0.43
GWETROOT,2006,1,41.25,0.42,0.42,0.42,0.54,0.5,0.46,0.43,0.43,0.42,0.49,0.65,0.63,0.48
GWETROOT,2006,1.5,34.375,0.46,0.46,0.48,0.49,0.49,0.5,0.5,0.51,0.51,0.5,0.53,0.52,0.5
GWETROOT,2006,1.5,35,0.4,0.4,0.43,0.47,0.47,0.47,0.47,0.51,0.51,0.5,0.56,0.57,0.48
GWETROOT,2006,1.5,35.625,0.33,0.33,0.34,0.39,0.38,0.36,0.36,0.39,0.4,0.39,0.44,0.45,0.38
GWETROOT,2006,1.5,36.25,0.36,0.36,0.37,0.38,0.37,0.37,0.37,0.41,0.4,0.38,0.4,0.41,0.38
GWETROOT,2006,1.5,36.875,0.34,0.34,0.36,0.42,0.42,0.39,0.37,0.38,0.36,0.36,0.43,0.47,0.39
GWETROOT,2006,1.5,37.5,0.33,0.33,0.35,0.4,0.39,0.36,0.34,0.36,0.35,0.35,0.42,0.45,0.37
GWETROOT,2006,1.5,38.125,0.34,0.34,0.35,0.4,0.39,0.36,0.35,0.35,0.34,0.37,0.44,0.45,0.37
GWETROOT,2006,1.5,38.75,0.45,0.45,0.46,0.5,0.49,0.46,0.46,0.46,0.45,0.48,0.54,0.55,0.48
GWETROOT,2006,1.5,39.375,0.36,0.36,0.36,0.5,0.49,0.41,0.37,0.36,0.36,0.41,0.57,0.58,0.43
GWETROOT,2006,1.5,40,0.37,0.37,0.37,0.54,0.54,0.44,0.38,0.37,0.37,0.43,0.62,0.63,0.45
GWETROOT,2006,1.5,40.625,0.41,0.41,0.41,0.59,0.54,0.46,0.42,0.41,0.41,0.5,0.78,0.75,0.51
GWETROOT,2006,1.5,41.25,0.33,0.33,0.33,0.5,0.45,0.39,0.35,0.34,0.33,0.44,0.74,0.69,0.44
GWETROOT,2006,2,34.375,0.46,0.46,0.47,0.47,0.47,0.47,0.48,0.49,0.48,0.48,0.49,0.49,0.48
GWETROOT,2006,2,35,0.4,0.4,0.41,0.42,0.42,0.42,0.43,0.46,0.46,0.44,0.47,0.5,0.44
GWETROOT,2006,2,35.625,0.33,0.33,0.34,0.35,0.34,0.34,0.34,0.38,0.37,0.35,0.38,0.42,0.36
GWETROOT,2006,2,36.25,0.37,0.37,0.38,0.39,0.37,0.37,0.38,0.41,0.38,0.38,0.39,0.42,0.38
GWETROOT,2006,2,36.875,0.36,0.36,0.37,0.43,0.42,0.39,0.37,0.39,0.37,0.37,0.42,0.46,0.39
GWETROOT,2006,2,37.5,0.33,0.33,0.35,0.41,0.41,0.36,0.34,0.36,0.34,0.35,0.43,0.47,0.37
GWETROOT,2006,2,38.125,0.39,0.39,0.39,0.46,0.45,0.41,0.39,0.4,0.39,0.41,0.5,0.52,0.43
GWETROOT,2006,2,38.75,0.39,0.38,0.39,0.46,0.46,0.42,0.4,0.4,0.39,0.41,0.5,0.52,0.43
GWETROOT,2006,2,39.375,0.33,0.33,0.34,0.49,0.48,0.4,0.35,0.34,0.33,0.39,0.56,0.56,0.41
GWETROOT,2006,2,40,0.37,0.37,0.38,0.57,0.57,0.46,0.4,0.38,0.37,0.44,0.65,0.66,0.47
GWETROOT,2006,2,40.625,0.56,0.56,0.56,0.73,0.66,0.58,0.56,0.56,0.56,0.64,0.9,0.84,0.64
GWETROOT,2006,2,41.25,0.41,0.4,0.41,0.57,0.51,0.44,0.41,0.41,0.41,0.5,0.78,0.72,0.5
GWETROOT,2006,2.5,34.375,0.42,0.42,0.43,0.43,0.43,0.44,0.45,0.46,0.44,0.44,0.46,0.45,0.44
GWETROOT,2006,2.5,35,0.37,0.37,0.38,0.39,0.39,0.39,0.4,0.45,0.43,0.41,0.44,0.47,0.41
GWETROOT,2006,2.5,35.625,0.33,0.33,0.34,0.35,0.34,0.34,0.35,0.42,0.39,0.35,0.39,0.45,0.37
GWETROOT,2006,2.5,36.25,0.36,0.36,0.37,0.39,0.37,0.36,0.37,0.43,0.38,0.37,0.39,0.44,0.38
GWETROOT,2006,2.5,36.875,0.35,0.35,0.36,0.42,0.41,0.37,0.36,0.41,0.37,0.36,0.42,0.47,0.39
GWETROOT,2006,2.5,37.5,0.37,0.37,0.39,0.46,0.44,0.39,0.37,0.41,0.37,0.38,0.46,0.51,0.41
GWETROOT,2006,2.5,38.125,0.36,0.36,0.37,0.46,0.46,0.39,0.36,0.37,0.36,0.39,0.5,0.52,0.41
GWETROOT,2006,2.5,38.75,0.36,0.36,0.36,0.46,0.46,0.4,0.37,0.37,0.36,0.39,0.5,0.51,0.41
GWETROOT,2006,2.5,39.375,0.34,0.34,0.34,0.5,0.5,0.41,0.36,0.35,0.34,0.39,0.54,0.54,0.41
GWETROOT,2006,2.5,40,0.37,0.37,0.38,0.57,0.56,0.46,0.41,0.4,0.38,0.44,0.63,0.61,0.47
GWETROOT,2006,2.5,40.625,0.46,0.46,0.47,0.61,0.58,0.5,0.48,0.48,0.47,0.54,0.76,0.71,0.54
GWETROOT,2006,2.5,41.25,0.25,0.24,0.24,0.35,0.33,0.28,0.27,0.26,0.25,0.32,0.47,0.42,0.31
GWETROOT,2006,3,34.375,0.44,0.45,0.46,0.47,0.47,0.47,0.5,0.54,0.5,0.47,0.5,0.5,0.48
GWETROOT,2006,3,35,0.33,0.34,0.35,0.38,0.39,0.38,0.4,0.49,0.43,0.38,0.43,0.48,0.4
GWETROOT,2006,3,35.625,0.33,0.33,0.34,0.37,0.36,0.34,0.36,0.46,0.39,0.35,0.4,0.47,0.38
GWETROOT,2006,3,36.25,0.33,0.34,0.35,0.41,0.38,0.34,0.35,0.43,0.36,0.35,0.41,0.49,0.38
GWETROOT,2006,3,36.875,0.33,0.33,0.35,0.43,0.4,0.35,0.34,0.41,0.36,0.35,0.42,0.5,0.38
GWETROOT,2006,3,37.5,0.3,0.3,0.32,0.4,0.38,0.32,0.31,0.34,0.31,0.32,0.39,0.44,0.34
GWETROOT,2006,3,38.125,0.34,0.35,0.36,0.47,0.47,0.4,0.36,0.36,0.35,0.37,0.48,0.52,0.4
GWETROOT,2006,3,38.75,0.39,0.39,0.4,0.53,0.53,0.44,0.41,0.41,0.4,0.43,0.54,0.55,0.45
GWETROOT,2006,3,39.375,0.33,0.33,0.34,0.51,0.5,0.4,0.36,0.36,0.34,0.39,0.52,0.51,0.41
GWETROOT,2006,3,40,0.37,0.37,0.38,0.54,0.53,0.43,0.4,0.4,0.38,0.43,0.58,0.55,0.45
GWETROOT,2006,3,40.625,0.36,0.36,0.37,0.49,0.49,0.42,0.4,0.39,0.38,0.44,0.58,0.55,0.44
GWETROOT,2006,3,41.25,0.28,0.28,0.28,0.36,0.36,0.32,0.31,0.3,0.3,0.34,0.42,0.39,0.33
GWETROOT,2006,3.5,34.375,0.34,0.34,0.36,0.4,0.42,0.41,0.45,0.5,0.44,0.4,0.45,0.49,0.42
GWETROOT,2006,3.5,35,0.33,0.33,0.35,0.41,0.42,0.39,0.41,0.46,0.4,0.37,0.43,0.5,0.4
GWETROOT,2006,3.5,35.625,0.33,0.34,0.35,0.42,0.4,0.36,0.36,0.42,0.36,0.35,0.42,0.5,0.38
GWETROOT,2006,3.5,36.25,0.33,0.34,0.35,0.46,0.42,0.36,0.35,0.41,0.35,0.35,0.41,0.51,0.39
GWETROOT,2006,3.5,36.875,0.33,0.33,0.35,0.48,0.47,0.4,0.36,0.4,0.35,0.35,0.43,0.51,0.4
GWETROOT,2006,3.5,37.5,0.37,0.37,0.39,0.5,0.47,0.41,0.39,0.43,0.39,0.4,0.46,0.52,0.43
GWETROOT,2006,3.5,38.125,0.33,0.34,0.35,0.49,0.51,0.43,0.39,0.39,0.35,0.38,0.47,0.5,0.41
GWETROOT,2006,3.5,38.75,0.35,0.35,0.36,0.51,0.51,0.43,0.4,0.41,0.38,0.41,0.51,0.5,0.43
GWETROOT,2006,3.5,39.375,0.38,0.38,0.39,0.55,0.55,0.46,0.43,0.44,0.42,0.46,0.57,0.55,0.47
GWETROOT,2006,3.5,40,0.38,0.38,0.39,0.53,0.52,0.43,0.41,0.41,0.39,0.44,0.58,0.54,0.45
GWETROOT,2006,3.5,40.625,0.51,0.51,0.52,0.61,0.6,0.53,0.52,0.52,0.52,0.57,0.69,0.64,0.56
GWETROOT,2006,3.5,41.25,0.33,0.33,0.33,0.41,0.4,0.37,0.35,0.35,0.34,0.39,0.47,0.45,0.38
GWETROOT,2006,4,34.375,0.45,0.45,0.48,0.52,0.53,0.51,0.52,0.54,0.5,0.49,0.54,0.59,0.51
GWETROOT,2006,4,35,0.42,0.43,0.45,0.52,0.53,0.48,0.48,0.51,0.46,0.45,0.53,0.61,0.49
GWETROOT,2006,4,35.625,0.33,0.34,0.36,0.46,0.45,0.39,0.38,0.42,0.36,0.36,0.45,0.56,0.41
GWETROOT,2006,4,36.25,0.33,0.34,0.35,0.47,0.45,0.38,0.35,0.4,0.34,0.35,0.42,0.53,0.39
GWETROOT,2006,4,36.875,0.33,0.33,0.36,0.5,0.48,0.4,0.37,0.4,0.36,0.36,0.42,0.5,0.4
GWETROOT,2006,4,37.5,0.37,0.37,0.39,0.5,0.48,0.42,0.4,0.43,0.39,0.4,0.44,0.5,0.42
GWETROOT,2006,4,38.125,0.42,0.42,0.43,0.52,0.54,0.48,0.46,0.48,0.45,0.48,0.54,0.53,0.48
GWETROOT,2006,4,38.75,0.58,0.58,0.59,0.68,0.68,0.62,0.6,0.61,0.59,0.62,0.68,0.67,0.63
GWETROOT,2006,4,39.375,0.58,0.58,0.59,0.68,0.68,0.61,0.59,0.6,0.59,0.63,0.72,0.7,0.63
GWETROOT,2006,4,40,0.45,0.45,0.46,0.57,0.57,0.49,0.47,0.47,0.46,0.51,0.63,0.6,0.51
GWETROOT,2006,4,40.625,0.51,0.51,0.53,0.61,0.6,0.54,0.52,0.52,0.52,0.58,0.68,0.65,0.56
GWETROOT,2006,4,41.25,0.35,0.35,0.36,0.44,0.43,0.38,0.36,0.35,0.35,0.4,0.5,0.48,0.4
GWETROOT,2006,4.5,34.375,0.58,0.58,0.6,0.62,0.62,0.6,0.6,0.61,0.59,0.6,0.63,0.63,0.61
GWETROOT,2006,4.5,35,0.48,0.49,0.51,0.59,0.6,0.54,0.53,0.55,0.51,0.51,0.6,0.69,0.55
GWETROOT,2006,4.5,35.625,0.33,0.34,0.37,0.49,0.49,0.42,0.4,0.43,0.37,0.37,0.47,0.59,0.42
GWETROOT,2006,4.5,36.25,0.33,0.34,0.37,0.48,0.47,0.39,0.37,0.4,0.35,0.35,0.42,0.54,0.4
GWETROOT,2006,4.5,36.875,0.33,0.34,0.37,0.51,0.49,0.42,0.4,0.42,0.37,0.36,0.41,0.5,0.41
GWETROOT,2006,4.5,37.5,0.5,0.51,0.53,0.62,0.6,0.54,0.54,0.56,0.52,0.53,0.56,0.6,0.55
GWETROOT,2006,4.5,38.125,0.57,0.58,0.58,0.65,0.65,0.6,0.59,0.6,0.58,0.61,0.66,0.65,0.61
GWETROOT,2006,4.5,38.75,0.54,0.55,0.55,0.61,0.61,0.56,0.56,0.57,0.55,0.58,0.63,0.62,0.58
GWETROOT,2006,4.5,39.375,0.46,0.47,0.48,0.54,0.55,0.5,0.48,0.48,0.47,0.51,0.59,0.57,0.51
GWETROOT,2006,4.5,40,0.4,0.4,0.41,0.48,0.48,0.43,0.42,0.42,0.41,0.45,0.53,0.51,0.45
GWETROOT,2006,4.5,40.625,0.37,0.37,0.39,0.46,0.46,0.41,0.38,0.38,0.38,0.43,0.54,0.5,0.42
GWETROOT,2006,4.5,41.25,0.33,0.33,0.34,0.44,0.44,0.38,0.35,0.34,0.33,0.4,0.52,0.48,0.39
GWETROOT,2007,-0.5,34.375,0.88,0.81,0.73,0.71,0.72,0.69,0.62,0.63,0.63,0.59,0.58,0.63,0.68
GWETROOT,2007,-0.5,35,0.83,0.79,0.72,0.71,0.74,0.72,0.68,0.68,0.67,0.64,0.6,0.6,0.7
GWETROOT,2007,-0.5,35.625,0.63,0.6,0.55,0.56,0.6,0.59,0.58,0.61,0.6,0.57,0.54,0.52,0.58
GWETROOT,2007,-0.5,36.25,0.47,0.45,0.41,0.45,0.48,0.47,0.47,0.5,0.5,0.46,0.45,0.42,0.46
GWETROOT,2007,-0.5,36.875,0.44,0.41,0.39,0.43,0.45,0.44,0.44,0.46,0.45,0.43,0.43,0.41,0.43
GWETROOT,2007,-0.5,37.5,0.54,0.5,0.48,0.5,0.53,0.52,0.52,0.54,0.53,0.52,0.53,0.51,0.52
GWETROOT,2007,-0.5,38.125,0.56,0.5,0.49,0.49,0.49,0.48,0.48,0.48,0.47,0.49,0.51,0.5,0.5
GWETROOT,2007,-0.5,38.75,0.51,0.45,0.44,0.45,0.46,0.44,0.44,0.44,0.43,0.45,0.47,0.46,0.45
GWETROOT,2007,-0.5,39.375,0.47,0.41,0.41,0.42,0.45,0.42,0.4,0.41,0.4,0.42,0.44,0.42,0.42
GWETROOT,2007,-0.5,40,0.55,0.48,0.46,0.47,0.52,0.49,0.46,0.46,0.45,0.47,0.49,0.48,0.48
GWETROOT,2007,-0.5,40.625,0.51,0.47,0.46,0.48,0.58,0.55,0.52,0.52,0.51,0.52,0.53,0.51,0.51
GWETROOT,2007,-0.5,41.25,0.51,0.48,0.47,0.49,0.59,0.56,0.52,0.53,0.52,0.53,0.54,0.51,0.52
GWETROOT,2007,-1,34.375,0.91,0.85,0.77,0.7,0.66,0.61,0.56,0.56,0.57,0.53,0.53,0.56,0.65
GWETROOT,2007,-1,35,0.93,0.89,0.83,0.8,0.81,0.77,0.72,0.7,0.69,0.63,0.6,0.62,0.75
GWETROOT,2007,-1,35.625,0.81,0.77,0.7,0.69,0.74,0.72,0.68,0.68,0.65,0.59,0.55,0.55,0.68
GWETROOT,2007,-1,36.25,0.63,0.56,0.48,0.5,0.58,0.55,0.53,0.55,0.52,0.47,0.43,0.42,0.52
GWETROOT,2007,-1,36.875,0.59,0.53,0.49,0.51,0.55,0.53,0.51,0.53,0.51,0.5,0.52,0.52,0.52
GWETROOT,2007,-1,37.5,0.6,0.54,0.51,0.53,0.57,0.54,0.52,0.54,0.52,0.51,0.53,0.52,0.54
GWETROOT,2007,-1,38.125,0.53,0.49,0.49,0.49,0.49,0.48,0.47,0.48,0.47,0.48,0.5,0.5,0.49
GWETROOT,2007,-1,38.75,0.51,0.47,0.47,0.48,0.48,0.47,0.47,0.48,0.47,0.48,0.49,0.49,0.48
GWETROOT,2007,-1,39.375,0.49,0.47,0.47,0.48,0.5,0.48,0.47,0.48,0.47,0.48,0.49,0.48,0.48
GWETROOT,2007,-1,40,0.62,0.55,0.55,0.56,0.61,0.58,0.55,0.56,0.55,0.57,0.58,0.57,0.57
GWETROOT,2007,-1,40.625,0.52,0.48,0.48,0.49,0.62,0.59,0.55,0.55,0.54,0.54,0.55,0.53,0.54
GWETROOT,2007,-1,41.25,0.52,0.48,0.47,0.49,0.61,0.59,0.54,0.54,0.53,0.54,0.55,0.52,0.53
GWETROOT,2007,-1.5,34.375,0.92,0.83,0.74,0.69,0.66,0.63,0.59,0.61,0.65,0.61,0.6,0.64,0.68
GWETROOT,2007,-1.5,35,0.95,0.87,0.77,0.74,0.74,0.67,0.61,0.61,0.62,0.59,0.57,0.62,0.7
GWETROOT,2007,-1.5,35.625,0.93,0.83,0.7,0.68,0.75,0.66,0.59,0.59,0.56,0.53,0.52,0.55,0.66
GWETROOT,2007,-1.5,36.25,0.68,0.54,0.47,0.49,0.54,0.48,0.46,0.48,0.46,0.43,0.41,0.42,0.49
GWETROOT,2007,-1.5,36.875,0.77,0.66,0.61,0.63,0.67,0.62,0.6,0.63,0.61,0.6,0.61,0.61,0.63
GWETROOT,2007,-1.5,37.5,0.63,0.52,0.48,0.49,0.52,0.49,0.47,0.49,0.46,0.47,0.51,0.52,0.5
GWETROOT,2007,-1.5,38.125,0.58,0.51,0.48,0.48,0.49,0.47,0.45,0.46,0.44,0.45,0.48,0.48,0.48
GWETROOT,2007,-1.5,38.75,0.55,0.49,0.48,0.49,0.5,0.48,0.47,0.48,0.47,0.49,0.5,0.5,0.49
GWETROOT,2007,-1.5,39.375,0.54,0.48,0.48,0.5,0.52,0.49,0.47,0.48,0.47,0.49,0.5,0.49,0.49
GWETROOT,2007,-1.5,40,0.6,0.54,0.54,0.56,0.63,0.59,0.56,0.57,0.56,0.57,0.58,0.57,0.57
GWETROOT,2007,-1.5,40.625,0.54,0.49,0.49,0.51,0.63,0.61,0.57,0.56,0.55,0.55,0.55,0.53,0.55
GWETROOT,2007,-1.5,41.25,0.54,0.48,0.47,0.48,0.61,0.62,0.56,0.55,0.53,0.54,0.54,0.52,0.54
GWETROOT,2007,-1.80E-13,34.375,0.68,0.64,0.59,0.61,0.64,0.63,0.59,0.59,0.6,0.58,0.53,0.52,0.6
GWETROOT,2007,-1.80E-13,35,0.76,0.74,0.69,0.7,0.76,0.75,0.73,0.74,0.75,0.74,0.69,0.64,0.72
GWETROOT,2007,-1.80E-13,35.625,0.64,0.63,0.57,0.59,0.64,0.64,0.64,0.66,0.66,0.65,0.61,0.56,0.62
GWETROOT,2007,-1.80E-13,36.25,0.51,0.49,0.46,0.5,0.51,0.52,0.53,0.57,0.57,0.52,0.49,0.46,0.51
GWETROOT,2007,-1.80E-13,36.875,0.45,0.42,0.4,0.44,0.45,0.45,0.46,0.49,0.48,0.45,0.43,0.41,0.44
GWETROOT,2007,-1.80E-13,37.5,0.51,0.46,0.43,0.46,0.49,0.48,0.49,0.52,0.51,0.49,0.49,0.47,0.48
GWETROOT,2007,-1.80E-13,38.125,0.51,0.45,0.43,0.43,0.43,0.42,0.41,0.42,0.41,0.42,0.45,0.44,0.43
GWETROOT,2007,-1.80E-13,38.75,0.45,0.4,0.38,0.38,0.38,0.37,0.36,0.36,0.35,0.37,0.39,0.39,0.38
GWETROOT,2007,-1.80E-13,39.375,0.42,0.37,0.35,0.36,0.38,0.36,0.34,0.34,0.34,0.36,0.38,0.37,0.36
GWETROOT,2007,-1.80E-13,40,0.46,0.4,0.37,0.38,0.42,0.4,0.37,0.37,0.36,0.38,0.41,0.4,0.39
GWETROOT,2007,-1.80E-13,40.625,0.45,0.41,0.4,0.41,0.46,0.44,0.42,0.42,0.41,0.44,0.46,0.44,0.43
GWETROOT,2007,-1.80E-13,41.25,0.45,0.43,0.42,0.44,0.5,0.47,0.44,0.45,0.44,0.48,0.47,0.45,0.45
GWETROOT,2007,-2,34.375,0.93,0.84,0.74,0.69,0.66,0.63,0.61,0.61,0.67,0.62,0.61,0.65,0.69
GWETROOT,2007,-2,35,0.94,0.86,0.73,0.72,0.71,0.63,0.58,0.58,0.6,0.58,0.57,0.62,0.68
GWETROOT,2007,-2,35.625,0.89,0.78,0.66,0.68,0.71,0.62,0.57,0.56,0.54,0.53,0.53,0.57,0.64
GWETROOT,2007,-2,36.25,0.6,0.49,0.43,0.42,0.44,0.39,0.37,0.38,0.37,0.36,0.36,0.38,0.42
GWETROOT,2007,-2,36.875,0.8,0.67,0.62,0.62,0.64,0.6,0.59,0.6,0.59,0.6,0.6,0.62,0.63
GWETROOT,2007,-2,37.5,0.7,0.57,0.51,0.52,0.54,0.5,0.49,0.5,0.49,0.5,0.52,0.54,0.53
GWETROOT,2007,-2,38.125,0.58,0.5,0.46,0.46,0.47,0.45,0.43,0.43,0.42,0.43,0.46,0.47,0.46
GWETROOT,2007,-2,38.75,0.58,0.51,0.5,0.51,0.53,0.5,0.49,0.49,0.49,0.5,0.52,0.52,0.51
GWETROOT,2007,-2,39.375,0.61,0.53,0.52,0.54,0.59,0.54,0.52,0.53,0.52,0.53,0.54,0.54,0.54
GWETROOT,2007,-2,40,0.56,0.48,0.48,0.49,0.57,0.53,0.49,0.5,0.49,0.5,0.51,0.5,0.51
GWETROOT,2007,-2,40.625,0.54,0.48,0.47,0.48,0.61,0.6,0.55,0.54,0.53,0.53,0.53,0.52,0.53
GWETROOT,2007,-2,41.25,0.42,0.39,0.38,0.38,0.49,0.51,0.46,0.44,0.43,0.43,0.42,0.42,0.43
GWETROOT,2007,-2.5,34.375,0.87,0.83,0.74,0.64,0.59,0.54,0.5,0.49,0.53,0.5,0.5,0.54,0.6
GWETROOT,2007,-2.5,35,0.9,0.85,0.75,0.68,0.63,0.56,0.5,0.48,0.49,0.48,0.49,0.53,0.61
GWETROOT,2007,-2.5,35.625,0.8,0.71,0.62,0.62,0.6,0.54,0.49,0.48,0.48,0.48,0.48,0.52,0.57
GWETROOT,2007,-2.5,36.25,0.64,0.57,0.52,0.5,0.49,0.46,0.44,0.44,0.43,0.43,0.44,0.45,0.48
GWETROOT,2007,-2.5,36.875,0.8,0.69,0.64,0.62,0.61,0.59,0.58,0.58,0.58,0.58,0.59,0.61,0.62
GWETROOT,2007,-2.5,37.5,0.8,0.65,0.59,0.57,0.59,0.56,0.54,0.54,0.54,0.55,0.56,0.59,0.59
GWETROOT,2007,-2.5,38.125,0.66,0.57,0.53,0.53,0.54,0.52,0.49,0.49,0.48,0.5,0.52,0.54,0.53
GWETROOT,2007,-2.5,38.75,0.62,0.55,0.54,0.55,0.58,0.54,0.52,0.52,0.52,0.54,0.55,0.57,0.55
GWETROOT,2007,-2.5,39.375,0.72,0.64,0.63,0.64,0.72,0.69,0.64,0.65,0.63,0.65,0.65,0.66,0.66
GWETROOT,2007,-2.5,40,0.51,0.43,0.42,0.43,0.52,0.49,0.44,0.44,0.43,0.45,0.44,0.45,0.45
GWETROOT,2007,-2.5,40.625,0.48,0.42,0.41,0.41,0.54,0.55,0.48,0.47,0.46,0.47,0.46,0.46,0.47
GWETROOT,2007,-2.5,41.25,,,,,,,,,,,,,
GWETROOT,2007,-3,34.375,0.91,0.92,0.85,0.7,0.62,0.53,0.47,0.46,0.46,0.46,0.47,0.53,0.61
GWETROOT,2007,-3,35,0.9,0.88,0.8,0.72,0.64,0.57,0.49,0.47,0.46,0.46,0.47,0.52,0.61
GWETROOT,2007,-3,35.625,0.85,0.81,0.75,0.72,0.67,0.62,0.55,0.51,0.48,0.46,0.47,0.51,0.62
GWETROOT,2007,-3,36.25,0.78,0.72,0.68,0.66,0.63,0.6,0.56,0.56,0.55,0.55,0.56,0.58,0.62
GWETROOT,2007,-3,36.875,0.86,0.75,0.69,0.66,0.67,0.67,0.61,0.59,0.58,0.58,0.59,0.62,0.66
GWETROOT,2007,-3,37.5,0.8,0.69,0.64,0.61,0.61,0.6,0.55,0.53,0.5,0.48,0.5,0.53,0.59
GWETROOT,2007,-3,38.125,0.64,0.57,0.55,0.53,0.56,0.54,0.51,0.5,0.49,0.5,0.51,0.55,0.54
GWETROOT,2007,-3,38.75,0.59,0.53,0.54,0.54,0.58,0.55,0.52,0.53,0.52,0.53,0.54,0.57,0.55
GWETROOT,2007,-3,39.375,0.69,0.62,0.63,0.63,0.73,0.7,0.65,0.65,0.64,0.65,0.65,0.66,0.66
GWETROOT,2007,-3,40,0.5,0.42,0.42,0.42,0.53,0.51,0.45,0.44,0.43,0.44,0.43,0.45,0.45
GWETROOT,2007,-3,40.625,0.55,0.45,0.42,0.43,0.59,0.62,0.51,0.48,0.46,0.49,0.47,0.47,0.5
GWETROOT,2007,-3,41.25,,,,,,,,,,,,,
GWETROOT,2007,-3.5,34.375,0.88,0.9,0.82,0.67,0.58,0.51,0.46,0.46,0.46,0.46,0.47,0.52,0.6
GWETROOT,2007,-3.5,35,0.82,0.81,0.75,0.68,0.59,0.54,0.48,0.47,0.46,0.46,0.47,0.5,0.58
GWETROOT,2007,-3.5,35.625,0.7,0.67,0.64,0.62,0.58,0.55,0.52,0.49,0.48,0.48,0.48,0.51,0.56
GWETROOT,2007,-3.5,36.25,0.74,0.67,0.63,0.6,0.56,0.53,0.49,0.49,0.48,0.48,0.49,0.51,0.56
GWETROOT,2007,-3.5,36.875,0.71,0.62,0.59,0.57,0.55,0.54,0.48,0.47,0.46,0.47,0.47,0.49,0.53
GWETROOT,2007,-3.5,37.5,0.58,0.52,0.51,0.51,0.53,0.53,0.49,0.48,0.47,0.47,0.47,0.49,0.5
GWETROOT,2007,-3.5,38.125,0.56,0.51,0.51,0.5,0.54,0.52,0.5,0.49,0.48,0.49,0.5,0.52,0.51
GWETROOT,2007,-3.5,38.75,0.58,0.53,0.54,0.54,0.58,0.56,0.53,0.53,0.52,0.53,0.53,0.56,0.54
GWETROOT,2007,-3.5,39.375,0.65,0.59,0.61,0.61,0.7,0.69,0.63,0.63,0.61,0.63,0.62,0.63,0.63
GWETROOT,2007,-3.5,40,0.57,0.51,0.52,0.52,0.61,0.6,0.53,0.53,0.51,0.53,0.52,0.54,0.54
GWETROOT,2007,-3.5,40.625,0.56,0.46,0.42,0.43,0.61,0.65,0.53,0.48,0.46,0.49,0.47,0.48,0.5
GWETROOT,2007,-3.5,41.25,,,,,,,,,,,,,
GWETROOT,2007,-4,34.375,0.76,0.77,0.72,0.62,0.54,0.49,0.47,0.46,0.46,0.46,0.47,0.5,0.56
GWETROOT,2007,-4,35,0.75,0.75,0.72,0.68,0.61,0.57,0.53,0.52,0.51,0.51,0.52,0.55,0.6
GWETROOT,2007,-4,35.625,0.66,0.65,0.63,0.62,0.58,0.57,0.54,0.52,0.5,0.5,0.5,0.53,0.57
GWETROOT,2007,-4,36.25,0.66,0.62,0.6,0.58,0.53,0.51,0.48,0.47,0.47,0.47,0.48,0.5,0.53
GWETROOT,2007,-4,36.875,0.63,0.59,0.57,0.56,0.53,0.51,0.48,0.47,0.47,0.47,0.48,0.49,0.52
GWETROOT,2007,-4,37.5,0.6,0.55,0.55,0.55,0.54,0.53,0.5,0.5,0.49,0.49,0.5,0.52,0.53
GWETROOT,2007,-4,38.125,0.6,0.56,0.57,0.57,0.59,0.58,0.56,0.56,0.55,0.56,0.56,0.58,0.57
GWETROOT,2007,-4,38.75,0.56,0.51,0.52,0.53,0.57,0.56,0.53,0.53,0.51,0.52,0.52,0.54,0.53
GWETROOT,2007,-4,39.375,0.49,0.45,0.47,0.48,0.57,0.56,0.5,0.49,0.48,0.48,0.47,0.48,0.49
GWETROOT,2007,-4,40,0.51,0.45,0.47,0.48,0.58,0.58,0.5,0.49,0.46,0.48,0.46,0.48,0.5
GWETROOT,2007,-4,40.625,,,,,,,,,,,,,
GWETROOT,2007,-4,41.25,,,,,,,,,,,,,
GWETROOT,2007,-4.5,34.375,0.61,0.62,0.6,0.54,0.49,0.45,0.43,0.42,0.4,0.4,0.4,0.44,0.48
GWETROOT,2007,-4.5,35,0.59,0.59,0.58,0.56,0.51,0.49,0.46,0.45,0.43,0.43,0.44,0.47,0.5
GWETROOT,2007,-4.5,35.625,0.54,0.53,0.53,0.52,0.48,0.47,0.45,0.44,0.42,0.42,0.42,0.45,0.47
GWETROOT,2007,-4.5,36.25,0.61,0.59,0.57,0.56,0.52,0.5,0.48,0.48,0.47,0.47,0.48,0.5,0.52
GWETROOT,2007,-4.5,36.875,0.61,0.58,0.57,0.55,0.53,0.51,0.49,0.48,0.47,0.47,0.48,0.51,0.52
GWETROOT,2007,-4.5,37.5,0.6,0.57,0.56,0.55,0.54,0.52,0.5,0.49,0.48,0.48,0.49,0.51,0.52
GWETROOT,2007,-4.5,38.125,0.73,0.65,0.65,0.65,0.69,0.69,0.65,0.64,0.62,0.63,0.63,0.65,0.66
GWETROOT,2007,-4.5,38.75,0.7,0.61,0.62,0.63,0.69,0.7,0.64,0.63,0.6,0.61,0.61,0.62,0.64
GWETROOT,2007,-4.5,39.375,0.5,0.44,0.46,0.47,0.56,0.57,0.49,0.48,0.46,0.46,0.46,0.47,0.49
GWETROOT,2007,-4.5,40,0.45,0.41,0.44,0.46,0.52,0.51,0.44,0.44,0.42,0.43,0.42,0.43,0.45
GWETROOT,2007,-4.5,40.625,,,,,,,,,,,,,
GWETROOT,2007,-4.5,41.25,,,,,,,,,,,,,
GWETROOT,2007,0.5,34.375,0.54,0.53,0.49,0.53,0.58,0.6,0.6,0.61,0.65,0.64,0.55,0.5,0.57
GWETROOT,2007,0.5,35,0.66,0.63,0.57,0.6,0.67,0.7,0.71,0.74,0.77,0.77,0.71,0.62,0.68
GWETROOT,2007,0.5,35.625,0.54,0.51,0.46,0.49,0.56,0.54,0.54,0.57,0.56,0.54,0.49,0.45,0.52
GWETROOT,2007,0.5,36.25,0.47,0.45,0.42,0.45,0.47,0.5,0.53,0.58,0.58,0.51,0.45,0.42,0.49
GWETROOT,2007,0.5,36.875,0.57,0.54,0.52,0.54,0.55,0.56,0.59,0.62,0.61,0.56,0.53,0.52,0.56
GWETROOT,2007,0.5,37.5,0.44,0.4,0.37,0.38,0.38,0.38,0.39,0.41,0.4,0.38,0.38,0.38,0.39
GWETROOT,2007,0.5,38.125,0.44,0.38,0.35,0.36,0.36,0.35,0.34,0.34,0.33,0.35,0.38,0.37,0.36
GWETROOT,2007,0.5,38.75,0.46,0.39,0.36,0.36,0.37,0.35,0.33,0.33,0.33,0.35,0.38,0.37,0.36
GWETROOT,2007,0.5,39.375,0.48,0.4,0.36,0.38,0.41,0.38,0.36,0.35,0.35,0.38,0.41,0.4,0.39
GWETROOT,2007,0.5,40,0.46,0.37,0.34,0.37,0.4,0.38,0.35,0.34,0.34,0.38,0.42,0.4,0.38
GWETROOT,2007,0.5,40.625,0.42,0.36,0.35,0.37,0.4,0.38,0.36,0.35,0.35,0.4,0.42,0.4,0.38
GWETROOT,2007,0.5,41.25,0.43,0.4,0.39,0.41,0.42,0.4,0.39,0.38,0.38,0.43,0.42,0.41,0.41
GWETROOT,2007,1,34.375,0.6,0.57,0.55,0.56,0.61,0.66,0.68,0.73,0.79,0.8,0.74,0.66,0.66
GWETROOT,2007,1,35,0.65,0.59,0.52,0.55,0.65,0.7,0.72,0.78,0.84,0.83,0.73,0.62,0.68
GWETROOT,2007,1,35.625,0.48,0.43,0.39,0.43,0.53,0.5,0.5,0.54,0.53,0.5,0.46,0.41,0.48
GWETROOT,2007,1,36.25,0.41,0.38,0.36,0.38,0.41,0.44,0.48,0.53,0.52,0.44,0.39,0.37,0.43
GWETROOT,2007,1,36.875,0.45,0.42,0.39,0.39,0.41,0.43,0.46,0.5,0.48,0.43,0.41,0.4,0.43
GWETROOT,2007,1,37.5,0.45,0.41,0.38,0.37,0.37,0.37,0.37,0.38,0.37,0.36,0.38,0.39,0.38
GWETROOT,2007,1,38.125,0.41,0.37,0.34,0.35,0.34,0.34,0.33,0.34,0.33,0.34,0.36,0.35,0.35
GWETROOT,2007,1,38.75,0.45,0.4,0.37,0.37,0.37,0.36,0.35,0.35,0.35,0.37,0.38,0.37,0.37
GWETROOT,2007,1,39.375,0.48,0.4,0.37,0.39,0.41,0.38,0.36,0.36,0.36,0.39,0.42,0.4,0.39
GWETROOT,2007,1,40,0.45,0.36,0.33,0.37,0.4,0.37,0.34,0.33,0.33,0.38,0.42,0.4,0.37
GWETROOT,2007,1,40.625,0.47,0.39,0.36,0.39,0.42,0.39,0.36,0.36,0.36,0.41,0.45,0.42,0.4
GWETROOT,2007,1,41.25,0.55,0.47,0.43,0.45,0.47,0.45,0.43,0.43,0.42,0.47,0.49,0.47,0.46
GWETROOT,2007,1.5,34.375,0.49,0.48,0.47,0.49,0.52,0.54,0.55,0.58,0.62,0.58,0.52,0.48,0.53
GWETROOT,2007,1.5,35,0.51,0.46,0.43,0.46,0.52,0.55,0.57,0.61,0.67,0.62,0.52,0.45,0.53
GWETROOT,2007,1.5,35.625,0.42,0.37,0.34,0.37,0.41,0.41,0.41,0.46,0.46,0.42,0.39,0.35,0.4
GWETROOT,2007,1.5,36.25,0.39,0.37,0.36,0.37,0.38,0.4,0.42,0.46,0.45,0.4,0.38,0.37,0.4
GWETROOT,2007,1.5,36.875,0.45,0.42,0.4,0.4,0.4,0.41,0.41,0.43,0.42,0.39,0.39,0.41,0.41
GWETROOT,2007,1.5,37.5,0.43,0.39,0.37,0.37,0.37,0.37,0.38,0.39,0.38,0.36,0.36,0.37,0.38
GWETROOT,2007,1.5,38.125,0.43,0.39,0.38,0.38,0.37,0.36,0.35,0.35,0.34,0.36,0.37,0.37,0.37
GWETROOT,2007,1.5,38.75,0.52,0.47,0.46,0.47,0.46,0.46,0.45,0.45,0.45,0.47,0.47,0.46,0.47
GWETROOT,2007,1.5,39.375,0.5,0.41,0.37,0.38,0.41,0.39,0.36,0.36,0.36,0.39,0.43,0.41,0.4
GWETROOT,2007,1.5,40,0.53,0.42,0.37,0.4,0.44,0.4,0.37,0.37,0.37,0.41,0.45,0.43,0.41
GWETROOT,2007,1.5,40.625,0.59,0.46,0.42,0.45,0.47,0.44,0.42,0.42,0.41,0.47,0.51,0.48,0.46
GWETROOT,2007,1.5,41.25,0.51,0.39,0.34,0.37,0.4,0.38,0.35,0.34,0.34,0.39,0.43,0.4,0.39
GWETROOT,2007,2,34.375,0.47,0.46,0.46,0.47,0.49,0.52,0.53,0.55,0.58,0.53,0.49,0.47,0.5
GWETROOT,2007,2,35,0.46,0.42,0.4,0.42,0.45,0.48,0.5,0.53,0.56,0.52,0.46,0.42,0.47
GWETROOT,2007,2,35.625,0.41,0.35,0.33,0.35,0.37,0.38,0.38,0.42,0.42,0.38,0.35,0.33,0.37
GWETROOT,2007,2,36.25,0.41,0.38,0.37,0.38,0.38,0.4,0.4,0.43,0.41,0.38,0.38,0.37,0.39
GWETROOT,2007,2,36.875,0.45,0.42,0.4,0.41,0.41,0.41,0.4,0.41,0.4,0.38,0.38,0.39,0.4
GWETROOT,2007,2,37.5,0.44,0.4,0.38,0.39,0.38,0.37,0.36,0.36,0.35,0.35,0.36,0.37,0.38
GWETROOT,2007,2,38.125,0.48,0.43,0.41,0.42,0.42,0.4,0.39,0.39,0.39,0.41,0.43,0.42,0.42
GWETROOT,2007,2,38.75,0.48,0.43,0.4,0.42,0.42,0.4,0.39,0.39,0.38,0.41,0.42,0.41,0.41
GWETROOT,2007,2,39.375,0.47,0.38,0.34,0.37,0.4,0.37,0.34,0.34,0.33,0.37,0.41,0.39,0.38
GWETROOT,2007,2,40,0.53,0.43,0.38,0.41,0.45,0.42,0.38,0.38,0.37,0.42,0.47,0.44,0.42
GWETROOT,2007,2,40.625,0.67,0.57,0.56,0.6,0.6,0.57,0.56,0.56,0.56,0.6,0.64,0.6,0.59
GWETROOT,2007,2,41.25,0.55,0.44,0.41,0.44,0.46,0.43,0.41,0.41,0.41,0.45,0.5,0.47,0.45
GWETROOT,2007,2.5,34.375,0.44,0.43,0.42,0.43,0.45,0.48,0.49,0.49,0.51,0.47,0.44,0.43,0.46
GWETROOT,2007,2.5,35,0.44,0.4,0.37,0.39,0.41,0.46,0.46,0.48,0.49,0.46,0.42,0.39,0.43
GWETROOT,2007,2.5,35.625,0.43,0.37,0.34,0.35,0.37,0.41,0.4,0.43,0.42,0.38,0.35,0.33,0.38
GWETROOT,2007,2.5,36.25,0.42,0.38,0.36,0.38,0.38,0.4,0.38,0.4,0.38,0.36,0.36,0.36,0.38
GWETROOT,2007,2.5,36.875,0.45,0.41,0.39,0.4,0.4,0.41,0.38,0.39,0.36,0.35,0.36,0.36,0.39
GWETROOT,2007,2.5,37.5,0.47,0.42,0.39,0.42,0.42,0.4,0.38,0.38,0.37,0.38,0.39,0.39,0.4
GWETROOT,2007,2.5,38.125,0.47,0.4,0.38,0.4,0.41,0.38,0.36,0.36,0.36,0.38,0.41,0.39,0.39
GWETROOT,2007,2.5,38.75,0.45,0.39,0.37,0.4,0.41,0.38,0.36,0.36,0.36,0.38,0.41,0.39,0.39
GWETROOT,2007,2.5,39.375,0.44,0.37,0.35,0.38,0.42,0.38,0.34,0.34,0.34,0.37,0.42,0.38,0.38
GWETROOT,2007,2.5,40,0.49,0.41,0.39,0.42,0.46,0.43,0.39,0.38,0.38,0.41,0.47,0.43,0.42
GWETROOT,2007,2.5,40.625,0.56,0.49,0.48,0.51,0.52,0.49,0.47,0.47,0.47,0.5,0.54,0.5,0.5
GWETROOT,2007,2.5,41.25,0.33,0.28,0.27,0.28,0.29,0.28,0.26,0.26,0.25,0.28,0.31,0.29,0.28
GWETROOT,2007,3,34.375,0.47,0.46,0.45,0.46,0.49,0.53,0.54,0.55,0.55,0.53,0.48,0.47,0.5
GWETROOT,2007,3,35,0.42,0.38,0.34,0.37,0.41,0.47,0.47,0.48,0.47,0.45,0.39,0.36,0.42
GWETROOT,2007,3,35.625,0.42,0.38,0.34,0.36,0.39,0.45,0.42,0.43,0.4,0.36,0.34,0.33,0.39
GWETROOT,2007,3,36.25,0.44,0.39,0.35,0.37,0.39,0.41,0.37,0.38,0.35,0.34,0.34,0.33,0.37
GWETROOT,2007,3,36.875,0.45,0.4,0.35,0.38,0.4,0.41,0.37,0.37,0.33,0.33,0.34,0.33,0.37
GWETROOT,2007,3,37.5,0.38,0.34,0.32,0.35,0.36,0.34,0.31,0.32,0.31,0.31,0.32,0.31,0.33
GWETROOT,2007,3,38.125,0.46,0.39,0.36,0.4,0.43,0.38,0.35,0.35,0.34,0.36,0.39,0.36,0.38
GWETROOT,2007,3,38.75,0.47,0.41,0.4,0.45,0.47,0.42,0.39,0.4,0.39,0.42,0.44,0.41,0.42
GWETROOT,2007,3,39.375,0.41,0.35,0.35,0.4,0.43,0.38,0.34,0.34,0.34,0.36,0.41,0.36,0.37
GWETROOT,2007,3,40,0.44,0.38,0.38,0.43,0.46,0.42,0.38,0.37,0.37,0.4,0.45,0.4,0.41
GWETROOT,2007,3,40.625,0.45,0.4,0.39,0.42,0.44,0.4,0.38,0.38,0.37,0.4,0.44,0.41,0.41
GWETROOT,2007,3,41.25,0.34,0.31,0.3,0.32,0.33,0.31,0.3,0.3,0.29,0.31,0.34,0.31,0.31
GWETROOT,2007,3.5,34.375,0.43,0.4,0.37,0.39,0.45,0.49,0.52,0.52,0.51,0.49,0.42,0.4,0.45
GWETROOT,2007,3.5,35,0.43,0.41,0.35,0.38,0.44,0.48,0.47,0.48,0.46,0.44,0.39,0.36,0.42
GWETROOT,2007,3.5,35.625,0.44,0.4,0.34,0.38,0.41,0.45,0.41,0.43,0.38,0.35,0.34,0.33,0.39
GWETROOT,2007,3.5,36.25,0.45,0.4,0.35,0.38,0.4,0.42,0.38,0.39,0.35,0.34,0.34,0.33,0.38
GWETROOT,2007,3.5,36.875,0.46,0.41,0.35,0.39,0.42,0.41,0.37,0.36,0.33,0.34,0.34,0.33,0.38
GWETROOT,2007,3.5,37.5,0.46,0.41,0.38,0.43,0.44,0.43,0.39,0.39,0.38,0.38,0.38,0.37,0.4
GWETROOT,2007,3.5,38.125,0.44,0.37,0.35,0.41,0.45,0.41,0.36,0.35,0.34,0.36,0.38,0.35,0.38
GWETROOT,2007,3.5,38.75,0.42,0.37,0.36,0.42,0.46,0.42,0.38,0.37,0.36,0.38,0.41,0.37,0.39
GWETROOT,2007,3.5,39.375,0.45,0.4,0.39,0.45,0.49,0.45,0.4,0.4,0.39,0.42,0.45,0.41,0.43
GWETROOT,2007,3.5,40,0.44,0.39,0.39,0.44,0.47,0.42,0.39,0.38,0.38,0.41,0.45,0.41,0.41
GWETROOT,2007,3.5,40.625,0.55,0.52,0.53,0.55,0.57,0.53,0.51,0.52,0.51,0.54,0.58,0.53,0.54
GWETROOT,2007,3.5,41.25,0.39,0.36,0.35,0.37,0.38,0.36,0.35,0.34,0.34,0.36,0.39,0.36,0.36
GWETROOT,2007,4,34.375,0.53,0.51,0.48,0.52,0.56,0.58,0.58,0.59,0.57,0.55,0.51,0.5,0.54
GWETROOT,2007,4,35,0.53,0.5,0.45,0.49,0.55,0.57,0.55,0.56,0.52,0.5,0.46,0.44,0.51
GWETROOT,2007,4,35.625,0.48,0.44,0.37,0.4,0.44,0.47,0.43,0.44,0.4,0.37,0.35,0.33,0.41
GWETROOT,2007,4,36.25,0.46,0.41,0.35,0.39,0.41,0.42,0.37,0.39,0.35,0.34,0.33,0.33,0.38
GWETROOT,2007,4,36.875,0.45,0.4,0.35,0.4,0.43,0.41,0.37,0.37,0.34,0.34,0.34,0.33,0.38
GWETROOT,2007,4,37.5,0.45,0.41,0.38,0.43,0.44,0.42,0.4,0.4,0.38,0.38,0.38,0.37,0.4
GWETROOT,2007,4,38.125,0.48,0.44,0.43,0.48,0.51,0.48,0.45,0.45,0.44,0.46,0.46,0.43,0.46
GWETROOT,2007,4,38.75,0.62,0.59,0.59,0.63,0.66,0.62,0.59,0.59,0.59,0.61,0.61,0.58,0.61
GWETROOT,2007,4,39.375,0.62,0.58,0.59,0.64,0.66,0.62,0.58,0.59,0.58,0.61,0.62,0.58,0.61
GWETROOT,2007,4,40,0.5,0.46,0.47,0.51,0.53,0.49,0.46,0.46,0.46,0.48,0.52,0.47,0.48
GWETROOT,2007,4,40.625,0.55,0.52,0.53,0.56,0.57,0.53,0.52,0.52,0.52,0.55,0.59,0.53,0.54
GWETROOT,2007,4,41.25,0.41,0.37,0.36,0.39,0.41,0.37,0.35,0.35,0.35,0.38,0.42,0.38,0.38
GWETROOT,2007,4.5,34.375,0.61,0.61,0.6,0.62,0.63,0.63,0.62,0.63,0.62,0.61,0.6,0.6,0.62
GWETROOT,2007,4.5,35,0.6,0.58,0.52,0.57,0.61,0.61,0.58,0.59,0.56,0.54,0.51,0.51,0.56
GWETROOT,2007,4.5,35.625,0.49,0.47,0.38,0.42,0.47,0.48,0.44,0.44,0.41,0.38,0.36,0.33,0.42
GWETROOT,2007,4.5,36.25,0.46,0.42,0.35,0.4,0.42,0.42,0.38,0.4,0.36,0.35,0.34,0.33,0.39
GWETROOT,2007,4.5,36.875,0.46,0.41,0.36,0.4,0.43,0.42,0.39,0.39,0.36,0.35,0.34,0.33,0.39
GWETROOT,2007,4.5,37.5,0.56,0.53,0.51,0.56,0.56,0.55,0.53,0.53,0.52,0.52,0.52,0.51,0.53
GWETROOT,2007,4.5,38.125,0.61,0.58,0.58,0.62,0.63,0.61,0.58,0.58,0.58,0.6,0.59,0.57,0.59
GWETROOT,2007,4.5,38.75,0.58,0.55,0.55,0.58,0.6,0.57,0.55,0.55,0.55,0.57,0.56,0.54,0.56
GWETROOT,2007,4.5,39.375,0.51,0.48,0.48,0.51,0.53,0.5,0.48,0.47,0.47,0.49,0.5,0.47,0.49
GWETROOT,2007,4.5,40,0.44,0.41,0.41,0.45,0.47,0.44,0.41,0.41,0.4,0.42,0.44,0.41,0.43
GWETROOT,2007,4.5,40.625,0.42,0.38,0.39,0.43,0.45,0.4,0.38,0.38,0.38,0.41,0.45,0.4,0.41
GWETROOT,2007,4.5,41.25,0.4,0.35,0.35,0.39,0.42,0.38,0.34,0.34,0.33,0.37,0.43,0.38,0.37
GWETROOT,2008,-0.5,34.375,0.57,0.59,0.62,0.76,0.69,0.66,0.58,0.56,0.55,0.67,0.77,0.66,0.64
GWETROOT,2008,-0.5,35,0.54,0.54,0.57,0.7,0.65,0.64,0.58,0.56,0.56,0.66,0.72,0.62,0.61
GWETROOT,2008,-0.5,35.625,0.47,0.45,0.47,0.55,0.51,0.52,0.49,0.49,0.48,0.53,0.55,0.48,0.5
GWETROOT,2008,-0.5,36.25,0.4,0.39,0.41,0.46,0.43,0.43,0.42,0.42,0.42,0.45,0.46,0.4,0.42
GWETROOT,2008,-0.5,36.875,0.4,0.38,0.38,0.44,0.42,0.41,0.41,0.4,0.39,0.43,0.44,0.39,0.41
GWETROOT,2008,-0.5,37.5,0.49,0.47,0.47,0.52,0.51,0.49,0.48,0.48,0.47,0.51,0.53,0.48,0.49
GWETROOT,2008,-0.5,38.125,0.49,0.47,0.48,0.5,0.48,0.47,0.47,0.47,0.47,0.49,0.52,0.48,0.48
GWETROOT,2008,-0.5,38.75,0.45,0.43,0.44,0.46,0.44,0.44,0.44,0.43,0.43,0.45,0.48,0.44,0.44
GWETROOT,2008,-0.5,39.375,0.41,0.39,0.4,0.43,0.42,0.42,0.4,0.39,0.39,0.4,0.43,0.39,0.41
GWETROOT,2008,-0.5,40,0.46,0.44,0.45,0.48,0.47,0.48,0.45,0.44,0.43,0.44,0.48,0.44,0.45
GWETROOT,2008,-0.5,40.625,0.48,0.46,0.47,0.5,0.52,0.56,0.51,0.48,0.46,0.46,0.5,0.46,0.49
GWETROOT,2008,-0.5,41.25,0.49,0.47,0.48,0.51,0.53,0.57,0.51,0.49,0.47,0.47,0.51,0.47,0.5
GWETROOT,2008,-1,34.375,0.53,0.55,0.59,0.65,0.57,0.55,0.52,0.51,0.51,0.58,0.65,0.58,0.57
GWETROOT,2008,-1,35,0.58,0.59,0.62,0.72,0.66,0.64,0.6,0.58,0.58,0.64,0.69,0.62,0.63
GWETROOT,2008,-1,35.625,0.52,0.5,0.54,0.65,0.62,0.6,0.56,0.54,0.53,0.56,0.58,0.52,0.56
GWETROOT,2008,-1,36.25,0.4,0.39,0.42,0.54,0.52,0.49,0.45,0.44,0.43,0.46,0.48,0.41,0.45
GWETROOT,2008,-1,36.875,0.5,0.48,0.48,0.54,0.53,0.5,0.47,0.46,0.46,0.5,0.54,0.49,0.5
GWETROOT,2008,-1,37.5,0.5,0.49,0.49,0.55,0.53,0.51,0.49,0.48,0.47,0.51,0.55,0.5,0.51
GWETROOT,2008,-1,38.125,0.49,0.47,0.48,0.5,0.48,0.47,0.47,0.47,0.47,0.48,0.5,0.48,0.48
GWETROOT,2008,-1,38.75,0.48,0.47,0.48,0.49,0.47,0.47,0.47,0.47,0.47,0.48,0.5,0.47,0.48
GWETROOT,2008,-1,39.375,0.47,0.46,0.48,0.49,0.48,0.48,0.47,0.46,0.46,0.47,0.48,0.46,0.47
GWETROOT,2008,-1,40,0.55,0.54,0.55,0.58,0.57,0.57,0.54,0.54,0.54,0.54,0.57,0.54,0.55
GWETROOT,2008,-1,40.625,0.49,0.47,0.49,0.52,0.55,0.59,0.54,0.5,0.48,0.48,0.51,0.47,0.51
GWETROOT,2008,-1,41.25,0.49,0.47,0.48,0.51,0.55,0.59,0.54,0.51,0.48,0.47,0.5,0.47,0.51
GWETROOT,2008,-1.5,34.375,0.61,0.64,0.67,0.73,0.63,0.61,0.59,0.59,0.6,0.68,0.74,0.65,0.64
GWETROOT,2008,-1.5,35,0.59,0.6,0.64,0.76,0.66,0.61,0.57,0.56,0.56,0.63,0.68,0.6,0.62
GWETROOT,2008,-1.5,35.625,0.52,0.5,0.54,0.7,0.64,0.58,0.53,0.5,0.49,0.54,0.59,0.52,0.55
GWETROOT,2008,-1.5,36.25,0.4,0.4,0.43,0.53,0.48,0.45,0.42,0.41,0.4,0.43,0.47,0.41,0.44
GWETROOT,2008,-1.5,36.875,0.6,0.6,0.61,0.66,0.63,0.6,0.59,0.59,0.59,0.62,0.65,0.6,0.61
GWETROOT,2008,-1.5,37.5,0.5,0.47,0.47,0.52,0.5,0.47,0.46,0.45,0.45,0.47,0.52,0.47,0.48
GWETROOT,2008,-1.5,38.125,0.47,0.44,0.44,0.48,0.46,0.45,0.44,0.43,0.42,0.44,0.47,0.44,0.45
GWETROOT,2008,-1.5,38.75,0.48,0.47,0.48,0.5,0.48,0.47,0.47,0.47,0.47,0.48,0.5,0.47,0.48
GWETROOT,2008,-1.5,39.375,0.48,0.47,0.48,0.5,0.49,0.48,0.47,0.47,0.47,0.48,0.5,0.47,0.48
GWETROOT,2008,-1.5,40,0.54,0.53,0.55,0.58,0.59,0.59,0.55,0.54,0.54,0.54,0.57,0.54,0.55
GWETROOT,2008,-1.5,40.625,0.5,0.49,0.5,0.53,0.57,0.6,0.56,0.52,0.49,0.49,0.52,0.49,0.52
GWETROOT,2008,-1.5,41.25,0.49,0.47,0.48,0.51,0.57,0.62,0.56,0.51,0.48,0.47,0.5,0.47,0.51
GWETROOT,2008,-1.80E-13,34.375,0.47,0.5,0.52,0.61,0.58,0.59,0.53,0.53,0.53,0.61,0.64,0.53,0.55
GWETROOT,2008,-1.80E-13,35,0.57,0.57,0.59,0.7,0.68,0.7,0.66,0.65,0.66,0.74,0.78,0.68,0.67
GWETROOT,2008,-1.80E-13,35.625,0.5,0.48,0.48,0.55,0.54,0.55,0.52,0.53,0.51,0.57,0.61,0.53,0.53
GWETROOT,2008,-1.80E-13,36.25,0.44,0.43,0.44,0.48,0.46,0.47,0.48,0.49,0.48,0.51,0.53,0.47,0.47
GWETROOT,2008,-1.80E-13,36.875,0.4,0.38,0.37,0.42,0.41,0.4,0.41,0.41,0.4,0.43,0.45,0.4,0.41
GWETROOT,2008,-1.80E-13,37.5,0.45,0.42,0.41,0.45,0.45,0.44,0.43,0.44,0.43,0.46,0.49,0.44,0.44
GWETROOT,2008,-1.80E-13,38.125,0.44,0.42,0.41,0.44,0.43,0.41,0.41,0.4,0.4,0.42,0.47,0.43,0.42
GWETROOT,2008,-1.80E-13,38.75,0.38,0.36,0.36,0.38,0.37,0.36,0.35,0.35,0.35,0.37,0.41,0.37,0.37
GWETROOT,2008,-1.80E-13,39.375,0.36,0.34,0.34,0.37,0.36,0.35,0.34,0.33,0.33,0.34,0.4,0.35,0.35
GWETROOT,2008,-1.80E-13,40,0.39,0.36,0.35,0.39,0.39,0.39,0.36,0.35,0.34,0.35,0.41,0.37,0.37
GWETROOT,2008,-1.80E-13,40.625,0.42,0.4,0.4,0.43,0.43,0.45,0.42,0.4,0.39,0.39,0.47,0.41,0.42
GWETROOT,2008,-1.80E-13,41.25,0.45,0.42,0.43,0.46,0.46,0.48,0.45,0.43,0.42,0.42,0.5,0.43,0.45
GWETROOT,2008,-2,34.375,0.62,0.66,0.68,0.73,0.63,0.61,0.61,0.61,0.61,0.69,0.74,0.65,0.65
GWETROOT,2008,-2,35,0.6,0.62,0.64,0.74,0.65,0.59,0.56,0.56,0.56,0.62,0.67,0.59,0.62
GWETROOT,2008,-2,35.625,0.54,0.53,0.56,0.68,0.63,0.58,0.52,0.5,0.51,0.55,0.59,0.53,0.56
GWETROOT,2008,-2,36.25,0.36,0.37,0.38,0.44,0.4,0.37,0.36,0.36,0.36,0.37,0.39,0.36,0.38
GWETROOT,2008,-2,36.875,0.6,0.6,0.61,0.65,0.61,0.59,0.59,0.59,0.59,0.6,0.63,0.59,0.6
GWETROOT,2008,-2,37.5,0.52,0.5,0.5,0.55,0.52,0.49,0.48,0.48,0.48,0.5,0.54,0.5,0.5
GWETROOT,2008,-2,38.125,0.45,0.43,0.43,0.46,0.44,0.43,0.42,0.41,0.4,0.41,0.45,0.42,0.43
GWETROOT,2008,-2,38.75,0.5,0.49,0.5,0.52,0.5,0.49,0.49,0.48,0.48,0.49,0.52,0.48,0.49
GWETROOT,2008,-2,39.375,0.52,0.5,0.52,0.56,0.54,0.54,0.51,0.51,0.5,0.51,0.54,0.5,0.52
GWETROOT,2008,-2,40,0.48,0.46,0.48,0.52,0.53,0.52,0.49,0.48,0.47,0.47,0.5,0.47,0.49
GWETROOT,2008,-2,40.625,0.49,0.47,0.48,0.51,0.56,0.59,0.54,0.51,0.48,0.47,0.5,0.47,0.51
GWETROOT,2008,-2,41.25,0.4,0.38,0.38,0.41,0.46,0.51,0.46,0.43,0.4,0.38,0.4,0.37,0.42
GWETROOT,2008,-2.5,34.375,0.54,0.6,0.63,0.66,0.56,0.5,0.49,0.49,0.5,0.56,0.62,0.56,0.56
GWETROOT,2008,-2.5,35,0.53,0.57,0.6,0.69,0.62,0.53,0.48,0.47,0.48,0.51,0.56,0.52,0.55
GWETROOT,2008,-2.5,35.625,0.5,0.5,0.53,0.64,0.6,0.52,0.48,0.47,0.48,0.49,0.52,0.49,0.52
GWETROOT,2008,-2.5,36.25,0.45,0.46,0.47,0.51,0.48,0.45,0.43,0.43,0.43,0.43,0.45,0.44,0.45
GWETROOT,2008,-2.5,36.875,0.59,0.6,0.6,0.65,0.62,0.58,0.57,0.57,0.58,0.58,0.62,0.59,0.6
GWETROOT,2008,-2.5,37.5,0.57,0.57,0.57,0.63,0.6,0.56,0.54,0.54,0.54,0.54,0.59,0.56,0.57
GWETROOT,2008,-2.5,38.125,0.52,0.5,0.5,0.54,0.52,0.51,0.49,0.48,0.48,0.48,0.53,0.51,0.5
GWETROOT,2008,-2.5,38.75,0.54,0.52,0.54,0.57,0.54,0.53,0.52,0.52,0.51,0.52,0.56,0.52,0.53
GWETROOT,2008,-2.5,39.375,0.62,0.6,0.63,0.68,0.68,0.67,0.63,0.62,0.6,0.61,0.64,0.6,0.63
GWETROOT,2008,-2.5,40,0.41,0.39,0.42,0.45,0.47,0.47,0.43,0.42,0.4,0.4,0.42,0.39,0.42
GWETROOT,2008,-2.5,40.625,0.43,0.4,0.42,0.44,0.5,0.53,0.47,0.45,0.42,0.4,0.42,0.4,0.44
GWETROOT,2008,-2.5,41.25,,,,,,,,,,,,,
GWETROOT,2008,-3,34.375,0.55,0.65,0.65,0.66,0.55,0.47,0.46,0.46,0.46,0.48,0.54,0.52,0.54
GWETROOT,2008,-3,35,0.53,0.61,0.64,0.73,0.65,0.54,0.47,0.46,0.46,0.47,0.51,0.5,0.55
GWETROOT,2008,-3,35.625,0.52,0.56,0.6,0.75,0.77,0.64,0.56,0.51,0.48,0.47,0.51,0.51,0.57
GWETROOT,2008,-3,36.25,0.57,0.6,0.62,0.71,0.69,0.61,0.57,0.55,0.55,0.55,0.58,0.57,0.6
GWETROOT,2008,-3,36.875,0.61,0.64,0.65,0.77,0.77,0.69,0.63,0.59,0.58,0.58,0.63,0.61,0.65
GWETROOT,2008,-3,37.5,0.52,0.55,0.57,0.68,0.68,0.61,0.56,0.53,0.49,0.48,0.54,0.53,0.56
GWETROOT,2008,-3,38.125,0.52,0.5,0.51,0.55,0.54,0.53,0.5,0.49,0.48,0.48,0.53,0.52,0.51
GWETROOT,2008,-3,38.75,0.53,0.51,0.54,0.57,0.55,0.54,0.52,0.51,0.51,0.51,0.56,0.53,0.53
GWETROOT,2008,-3,39.375,0.62,0.61,0.64,0.68,0.68,0.68,0.64,0.62,0.61,0.6,0.64,0.61,0.64
GWETROOT,2008,-3,40,0.41,0.39,0.42,0.45,0.47,0.48,0.43,0.42,0.4,0.39,0.42,0.39,0.42
GWETROOT,2008,-3,40.625,0.43,0.41,0.43,0.46,0.52,0.55,0.48,0.45,0.41,0.4,0.42,0.4,0.45
GWETROOT,2008,-3,41.25,,,,,,,,,,,,,
GWETROOT,2008,-3.5,34.375,0.54,0.63,0.62,0.6,0.51,0.46,0.46,0.46,0.46,0.47,0.51,0.51,0.52
GWETROOT,2008,-3.5,35,0.52,0.57,0.59,0.64,0.57,0.5,0.47,0.46,0.46,0.46,0.49,0.49,0.52
GWETROOT,2008,-3.5,35.625,0.5,0.53,0.56,0.63,0.61,0.55,0.52,0.49,0.48,0.48,0.5,0.5,0.53
GWETROOT,2008,-3.5,36.25,0.5,0.54,0.56,0.64,0.61,0.54,0.49,0.48,0.48,0.49,0.52,0.5,0.53
GWETROOT,2008,-3.5,36.875,0.47,0.51,0.53,0.64,0.63,0.55,0.5,0.47,0.46,0.47,0.51,0.49,0.52
GWETROOT,2008,-3.5,37.5,0.47,0.48,0.5,0.57,0.58,0.54,0.51,0.48,0.47,0.47,0.5,0.48,0.5
GWETROOT,2008,-3.5,38.125,0.49,0.48,0.5,0.53,0.51,0.51,0.49,0.49,0.47,0.47,0.51,0.49,0.49
GWETROOT,2008,-3.5,38.75,0.52,0.5,0.52,0.57,0.55,0.55,0.52,0.52,0.5,0.49,0.54,0.52,0.52
GWETROOT,2008,-3.5,39.375,0.59,0.58,0.62,0.66,0.66,0.66,0.62,0.61,0.59,0.58,0.61,0.59,0.61
GWETROOT,2008,-3.5,40,0.5,0.48,0.51,0.56,0.57,0.56,0.52,0.51,0.49,0.48,0.51,0.49,0.52
GWETROOT,2008,-3.5,40.625,0.43,0.41,0.43,0.47,0.53,0.57,0.49,0.45,0.41,0.4,0.42,0.4,0.45
GWETROOT,2008,-3.5,41.25,,,,,,,,,,,,,
GWETROOT,2008,-4,34.375,0.51,0.57,0.56,0.54,0.49,0.46,0.46,0.46,0.46,0.46,0.49,0.49,0.5
GWETROOT,2008,-4,35,0.54,0.58,0.6,0.62,0.57,0.53,0.52,0.51,0.51,0.51,0.53,0.54,0.55
GWETROOT,2008,-4,35.625,0.52,0.54,0.57,0.62,0.59,0.56,0.53,0.51,0.5,0.5,0.52,0.52,0.54
GWETROOT,2008,-4,36.25,0.49,0.52,0.53,0.58,0.55,0.51,0.48,0.47,0.47,0.47,0.5,0.49,0.5
GWETROOT,2008,-4,36.875,0.48,0.51,0.52,0.57,0.55,0.51,0.49,0.47,0.47,0.47,0.51,0.49,0.5
GWETROOT,2008,-4,37.5,0.5,0.52,0.53,0.57,0.54,0.52,0.5,0.5,0.49,0.49,0.53,0.51,0.52
GWETROOT,2008,-4,38.125,0.55,0.55,0.57,0.59,0.57,0.57,0.56,0.55,0.54,0.54,0.58,0.55,0.56
GWETROOT,2008,-4,38.75,0.51,0.5,0.52,0.56,0.55,0.55,0.52,0.52,0.5,0.49,0.53,0.51,0.52
GWETROOT,2008,-4,39.375,0.46,0.45,0.48,0.52,0.52,0.52,0.48,0.47,0.46,0.45,0.47,0.46,0.48
GWETROOT,2008,-4,40,0.43,0.42,0.46,0.55,0.55,0.53,0.48,0.47,0.44,0.42,0.46,0.43,0.47
GWETROOT,2008,-4,40.625,,,,,,,,,,,,,
GWETROOT,2008,-4,41.25,,,,,,,,,,,,,
GWETROOT,2008,-4.5,34.375,0.44,0.47,0.48,0.45,0.42,0.41,0.4,0.4,0.4,0.4,0.42,0.43,0.43
GWETROOT,2008,-4.5,35,0.46,0.49,0.52,0.54,0.48,0.46,0.44,0.44,0.43,0.43,0.45,0.46,0.47
GWETROOT,2008,-4.5,35.625,0.44,0.46,0.49,0.53,0.49,0.46,0.45,0.43,0.42,0.41,0.44,0.45,0.46
GWETROOT,2008,-4.5,36.25,0.48,0.51,0.53,0.56,0.52,0.49,0.48,0.47,0.47,0.47,0.49,0.49,0.5
GWETROOT,2008,-4.5,36.875,0.49,0.52,0.53,0.56,0.52,0.5,0.48,0.47,0.47,0.47,0.51,0.49,0.5
GWETROOT,2008,-4.5,37.5,0.49,0.51,0.52,0.57,0.53,0.51,0.49,0.48,0.48,0.48,0.52,0.5,0.51
GWETROOT,2008,-4.5,38.125,0.61,0.6,0.63,0.69,0.68,0.67,0.65,0.64,0.61,0.6,0.64,0.62,0.64
GWETROOT,2008,-4.5,38.75,0.58,0.57,0.6,0.68,0.68,0.66,0.63,0.62,0.59,0.57,0.61,0.59,0.62
GWETROOT,2008,-4.5,39.375,0.43,0.42,0.45,0.54,0.53,0.52,0.47,0.46,0.44,0.42,0.45,0.43,0.46
GWETROOT,2008,-4.5,40,0.41,0.4,0.42,0.51,0.49,0.46,0.43,0.42,0.4,0.39,0.41,0.4,0.43
GWETROOT,2008,-4.5,40.625,,,,,,,,,,,,,
GWETROOT,2008,-4.5,41.25,,,,,,,,,,,,,
GWETROOT,2008,0.5,34.375,0.44,0.5,0.5,0.55,0.53,0.6,0.56,0.58,0.6,0.65,0.66,0.55,0.56
GWETROOT,2008,0.5,35,0.54,0.53,0.53,0.61,0.61,0.66,0.64,0.66,0.67,0.73,0.77,0.67,0.64
GWETROOT,2008,0.5,35.625,0.41,0.4,0.4,0.49,0.49,0.49,0.46,0.48,0.46,0.51,0.55,0.46,0.47
GWETROOT,2008,0.5,36.25,0.41,0.4,0.4,0.44,0.44,0.45,0.46,0.49,0.48,0.49,0.51,0.45,0.45
GWETROOT,2008,0.5,36.875,0.51,0.5,0.49,0.52,0.52,0.52,0.53,0.55,0.53,0.54,0.57,0.52,0.53
GWETROOT,2008,0.5,37.5,0.37,0.35,0.34,0.37,0.37,0.35,0.35,0.36,0.35,0.37,0.41,0.37,0.36
GWETROOT,2008,0.5,38.125,0.37,0.35,0.34,0.36,0.36,0.34,0.34,0.33,0.33,0.35,0.41,0.37,0.35
GWETROOT,2008,0.5,38.75,0.37,0.35,0.34,0.36,0.36,0.34,0.33,0.33,0.33,0.34,0.41,0.38,0.35
GWETROOT,2008,0.5,39.375,0.39,0.37,0.35,0.39,0.39,0.36,0.35,0.35,0.35,0.36,0.47,0.41,0.38
GWETROOT,2008,0.5,40,0.38,0.36,0.34,0.38,0.39,0.36,0.34,0.33,0.33,0.34,0.48,0.41,0.37
GWETROOT,2008,0.5,40.625,0.39,0.37,0.35,0.4,0.39,0.39,0.37,0.35,0.34,0.34,0.48,0.4,0.38
GWETROOT,2008,0.5,41.25,0.41,0.39,0.38,0.42,0.41,0.42,0.4,0.38,0.37,0.37,0.48,0.4,0.4
GWETROOT,2008,1,34.375,0.58,0.59,0.57,0.61,0.62,0.67,0.68,0.71,0.74,0.79,0.82,0.73,0.68
GWETROOT,2008,1,35,0.52,0.5,0.49,0.56,0.58,0.66,0.65,0.68,0.7,0.75,0.81,0.66,0.63
GWETROOT,2008,1,35.625,0.38,0.36,0.37,0.46,0.48,0.49,0.45,0.48,0.46,0.5,0.52,0.42,0.45
GWETROOT,2008,1,36.25,0.36,0.35,0.35,0.37,0.37,0.38,0.39,0.44,0.41,0.41,0.42,0.37,0.39
GWETROOT,2008,1,36.875,0.39,0.36,0.34,0.36,0.36,0.36,0.37,0.41,0.39,0.4,0.42,0.38,0.38
GWETROOT,2008,1,37.5,0.38,0.36,0.34,0.35,0.35,0.34,0.34,0.34,0.33,0.35,0.39,0.36,0.35
GWETROOT,2008,1,38.125,0.35,0.34,0.33,0.35,0.34,0.33,0.33,0.33,0.33,0.34,0.38,0.35,0.34
GWETROOT,2008,1,38.75,0.38,0.36,0.35,0.37,0.36,0.35,0.35,0.35,0.35,0.36,0.41,0.37,0.36
GWETROOT,2008,1,39.375,0.39,0.37,0.36,0.4,0.39,0.37,0.36,0.36,0.36,0.37,0.47,0.41,0.38
GWETROOT,2008,1,40,0.38,0.36,0.33,0.39,0.39,0.35,0.33,0.33,0.33,0.34,0.5,0.41,0.37
GWETROOT,2008,1,40.625,0.41,0.39,0.36,0.42,0.41,0.4,0.37,0.36,0.35,0.36,0.55,0.45,0.4
GWETROOT,2008,1,41.25,0.46,0.44,0.42,0.48,0.46,0.46,0.44,0.43,0.42,0.42,0.56,0.49,0.46
GWETROOT,2008,1.5,34.375,0.47,0.48,0.48,0.49,0.51,0.54,0.54,0.55,0.57,0.58,0.57,0.5,0.52
GWETROOT,2008,1.5,35,0.41,0.41,0.42,0.46,0.5,0.55,0.53,0.56,0.57,0.58,0.61,0.48,0.51
GWETROOT,2008,1.5,35.625,0.33,0.33,0.34,0.36,0.38,0.4,0.37,0.4,0.39,0.41,0.43,0.36,0.38
GWETROOT,2008,1.5,36.25,0.36,0.36,0.36,0.37,0.36,0.37,0.37,0.4,0.38,0.38,0.38,0.36,0.37
GWETROOT,2008,1.5,36.875,0.4,0.38,0.35,0.35,0.35,0.34,0.34,0.35,0.34,0.35,0.37,0.35,0.36
GWETROOT,2008,1.5,37.5,0.36,0.35,0.34,0.35,0.34,0.34,0.34,0.35,0.34,0.35,0.36,0.34,0.35
GWETROOT,2008,1.5,38.125,0.37,0.36,0.35,0.37,0.35,0.35,0.34,0.34,0.34,0.35,0.38,0.35,0.35
GWETROOT,2008,1.5,38.75,0.47,0.45,0.45,0.47,0.46,0.45,0.45,0.45,0.45,0.46,0.49,0.46,0.46
GWETROOT,2008,1.5,39.375,0.4,0.38,0.36,0.4,0.4,0.37,0.36,0.36,0.35,0.36,0.47,0.42,0.39
GWETROOT,2008,1.5,40,0.41,0.39,0.37,0.42,0.42,0.38,0.37,0.37,0.37,0.38,0.49,0.43,0.4
GWETROOT,2008,1.5,40.625,0.47,0.44,0.41,0.49,0.48,0.45,0.43,0.41,0.41,0.41,0.62,0.52,0.46
GWETROOT,2008,1.5,41.25,0.39,0.36,0.33,0.41,0.41,0.4,0.38,0.35,0.33,0.33,0.54,0.44,0.39
GWETROOT,2008,2,34.375,0.46,0.47,0.47,0.47,0.49,0.51,0.51,0.52,0.53,0.53,0.52,0.47,0.5
GWETROOT,2008,2,35,0.4,0.4,0.4,0.42,0.44,0.47,0.47,0.49,0.49,0.5,0.52,0.43,0.45
GWETROOT,2008,2,35.625,0.33,0.33,0.33,0.35,0.35,0.35,0.34,0.36,0.35,0.36,0.37,0.33,0.35
GWETROOT,2008,2,36.25,0.37,0.37,0.37,0.38,0.37,0.38,0.38,0.38,0.37,0.38,0.38,0.37,0.38
GWETROOT,2008,2,36.875,0.39,0.38,0.36,0.37,0.36,0.36,0.36,0.36,0.36,0.36,0.37,0.36,0.37
GWETROOT,2008,2,37.5,0.37,0.35,0.34,0.35,0.34,0.33,0.34,0.34,0.33,0.34,0.36,0.34,0.34
GWETROOT,2008,2,38.125,0.42,0.4,0.39,0.42,0.4,0.39,0.39,0.39,0.38,0.4,0.44,0.4,0.4
GWETROOT,2008,2,38.75,0.41,0.4,0.39,0.42,0.41,0.39,0.39,0.38,0.38,0.4,0.44,0.4,0.4
GWETROOT,2008,2,39.375,0.38,0.36,0.34,0.4,0.4,0.35,0.33,0.33,0.33,0.34,0.44,0.38,0.36
GWETROOT,2008,2,40,0.42,0.4,0.38,0.45,0.45,0.4,0.38,0.37,0.37,0.39,0.5,0.43,0.41
GWETROOT,2008,2,40.625,0.6,0.57,0.56,0.65,0.61,0.58,0.57,0.56,0.56,0.56,0.74,0.62,0.6
GWETROOT,2008,2,41.25,0.46,0.43,0.41,0.5,0.48,0.45,0.43,0.41,0.41,0.41,0.6,0.49,0.46
GWETROOT,2008,2.5,34.375,0.43,0.42,0.43,0.43,0.44,0.45,0.46,0.46,0.47,0.47,0.47,0.43,0.45
GWETROOT,2008,2.5,35,0.37,0.37,0.37,0.39,0.41,0.41,0.4,0.41,0.41,0.43,0.45,0.39,0.4
GWETROOT,2008,2.5,35.625,0.34,0.33,0.33,0.36,0.37,0.34,0.33,0.34,0.34,0.35,0.37,0.33,0.34
GWETROOT,2008,2.5,36.25,0.36,0.36,0.36,0.38,0.37,0.36,0.36,0.36,0.36,0.36,0.37,0.36,0.36
GWETROOT,2008,2.5,36.875,0.36,0.35,0.35,0.36,0.36,0.35,0.35,0.35,0.35,0.35,0.37,0.35,0.35
GWETROOT,2008,2.5,37.5,0.39,0.38,0.38,0.39,0.38,0.37,0.37,0.37,0.37,0.38,0.4,0.37,0.38
GWETROOT,2008,2.5,38.125,0.39,0.37,0.37,0.4,0.39,0.36,0.36,0.36,0.36,0.37,0.43,0.38,0.38
GWETROOT,2008,2.5,38.75,0.38,0.37,0.37,0.4,0.39,0.36,0.36,0.36,0.36,0.37,0.43,0.38,0.38
GWETROOT,2008,2.5,39.375,0.37,0.35,0.34,0.4,0.4,0.36,0.34,0.34,0.34,0.35,0.44,0.38,0.37
GWETROOT,2008,2.5,40,0.41,0.39,0.38,0.46,0.46,0.41,0.38,0.38,0.38,0.39,0.5,0.43,0.41
GWETROOT,2008,2.5,40.625,0.5,0.48,0.47,0.55,0.53,0.49,0.48,0.48,0.47,0.47,0.61,0.52,0.5
GWETROOT,2008,2.5,41.25,0.29,0.27,0.26,0.31,0.3,0.29,0.28,0.27,0.25,0.25,0.36,0.3,0.29
GWETROOT,2008,3,34.375,0.45,0.45,0.45,0.47,0.46,0.47,0.49,0.47,0.49,0.51,0.52,0.46,0.47
GWETROOT,2008,3,35,0.34,0.33,0.33,0.37,0.39,0.36,0.36,0.35,0.36,0.4,0.44,0.36,0.37
GWETROOT,2008,3,35.625,0.33,0.33,0.33,0.37,0.38,0.34,0.33,0.33,0.34,0.34,0.37,0.33,0.34
GWETROOT,2008,3,36.25,0.34,0.33,0.34,0.36,0.36,0.33,0.33,0.33,0.34,0.34,0.36,0.33,0.34
GWETROOT,2008,3,36.875,0.34,0.33,0.34,0.36,0.36,0.33,0.33,0.33,0.33,0.34,0.36,0.33,0.34
GWETROOT,2008,3,37.5,0.31,0.3,0.31,0.34,0.33,0.3,0.3,0.3,0.3,0.31,0.34,0.31,0.31
GWETROOT,2008,3,38.125,0.36,0.35,0.35,0.39,0.39,0.35,0.34,0.34,0.34,0.36,0.43,0.37,0.36
GWETROOT,2008,3,38.75,0.41,0.39,0.4,0.45,0.44,0.4,0.39,0.39,0.39,0.41,0.47,0.41,0.41
GWETROOT,2008,3,39.375,0.35,0.34,0.34,0.4,0.41,0.35,0.33,0.34,0.33,0.35,0.44,0.37,0.36
GWETROOT,2008,3,40,0.39,0.37,0.37,0.45,0.44,0.39,0.37,0.37,0.37,0.38,0.49,0.4,0.4
GWETROOT,2008,3,40.625,0.4,0.39,0.37,0.44,0.44,0.4,0.39,0.39,0.38,0.38,0.49,0.42,0.41
GWETROOT,2008,3,41.25,0.31,0.3,0.29,0.33,0.33,0.31,0.3,0.3,0.29,0.29,0.37,0.32,0.31
GWETROOT,2008,3.5,34.375,0.36,0.34,0.34,0.37,0.37,0.39,0.42,0.41,0.42,0.46,0.49,0.39,0.4
GWETROOT,2008,3.5,35,0.34,0.33,0.33,0.37,0.38,0.35,0.35,0.34,0.36,0.39,0.43,0.35,0.36
GWETROOT,2008,3.5,35.625,0.34,0.33,0.34,0.37,0.39,0.33,0.33,0.33,0.34,0.35,0.37,0.33,0.35
GWETROOT,2008,3.5,36.25,0.34,0.33,0.34,0.39,0.39,0.34,0.33,0.33,0.34,0.34,0.36,0.33,0.35
GWETROOT,2008,3.5,36.875,0.34,0.33,0.34,0.41,0.42,0.35,0.33,0.33,0.33,0.34,0.37,0.33,0.35
GWETROOT,2008,3.5,37.5,0.38,0.37,0.38,0.44,0.44,0.39,0.37,0.37,0.37,0.38,0.41,0.37,0.39
GWETROOT,2008,3.5,38.125,0.35,0.33,0.34,0.41,0.43,0.37,0.34,0.33,0.34,0.36,0.43,0.36,0.37
GWETROOT,2008,3.5,38.75,0.36,0.35,0.36,0.43,0.44,0.38,0.36,0.35,0.35,0.38,0.45,0.38,0.38
GWETROOT,2008,3.5,39.375,0.4,0.38,0.39,0.46,0.47,0.41,0.39,0.38,0.38,0.41,0.49,0.41,0.41
GWETROOT,2008,3.5,40,0.4,0.38,0.38,0.45,0.45,0.4,0.38,0.38,0.38,0.4,0.49,0.41,0.41
GWETROOT,2008,3.5,40.625,0.53,0.52,0.51,0.58,0.56,0.52,0.52,0.52,0.51,0.52,0.63,0.54,0.54
GWETROOT,2008,3.5,41.25,0.36,0.35,0.33,0.38,0.38,0.35,0.35,0.34,0.34,0.34,0.43,0.37,0.36
GWETROOT,2008,4,34.375,0.47,0.46,0.46,0.48,0.47,0.48,0.5,0.49,0.5,0.54,0.55,0.48,0.49
GWETROOT,2008,4,35,0.43,0.42,0.43,0.47,0.47,0.44,0.44,0.43,0.45,0.47,0.5,0.43,0.45
GWETROOT,2008,4,35.625,0.34,0.33,0.34,0.4,0.43,0.36,0.33,0.33,0.34,0.35,0.38,0.34,0.36
GWETROOT,2008,4,36.25,0.34,0.33,0.34,0.41,0.42,0.35,0.33,0.33,0.33,0.34,0.36,0.33,0.35
GWETROOT,2008,4,36.875,0.34,0.33,0.34,0.42,0.44,0.37,0.34,0.33,0.33,0.35,0.38,0.33,0.36
GWETROOT,2008,4,37.5,0.38,0.37,0.38,0.45,0.45,0.4,0.38,0.37,0.37,0.39,0.41,0.37,0.39
GWETROOT,2008,4,38.125,0.43,0.42,0.43,0.48,0.48,0.45,0.43,0.43,0.43,0.45,0.5,0.44,0.45
GWETROOT,2008,4,38.75,0.59,0.58,0.59,0.63,0.63,0.59,0.59,0.59,0.59,0.61,0.65,0.59,0.6
GWETROOT,2008,4,39.375,0.59,0.58,0.58,0.64,0.64,0.59,0.58,0.58,0.59,0.6,0.66,0.59,0.6
GWETROOT,2008,4,40,0.47,0.45,0.46,0.52,0.52,0.47,0.46,0.46,0.46,0.47,0.55,0.47,0.48
GWETROOT,2008,4,40.625,0.53,0.52,0.51,0.58,0.57,0.53,0.52,0.52,0.52,0.53,0.63,0.54,0.54
GWETROOT,2008,4,41.25,0.37,0.35,0.35,0.41,0.4,0.37,0.35,0.35,0.35,0.36,0.46,0.4,0.38
GWETROOT,2008,4.5,34.375,0.58,0.58,0.58,0.6,0.59,0.6,0.6,0.59,0.6,0.62,0.61,0.58,0.59
GWETROOT,2008,4.5,35,0.49,0.48,0.49,0.53,0.53,0.5,0.5,0.49,0.51,0.53,0.54,0.49,0.51
GWETROOT,2008,4.5,35.625,0.34,0.33,0.34,0.42,0.45,0.37,0.33,0.33,0.34,0.36,0.39,0.34,0.36
GWETROOT,2008,4.5,36.25,0.34,0.33,0.34,0.42,0.43,0.36,0.33,0.33,0.34,0.35,0.37,0.33,0.36
GWETROOT,2008,4.5,36.875,0.33,0.33,0.34,0.42,0.44,0.37,0.34,0.33,0.34,0.36,0.39,0.34,0.36
GWETROOT,2008,4.5,37.5,0.51,0.51,0.52,0.56,0.56,0.52,0.51,0.51,0.52,0.53,0.55,0.51,0.53
GWETROOT,2008,4.5,38.125,0.58,0.57,0.58,0.6,0.6,0.58,0.58,0.58,0.59,0.6,0.64,0.59,0.59
GWETROOT,2008,4.5,38.75,0.55,0.54,0.54,0.57,0.57,0.55,0.55,0.55,0.56,0.57,0.61,0.56,0.56
GWETROOT,2008,4.5,39.375,0.48,0.47,0.47,0.51,0.51,0.48,0.47,0.47,0.47,0.49,0.54,0.48,0.49
GWETROOT,2008,4.5,40,0.41,0.4,0.4,0.45,0.45,0.41,0.4,0.4,0.41,0.42,0.47,0.42,0.42
GWETROOT,2008,4.5,40.625,0.39,0.38,0.37,0.44,0.44,0.39,0.38,0.38,0.38,0.39,0.49,0.41,0.4
GWETROOT,2008,4.5,41.25,0.35,0.33,0.33,0.41,0.42,0.37,0.34,0.34,0.33,0.35,0.47,0.39,0.37
GWETROOT,2009,-0.5,34.375,0.54,0.56,0.52,0.73,0.81,0.77,0.66,0.57,0.56,0.6,0.64,0.73,0.64
GWETROOT,2009,-0.5,35,0.53,0.52,0.49,0.64,0.71,0.68,0.6,0.55,0.54,0.56,0.59,0.65,0.59
GWETROOT,2009,-0.5,35.625,0.45,0.44,0.42,0.49,0.52,0.49,0.46,0.44,0.45,0.46,0.47,0.5,0.47
GWETROOT,2009,-0.5,36.25,0.39,0.38,0.37,0.41,0.44,0.41,0.39,0.38,0.39,0.4,0.41,0.43,0.4
GWETROOT,2009,-0.5,36.875,0.38,0.37,0.36,0.4,0.42,0.4,0.37,0.37,0.36,0.39,0.41,0.43,0.39
GWETROOT,2009,-0.5,37.5,0.47,0.47,0.46,0.48,0.5,0.48,0.46,0.46,0.46,0.48,0.5,0.52,0.48
GWETROOT,2009,-0.5,38.125,0.48,0.47,0.47,0.48,0.48,0.47,0.47,0.46,0.46,0.5,0.5,0.52,0.48
GWETROOT,2009,-0.5,38.75,0.44,0.43,0.43,0.44,0.44,0.43,0.43,0.43,0.43,0.46,0.46,0.47,0.44
GWETROOT,2009,-0.5,39.375,0.39,0.39,0.39,0.4,0.4,0.4,0.39,0.39,0.39,0.44,0.44,0.44,0.41
GWETROOT,2009,-0.5,40,0.44,0.43,0.43,0.44,0.45,0.45,0.44,0.43,0.43,0.49,0.5,0.49,0.45
GWETROOT,2009,-0.5,40.625,0.46,0.45,0.45,0.47,0.48,0.5,0.47,0.46,0.46,0.55,0.54,0.51,0.48
GWETROOT,2009,-0.5,41.25,0.47,0.47,0.47,0.48,0.49,0.51,0.49,0.47,0.47,0.57,0.55,0.52,0.5
GWETROOT,2009,-1,34.375,0.52,0.54,0.5,0.59,0.64,0.61,0.54,0.51,0.51,0.53,0.56,0.63,0.56
GWETROOT,2009,-1,35,0.57,0.58,0.55,0.64,0.68,0.66,0.6,0.57,0.57,0.58,0.61,0.66,0.61
GWETROOT,2009,-1,35.625,0.49,0.5,0.47,0.56,0.6,0.57,0.52,0.5,0.5,0.5,0.54,0.57,0.53
GWETROOT,2009,-1,36.25,0.38,0.38,0.36,0.43,0.49,0.47,0.42,0.39,0.39,0.4,0.43,0.46,0.42
GWETROOT,2009,-1,36.875,0.47,0.47,0.46,0.49,0.52,0.5,0.46,0.46,0.46,0.48,0.51,0.53,0.48
GWETROOT,2009,-1,37.5,0.48,0.48,0.47,0.5,0.53,0.51,0.48,0.46,0.46,0.49,0.52,0.54,0.49
GWETROOT,2009,-1,38.125,0.48,0.47,0.47,0.48,0.48,0.47,0.47,0.47,0.46,0.49,0.49,0.51,0.48
GWETROOT,2009,-1,38.75,0.48,0.47,0.47,0.48,0.47,0.47,0.47,0.46,0.46,0.49,0.49,0.5,0.48
GWETROOT,2009,-1,39.375,0.46,0.46,0.46,0.47,0.47,0.47,0.46,0.46,0.46,0.49,0.49,0.49,0.47
GWETROOT,2009,-1,40,0.54,0.53,0.53,0.55,0.55,0.55,0.54,0.54,0.53,0.58,0.59,0.58,0.55
GWETROOT,2009,-1,40.625,0.47,0.47,0.47,0.49,0.5,0.52,0.5,0.48,0.47,0.57,0.56,0.53,0.5
GWETROOT,2009,-1,41.25,0.47,0.47,0.47,0.48,0.49,0.52,0.5,0.48,0.47,0.56,0.56,0.53,0.5
GWETROOT,2009,-1.5,34.375,0.59,0.64,0.59,0.7,0.72,0.67,0.59,0.59,0.6,0.62,0.65,0.7,0.64
GWETROOT,2009,-1.5,35,0.56,0.61,0.56,0.67,0.7,0.65,0.57,0.55,0.55,0.57,0.62,0.65,0.6
GWETROOT,2009,-1.5,35.625,0.48,0.51,0.48,0.59,0.64,0.6,0.52,0.47,0.47,0.48,0.54,0.57,0.53
GWETROOT,2009,-1.5,36.25,0.39,0.4,0.39,0.45,0.49,0.47,0.41,0.39,0.39,0.4,0.42,0.44,0.42
GWETROOT,2009,-1.5,36.875,0.59,0.6,0.59,0.62,0.64,0.62,0.59,0.59,0.59,0.6,0.61,0.63,0.61
GWETROOT,2009,-1.5,37.5,0.46,0.46,0.45,0.48,0.49,0.47,0.45,0.44,0.44,0.47,0.49,0.52,0.47
GWETROOT,2009,-1.5,38.125,0.44,0.43,0.42,0.44,0.44,0.43,0.42,0.41,0.41,0.45,0.47,0.49,0.44
GWETROOT,2009,-1.5,38.75,0.47,0.47,0.47,0.48,0.48,0.47,0.47,0.47,0.47,0.49,0.49,0.51,0.48
GWETROOT,2009,-1.5,39.375,0.47,0.47,0.47,0.48,0.48,0.47,0.47,0.47,0.47,0.5,0.5,0.5,0.48
GWETROOT,2009,-1.5,40,0.54,0.53,0.53,0.55,0.55,0.56,0.54,0.54,0.53,0.59,0.59,0.58,0.55
GWETROOT,2009,-1.5,40.625,0.48,0.48,0.48,0.5,0.51,0.53,0.51,0.49,0.49,0.57,0.57,0.55,0.51
GWETROOT,2009,-1.5,41.25,0.47,0.46,0.46,0.48,0.5,0.53,0.51,0.48,0.47,0.56,0.59,0.55,0.51
GWETROOT,2009,-1.80E-13,34.375,0.46,0.49,0.43,0.61,0.66,0.61,0.56,0.5,0.51,0.5,0.51,0.55,0.53
GWETROOT,2009,-1.80E-13,35,0.59,0.55,0.51,0.66,0.71,0.67,0.64,0.61,0.6,0.61,0.62,0.62,0.62
GWETROOT,2009,-1.80E-13,35.625,0.48,0.46,0.43,0.51,0.55,0.51,0.49,0.48,0.47,0.49,0.5,0.5,0.49
GWETROOT,2009,-1.80E-13,36.25,0.44,0.43,0.42,0.45,0.48,0.45,0.44,0.44,0.44,0.45,0.46,0.46,0.45
GWETROOT,2009,-1.80E-13,36.875,0.39,0.38,0.36,0.39,0.41,0.39,0.37,0.36,0.36,0.39,0.41,0.42,0.39
GWETROOT,2009,-1.80E-13,37.5,0.43,0.42,0.4,0.42,0.45,0.42,0.4,0.4,0.39,0.43,0.46,0.47,0.42
GWETROOT,2009,-1.80E-13,38.125,0.43,0.42,0.41,0.41,0.41,0.4,0.4,0.4,0.4,0.44,0.46,0.46,0.42
GWETROOT,2009,-1.80E-13,38.75,0.37,0.36,0.35,0.36,0.36,0.35,0.35,0.35,0.35,0.39,0.4,0.4,0.37
GWETROOT,2009,-1.80E-13,39.375,0.34,0.33,0.33,0.34,0.35,0.34,0.33,0.33,0.33,0.37,0.39,0.38,0.35
GWETROOT,2009,-1.80E-13,40,0.35,0.34,0.34,0.35,0.36,0.35,0.34,0.34,0.34,0.39,0.42,0.41,0.36
GWETROOT,2009,-1.80E-13,40.625,0.4,0.39,0.39,0.41,0.41,0.41,0.4,0.39,0.39,0.46,0.47,0.45,0.41
GWETROOT,2009,-1.80E-13,41.25,0.42,0.42,0.42,0.44,0.44,0.44,0.42,0.42,0.42,0.51,0.49,0.46,0.44
GWETROOT,2009,-2,34.375,0.61,0.67,0.62,0.72,0.7,0.64,0.6,0.61,0.61,0.62,0.66,0.69,0.65
GWETROOT,2009,-2,35,0.57,0.64,0.58,0.7,0.69,0.63,0.56,0.55,0.56,0.57,0.62,0.65,0.61
GWETROOT,2009,-2,35.625,0.51,0.55,0.51,0.62,0.64,0.59,0.52,0.5,0.49,0.51,0.55,0.59,0.55
GWETROOT,2009,-2,36.25,0.36,0.36,0.36,0.39,0.4,0.38,0.36,0.35,0.35,0.36,0.36,0.39,0.37
GWETROOT,2009,-2,36.875,0.59,0.59,0.59,0.61,0.61,0.6,0.58,0.58,0.58,0.6,0.6,0.63,0.6
GWETROOT,2009,-2,37.5,0.49,0.49,0.48,0.51,0.51,0.5,0.48,0.48,0.48,0.5,0.52,0.54,0.5
GWETROOT,2009,-2,38.125,0.41,0.41,0.4,0.42,0.41,0.4,0.39,0.39,0.39,0.42,0.44,0.46,0.41
GWETROOT,2009,-2,38.75,0.49,0.48,0.48,0.5,0.49,0.49,0.48,0.48,0.48,0.51,0.51,0.52,0.49
GWETROOT,2009,-2,39.375,0.5,0.5,0.5,0.52,0.52,0.51,0.51,0.5,0.5,0.55,0.54,0.55,0.52
GWETROOT,2009,-2,40,0.47,0.46,0.46,0.48,0.49,0.49,0.47,0.47,0.46,0.52,0.51,0.51,0.48
GWETROOT,2009,-2,40.625,0.46,0.46,0.46,0.48,0.5,0.52,0.5,0.48,0.47,0.54,0.56,0.54,0.5
GWETROOT,2009,-2,41.25,0.37,0.37,0.37,0.38,0.41,0.43,0.42,0.4,0.38,0.43,0.46,0.43,0.4
GWETROOT,2009,-2.5,34.375,0.53,0.62,0.58,0.66,0.59,0.53,0.49,0.49,0.5,0.5,0.58,0.61,0.56
GWETROOT,2009,-2.5,35,0.5,0.6,0.55,0.64,0.59,0.52,0.47,0.47,0.47,0.48,0.57,0.61,0.54
GWETROOT,2009,-2.5,35.625,0.48,0.53,0.49,0.56,0.53,0.5,0.47,0.47,0.47,0.48,0.53,0.59,0.51
GWETROOT,2009,-2.5,36.25,0.43,0.44,0.43,0.45,0.44,0.44,0.43,0.43,0.43,0.43,0.45,0.48,0.44
GWETROOT,2009,-2.5,36.875,0.58,0.59,0.58,0.59,0.58,0.58,0.57,0.57,0.57,0.58,0.6,0.64,0.59
GWETROOT,2009,-2.5,37.5,0.54,0.55,0.54,0.56,0.55,0.54,0.54,0.53,0.53,0.56,0.58,0.62,0.55
GWETROOT,2009,-2.5,38.125,0.49,0.48,0.48,0.5,0.49,0.49,0.48,0.48,0.48,0.51,0.53,0.55,0.5
GWETROOT,2009,-2.5,38.75,0.52,0.52,0.51,0.54,0.52,0.52,0.51,0.51,0.51,0.55,0.55,0.57,0.53
GWETROOT,2009,-2.5,39.375,0.6,0.6,0.6,0.64,0.63,0.62,0.6,0.6,0.6,0.66,0.66,0.67,0.62
GWETROOT,2009,-2.5,40,0.39,0.38,0.38,0.41,0.42,0.42,0.4,0.39,0.39,0.46,0.46,0.45,0.41
GWETROOT,2009,-2.5,40.625,0.39,0.39,0.39,0.41,0.44,0.46,0.44,0.42,0.4,0.47,0.52,0.47,0.43
GWETROOT,2009,-2.5,41.25,,,,,,,,,,,,,
GWETROOT,2009,-3,34.375,0.53,0.68,0.62,0.66,0.56,0.48,0.46,0.46,0.46,0.46,0.58,0.61,0.55
GWETROOT,2009,-3,35,0.5,0.64,0.59,0.64,0.56,0.49,0.46,0.46,0.46,0.47,0.58,0.63,0.54
GWETROOT,2009,-3,35.625,0.49,0.56,0.54,0.59,0.56,0.52,0.48,0.46,0.46,0.47,0.57,0.65,0.53
GWETROOT,2009,-3,36.25,0.56,0.58,0.56,0.59,0.57,0.56,0.55,0.55,0.55,0.56,0.6,0.65,0.57
GWETROOT,2009,-3,36.875,0.58,0.59,0.58,0.61,0.6,0.59,0.58,0.57,0.57,0.6,0.66,0.72,0.6
GWETROOT,2009,-3,37.5,0.49,0.49,0.48,0.51,0.51,0.5,0.48,0.48,0.48,0.5,0.56,0.61,0.51
GWETROOT,2009,-3,38.125,0.48,0.48,0.48,0.51,0.49,0.49,0.48,0.47,0.47,0.52,0.53,0.56,0.5
GWETROOT,2009,-3,38.75,0.51,0.51,0.51,0.54,0.52,0.52,0.51,0.51,0.51,0.56,0.55,0.57,0.53
GWETROOT,2009,-3,39.375,0.6,0.6,0.6,0.64,0.62,0.63,0.6,0.6,0.6,0.67,0.66,0.66,0.62
GWETROOT,2009,-3,40,0.38,0.38,0.37,0.41,0.41,0.42,0.4,0.39,0.38,0.45,0.47,0.45,0.41
GWETROOT,2009,-3,40.625,0.38,0.38,0.37,0.41,0.44,0.46,0.43,0.41,0.39,0.47,0.55,0.48,0.43
GWETROOT,2009,-3,41.25,,,,,,,,,,,,,
GWETROOT,2009,-3.5,34.375,0.53,0.66,0.6,0.62,0.53,0.47,0.46,0.46,0.46,0.46,0.56,0.59,0.53
GWETROOT,2009,-3.5,35,0.5,0.6,0.55,0.59,0.52,0.48,0.46,0.46,0.46,0.46,0.54,0.58,0.52
GWETROOT,2009,-3.5,35.625,0.49,0.54,0.52,0.55,0.52,0.5,0.48,0.48,0.48,0.48,0.53,0.58,0.51
GWETROOT,2009,-3.5,36.25,0.49,0.51,0.49,0.52,0.5,0.49,0.48,0.48,0.48,0.49,0.53,0.58,0.5
GWETROOT,2009,-3.5,36.875,0.46,0.47,0.47,0.5,0.49,0.47,0.46,0.46,0.46,0.48,0.52,0.56,0.48
GWETROOT,2009,-3.5,37.5,0.46,0.47,0.47,0.5,0.48,0.47,0.46,0.46,0.46,0.48,0.5,0.51,0.48
GWETROOT,2009,-3.5,38.125,0.47,0.47,0.47,0.5,0.48,0.49,0.47,0.47,0.47,0.51,0.5,0.52,0.49
GWETROOT,2009,-3.5,38.75,0.49,0.49,0.49,0.53,0.51,0.51,0.49,0.49,0.48,0.53,0.53,0.55,0.51
GWETROOT,2009,-3.5,39.375,0.58,0.58,0.58,0.62,0.61,0.61,0.59,0.58,0.58,0.64,0.63,0.63,0.6
GWETROOT,2009,-3.5,40,0.47,0.47,0.47,0.52,0.51,0.51,0.49,0.48,0.47,0.54,0.54,0.54,0.5
GWETROOT,2009,-3.5,40.625,0.38,0.38,0.37,0.41,0.44,0.46,0.43,0.41,0.39,0.47,0.55,0.48,0.43
GWETROOT,2009,-3.5,41.25,,,,,,,,,,,,,
GWETROOT,2009,-4,34.375,0.52,0.58,0.55,0.56,0.5,0.47,0.46,0.46,0.46,0.46,0.52,0.54,0.51
GWETROOT,2009,-4,35,0.55,0.6,0.57,0.59,0.54,0.52,0.51,0.51,0.51,0.51,0.56,0.59,0.55
GWETROOT,2009,-4,35.625,0.51,0.55,0.53,0.56,0.53,0.51,0.5,0.49,0.49,0.49,0.53,0.57,0.52
GWETROOT,2009,-4,36.25,0.48,0.5,0.49,0.51,0.48,0.47,0.47,0.47,0.47,0.48,0.51,0.54,0.49
GWETROOT,2009,-4,36.875,0.47,0.49,0.47,0.5,0.48,0.47,0.46,0.46,0.46,0.47,0.5,0.53,0.48
GWETROOT,2009,-4,37.5,0.49,0.5,0.49,0.52,0.5,0.49,0.49,0.49,0.49,0.5,0.51,0.53,0.5
GWETROOT,2009,-4,38.125,0.54,0.54,0.54,0.57,0.55,0.55,0.54,0.54,0.54,0.57,0.56,0.58,0.55
GWETROOT,2009,-4,38.75,0.49,0.49,0.5,0.53,0.51,0.51,0.5,0.49,0.49,0.53,0.52,0.54,0.51
GWETROOT,2009,-4,39.375,0.44,0.45,0.45,0.48,0.47,0.47,0.46,0.45,0.44,0.49,0.48,0.48,0.46
GWETROOT,2009,-4,40,0.41,0.41,0.41,0.46,0.44,0.44,0.42,0.41,0.39,0.47,0.47,0.48,0.43
GWETROOT,2009,-4,40.625,,,,,,,,,,,,,
GWETROOT,2009,-4,41.25,,,,,,,,,,,,,
GWETROOT,2009,-4.5,34.375,0.45,0.49,0.46,0.48,0.43,0.41,0.4,0.4,0.4,0.39,0.45,0.46,0.43
GWETROOT,2009,-4.5,35,0.47,0.52,0.48,0.51,0.46,0.44,0.43,0.43,0.43,0.43,0.47,0.49,0.46
GWETROOT,2009,-4.5,35.625,0.43,0.48,0.45,0.48,0.45,0.43,0.42,0.41,0.41,0.41,0.45,0.48,0.44
GWETROOT,2009,-4.5,36.25,0.47,0.51,0.48,0.51,0.48,0.47,0.47,0.47,0.47,0.47,0.5,0.53,0.49
GWETROOT,2009,-4.5,36.875,0.47,0.5,0.48,0.51,0.48,0.47,0.47,0.47,0.47,0.48,0.49,0.53,0.48
GWETROOT,2009,-4.5,37.5,0.48,0.5,0.48,0.51,0.49,0.48,0.47,0.47,0.47,0.49,0.49,0.53,0.49
GWETROOT,2009,-4.5,38.125,0.59,0.6,0.59,0.64,0.62,0.62,0.6,0.59,0.58,0.62,0.62,0.64,0.61
GWETROOT,2009,-4.5,38.75,0.56,0.57,0.57,0.61,0.6,0.59,0.58,0.57,0.55,0.6,0.61,0.62,0.59
GWETROOT,2009,-4.5,39.375,0.41,0.41,0.41,0.47,0.45,0.45,0.43,0.41,0.4,0.46,0.45,0.47,0.44
GWETROOT,2009,-4.5,40,0.39,0.39,0.39,0.44,0.43,0.41,0.4,0.38,0.37,0.41,0.41,0.43,0.4
GWETROOT,2009,-4.5,40.625,,,,,,,,,,,,,
GWETROOT,2009,-4.5,41.25,,,,,,,,,,,,,
GWETROOT,2009,0.5,34.375,0.47,0.47,0.42,0.56,0.58,0.51,0.51,0.49,0.51,0.48,0.47,0.47,0.5
GWETROOT,2009,0.5,35,0.57,0.51,0.47,0.57,0.62,0.57,0.58,0.57,0.56,0.57,0.55,0.53,0.56
GWETROOT,2009,0.5,35.625,0.42,0.4,0.38,0.46,0.51,0.47,0.46,0.45,0.44,0.47,0.46,0.45,0.45
GWETROOT,2009,0.5,36.25,0.42,0.4,0.4,0.42,0.45,0.44,0.43,0.44,0.42,0.43,0.43,0.43,0.43
GWETROOT,2009,0.5,36.875,0.51,0.51,0.49,0.51,0.52,0.51,0.5,0.5,0.49,0.51,0.52,0.53,0.51
GWETROOT,2009,0.5,37.5,0.36,0.36,0.34,0.35,0.36,0.35,0.34,0.34,0.34,0.36,0.38,0.39,0.36
GWETROOT,2009,0.5,38.125,0.36,0.35,0.34,0.35,0.34,0.33,0.33,0.33,0.33,0.37,0.4,0.39,0.35
GWETROOT,2009,0.5,38.75,0.36,0.35,0.33,0.34,0.34,0.33,0.33,0.33,0.33,0.37,0.39,0.39,0.35
GWETROOT,2009,0.5,39.375,0.37,0.35,0.35,0.37,0.37,0.35,0.35,0.35,0.35,0.4,0.43,0.41,0.37
GWETROOT,2009,0.5,40,0.35,0.33,0.33,0.36,0.36,0.34,0.33,0.33,0.33,0.39,0.44,0.4,0.36
GWETROOT,2009,0.5,40.625,0.36,0.34,0.34,0.37,0.37,0.36,0.35,0.34,0.34,0.41,0.44,0.41,0.37
GWETROOT,2009,0.5,41.25,0.38,0.37,0.37,0.4,0.39,0.38,0.37,0.37,0.37,0.44,0.44,0.42,0.39
GWETROOT,2009,1,34.375,0.64,0.58,0.52,0.6,0.64,0.59,0.6,0.6,0.62,0.61,0.58,0.56,0.6
GWETROOT,2009,1,35,0.53,0.48,0.44,0.52,0.59,0.56,0.55,0.55,0.55,0.57,0.56,0.54,0.54
GWETROOT,2009,1,35.625,0.37,0.37,0.36,0.44,0.5,0.45,0.44,0.45,0.43,0.47,0.47,0.43,0.43
GWETROOT,2009,1,36.25,0.36,0.36,0.35,0.36,0.39,0.37,0.38,0.38,0.36,0.37,0.37,0.37,0.37
GWETROOT,2009,1,36.875,0.37,0.38,0.35,0.35,0.37,0.36,0.36,0.36,0.35,0.36,0.38,0.39,0.36
GWETROOT,2009,1,37.5,0.36,0.37,0.34,0.34,0.34,0.33,0.33,0.33,0.33,0.36,0.37,0.39,0.35
GWETROOT,2009,1,38.125,0.35,0.34,0.33,0.34,0.34,0.33,0.33,0.33,0.33,0.35,0.36,0.36,0.34
GWETROOT,2009,1,38.75,0.37,0.35,0.35,0.36,0.36,0.35,0.35,0.35,0.35,0.37,0.38,0.38,0.36
GWETROOT,2009,1,39.375,0.37,0.36,0.36,0.38,0.38,0.36,0.36,0.36,0.36,0.4,0.43,0.4,0.38
GWETROOT,2009,1,40,0.35,0.33,0.33,0.36,0.36,0.34,0.33,0.33,0.33,0.39,0.44,0.39,0.36
GWETROOT,2009,1,40.625,0.38,0.35,0.35,0.39,0.39,0.37,0.36,0.35,0.35,0.43,0.47,0.43,0.39
GWETROOT,2009,1,41.25,0.44,0.42,0.42,0.45,0.44,0.43,0.42,0.42,0.42,0.49,0.51,0.48,0.45
GWETROOT,2009,1.5,34.375,0.47,0.46,0.46,0.49,0.52,0.49,0.5,0.5,0.51,0.51,0.49,0.49,0.49
GWETROOT,2009,1.5,35,0.42,0.41,0.4,0.45,0.49,0.47,0.46,0.47,0.48,0.5,0.48,0.47,0.46
GWETROOT,2009,1.5,35.625,0.33,0.33,0.33,0.36,0.39,0.37,0.37,0.37,0.36,0.38,0.37,0.36,0.36
GWETROOT,2009,1.5,36.25,0.36,0.36,0.36,0.36,0.38,0.36,0.37,0.37,0.36,0.37,0.36,0.37,0.37
GWETROOT,2009,1.5,36.875,0.35,0.37,0.34,0.35,0.35,0.34,0.34,0.34,0.33,0.35,0.36,0.38,0.35
GWETROOT,2009,1.5,37.5,0.34,0.35,0.33,0.34,0.34,0.33,0.33,0.33,0.33,0.35,0.35,0.36,0.34
GWETROOT,2009,1.5,38.125,0.36,0.35,0.34,0.35,0.35,0.34,0.34,0.34,0.34,0.36,0.36,0.37,0.35
GWETROOT,2009,1.5,38.75,0.46,0.45,0.45,0.46,0.46,0.45,0.45,0.45,0.45,0.47,0.47,0.47,0.46
GWETROOT,2009,1.5,39.375,0.37,0.36,0.35,0.39,0.39,0.36,0.36,0.35,0.35,0.4,0.43,0.42,0.38
GWETROOT,2009,1.5,40,0.38,0.37,0.37,0.4,0.4,0.38,0.37,0.37,0.37,0.41,0.46,0.43,0.39
GWETROOT,2009,1.5,40.625,0.43,0.41,0.41,0.46,0.45,0.43,0.41,0.41,0.41,0.48,0.54,0.49,0.44
GWETROOT,2009,1.5,41.25,0.36,0.33,0.33,0.39,0.39,0.36,0.34,0.33,0.33,0.41,0.47,0.42,0.37
GWETROOT,2009,2,34.375,0.46,0.46,0.46,0.47,0.48,0.47,0.47,0.48,0.48,0.48,0.47,0.47,0.47
GWETROOT,2009,2,35,0.4,0.4,0.4,0.41,0.42,0.41,0.41,0.42,0.41,0.43,0.42,0.42,0.41
GWETROOT,2009,2,35.625,0.33,0.33,0.33,0.34,0.35,0.34,0.34,0.34,0.33,0.35,0.34,0.34,0.34
GWETROOT,2009,2,36.25,0.37,0.37,0.37,0.37,0.38,0.37,0.37,0.37,0.37,0.37,0.37,0.38,0.37
GWETROOT,2009,2,36.875,0.36,0.37,0.36,0.37,0.37,0.36,0.36,0.35,0.35,0.36,0.37,0.39,0.36
GWETROOT,2009,2,37.5,0.34,0.35,0.33,0.35,0.34,0.33,0.33,0.33,0.33,0.35,0.35,0.37,0.34
GWETROOT,2009,2,38.125,0.4,0.39,0.39,0.41,0.4,0.39,0.38,0.38,0.38,0.41,0.42,0.42,0.4
GWETROOT,2009,2,38.75,0.4,0.39,0.38,0.41,0.4,0.39,0.38,0.38,0.38,0.41,0.42,0.42,0.4
GWETROOT,2009,2,39.375,0.34,0.33,0.33,0.38,0.38,0.35,0.33,0.33,0.33,0.38,0.42,0.4,0.36
GWETROOT,2009,2,40,0.38,0.37,0.37,0.43,0.43,0.39,0.37,0.37,0.37,0.43,0.48,0.45,0.4
GWETROOT,2009,2,40.625,0.56,0.56,0.56,0.63,0.6,0.57,0.56,0.56,0.56,0.63,0.67,0.61,0.59
GWETROOT,2009,2,41.25,0.42,0.41,0.4,0.49,0.46,0.43,0.41,0.41,0.4,0.48,0.53,0.49,0.44
GWETROOT,2009,2.5,34.375,0.43,0.43,0.42,0.44,0.44,0.42,0.43,0.43,0.43,0.44,0.42,0.43,0.43
GWETROOT,2009,2.5,35,0.37,0.37,0.37,0.38,0.39,0.37,0.37,0.37,0.37,0.38,0.37,0.38,0.37
GWETROOT,2009,2.5,35.625,0.33,0.33,0.33,0.34,0.34,0.33,0.33,0.33,0.33,0.34,0.33,0.34,0.33
GWETROOT,2009,2.5,36.25,0.36,0.36,0.36,0.36,0.36,0.36,0.36,0.36,0.36,0.36,0.36,0.36,0.36
GWETROOT,2009,2.5,36.875,0.35,0.35,0.35,0.36,0.35,0.35,0.35,0.35,0.35,0.35,0.35,0.37,0.35
GWETROOT,2009,2.5,37.5,0.38,0.37,0.37,0.39,0.38,0.37,0.37,0.37,0.37,0.38,0.39,0.4,0.38
GWETROOT,2009,2.5,38.125,0.37,0.36,0.36,0.4,0.39,0.36,0.36,0.35,0.35,0.39,0.41,0.39,0.37
GWETROOT,2009,2.5,38.75,0.37,0.36,0.36,0.4,0.39,0.36,0.36,0.36,0.35,0.39,0.41,0.39,0.38
GWETROOT,2009,2.5,39.375,0.34,0.34,0.33,0.4,0.4,0.36,0.34,0.33,0.33,0.38,0.43,0.39,0.36
GWETROOT,2009,2.5,40,0.38,0.38,0.37,0.45,0.45,0.41,0.38,0.37,0.37,0.43,0.48,0.44,0.41
GWETROOT,2009,2.5,40.625,0.48,0.47,0.46,0.53,0.51,0.48,0.47,0.46,0.46,0.53,0.58,0.52,0.5
GWETROOT,2009,2.5,41.25,0.27,0.26,0.24,0.3,0.29,0.27,0.26,0.25,0.24,0.3,0.33,0.3,0.28
GWETROOT,2009,3,34.375,0.45,0.45,0.44,0.48,0.47,0.46,0.45,0.45,0.45,0.47,0.46,0.46,0.46
GWETROOT,2009,3,35,0.34,0.34,0.33,0.37,0.37,0.35,0.34,0.33,0.34,0.35,0.34,0.35,0.35
GWETROOT,2009,3,35.625,0.33,0.33,0.33,0.33,0.33,0.33,0.33,0.33,0.33,0.34,0.33,0.34,0.33
GWETROOT,2009,3,36.25,0.33,0.33,0.33,0.34,0.34,0.33,0.33,0.33,0.33,0.34,0.33,0.35,0.33
GWETROOT,2009,3,36.875,0.33,0.33,0.33,0.34,0.33,0.33,0.33,0.33,0.33,0.34,0.33,0.35,0.33
GWETROOT,2009,3,37.5,0.31,0.3,0.3,0.33,0.31,0.3,0.3,0.3,0.3,0.31,0.31,0.32,0.31
GWETROOT,2009,3,38.125,0.35,0.35,0.34,0.41,0.4,0.36,0.34,0.34,0.34,0.37,0.39,0.36,0.36
GWETROOT,2009,3,38.75,0.4,0.39,0.39,0.47,0.45,0.41,0.39,0.39,0.39,0.42,0.44,0.41,0.41
GWETROOT,2009,3,39.375,0.34,0.34,0.33,0.42,0.41,0.37,0.33,0.33,0.33,0.38,0.41,0.37,0.36
GWETROOT,2009,3,40,0.37,0.37,0.37,0.45,0.44,0.4,0.37,0.37,0.37,0.42,0.47,0.42,0.4
GWETROOT,2009,3,40.625,0.39,0.38,0.37,0.41,0.41,0.39,0.38,0.37,0.36,0.43,0.49,0.43,0.4
GWETROOT,2009,3,41.25,0.3,0.29,0.29,0.31,0.31,0.3,0.29,0.28,0.28,0.33,0.36,0.33,0.31
GWETROOT,2009,3.5,34.375,0.36,0.36,0.34,0.42,0.43,0.39,0.36,0.35,0.35,0.39,0.38,0.37,0.38
GWETROOT,2009,3.5,35,0.34,0.34,0.33,0.37,0.37,0.34,0.33,0.33,0.33,0.35,0.34,0.35,0.34
GWETROOT,2009,3.5,35.625,0.33,0.33,0.33,0.33,0.33,0.33,0.33,0.33,0.33,0.34,0.33,0.35,0.33
GWETROOT,2009,3.5,36.25,0.33,0.33,0.33,0.34,0.34,0.33,0.33,0.33,0.33,0.34,0.33,0.36,0.34
GWETROOT,2009,3.5,36.875,0.33,0.33,0.33,0.35,0.34,0.33,0.33,0.33,0.33,0.34,0.34,0.36,0.34
GWETROOT,2009,3.5,37.5,0.37,0.37,0.37,0.4,0.39,0.38,0.37,0.37,0.37,0.39,0.39,0.4,0.38
GWETROOT,2009,3.5,38.125,0.34,0.33,0.33,0.43,0.43,0.39,0.34,0.33,0.33,0.37,0.4,0.37,0.37
GWETROOT,2009,3.5,38.75,0.36,0.35,0.35,0.45,0.45,0.4,0.36,0.35,0.35,0.39,0.42,0.38,0.38
GWETROOT,2009,3.5,39.375,0.38,0.38,0.38,0.48,0.48,0.43,0.39,0.38,0.38,0.43,0.47,0.42,0.42
GWETROOT,2009,3.5,40,0.38,0.38,0.38,0.45,0.45,0.41,0.38,0.38,0.38,0.44,0.48,0.42,0.41
GWETROOT,2009,3.5,40.625,0.52,0.51,0.51,0.54,0.53,0.52,0.51,0.51,0.51,0.58,0.62,0.55,0.53
GWETROOT,2009,3.5,41.25,0.35,0.34,0.33,0.35,0.36,0.34,0.34,0.33,0.33,0.38,0.42,0.38,0.35
GWETROOT,2009,4,34.375,0.47,0.47,0.46,0.53,0.54,0.49,0.47,0.46,0.47,0.49,0.47,0.48,0.48
GWETROOT,2009,4,35,0.43,0.43,0.42,0.47,0.47,0.43,0.42,0.42,0.42,0.44,0.43,0.46,0.44
GWETROOT,2009,4,35.625,0.33,0.33,0.33,0.34,0.34,0.33,0.33,0.33,0.33,0.34,0.34,0.37,0.34
GWETROOT,2009,4,36.25,0.33,0.33,0.33,0.34,0.33,0.33,0.33,0.33,0.33,0.34,0.33,0.36,0.33
GWETROOT,2009,4,36.875,0.33,0.33,0.33,0.35,0.34,0.33,0.33,0.33,0.33,0.35,0.34,0.35,0.34
GWETROOT,2009,4,37.5,0.37,0.37,0.37,0.39,0.39,0.37,0.37,0.37,0.37,0.39,0.38,0.39,0.38
GWETROOT,2009,4,38.125,0.42,0.42,0.42,0.49,0.49,0.46,0.43,0.42,0.42,0.46,0.47,0.44,0.45
GWETROOT,2009,4,38.75,0.59,0.58,0.58,0.65,0.65,0.61,0.58,0.58,0.58,0.62,0.62,0.59,0.6
GWETROOT,2009,4,39.375,0.58,0.58,0.58,0.65,0.64,0.6,0.58,0.58,0.58,0.63,0.64,0.59,0.6
GWETROOT,2009,4,40,0.46,0.45,0.45,0.52,0.5,0.47,0.45,0.45,0.45,0.52,0.55,0.49,0.48
GWETROOT,2009,4,40.625,0.52,0.52,0.51,0.55,0.54,0.52,0.51,0.51,0.51,0.59,0.63,0.56,0.54
GWETROOT,2009,4,41.25,0.36,0.35,0.35,0.38,0.37,0.35,0.35,0.35,0.35,0.41,0.46,0.41,0.37
GWETROOT,2009,4.5,34.375,0.59,0.59,0.58,0.63,0.62,0.59,0.59,0.59,0.59,0.6,0.59,0.6,0.6
GWETROOT,2009,4.5,35,0.49,0.49,0.48,0.54,0.54,0.5,0.49,0.48,0.49,0.5,0.49,0.53,0.5
GWETROOT,2009,4.5,35.625,0.34,0.34,0.33,0.34,0.34,0.33,0.33,0.33,0.33,0.35,0.34,0.38,0.34
GWETROOT,2009,4.5,36.25,0.33,0.33,0.33,0.34,0.34,0.33,0.33,0.33,0.33,0.34,0.34,0.37,0.34
GWETROOT,2009,4.5,36.875,0.33,0.33,0.33,0.35,0.34,0.33,0.33,0.33,0.33,0.35,0.34,0.35,0.34
GWETROOT,2009,4.5,37.5,0.51,0.51,0.5,0.53,0.52,0.51,0.51,0.51,0.51,0.53,0.52,0.52,0.52
GWETROOT,2009,4.5,38.125,0.58,0.57,0.57,0.62,0.61,0.59,0.57,0.57,0.57,0.62,0.61,0.59,0.59
GWETROOT,2009,4.5,38.75,0.55,0.54,0.54,0.59,0.58,0.56,0.54,0.54,0.54,0.59,0.58,0.55,0.56
GWETROOT,2009,4.5,39.375,0.47,0.47,0.47,0.52,0.51,0.48,0.47,0.47,0.47,0.51,0.52,0.49,0.49
GWETROOT,2009,4.5,40,0.4,0.4,0.4,0.46,0.45,0.42,0.4,0.4,0.4,0.45,0.46,0.42,0.42
GWETROOT,2009,4.5,40.625,0.38,0.38,0.38,0.41,0.41,0.38,0.38,0.37,0.37,0.45,0.49,0.43,0.4
GWETROOT,2009,4.5,41.25,0.34,0.33,0.33,0.37,0.38,0.34,0.33,0.33,0.33,0.41,0.48,0.41,0.37
GWETROOT,2010,-0.5,34.375,0.84,0.69,0.78,0.81,0.91,0.82,0.68,0.6,0.63,0.68,0.7,0.67,0.73
GWETROOT,2010,-0.5,35,0.76,0.66,0.75,0.8,0.86,0.8,0.71,0.66,0.68,0.71,0.71,0.67,0.73
GWETROOT,2010,-0.5,35.625,0.57,0.52,0.6,0.64,0.7,0.67,0.64,0.63,0.65,0.66,0.66,0.63,0.63
GWETROOT,2010,-0.5,36.25,0.48,0.44,0.49,0.51,0.55,0.52,0.5,0.5,0.53,0.54,0.53,0.49,0.51
GWETROOT,2010,-0.5,36.875,0.43,0.41,0.45,0.48,0.52,0.47,0.44,0.44,0.45,0.44,0.46,0.42,0.45
GWETROOT,2010,-0.5,37.5,0.53,0.5,0.54,0.56,0.58,0.53,0.51,0.52,0.53,0.52,0.54,0.51,0.53
GWETROOT,2010,-0.5,38.125,0.5,0.48,0.51,0.52,0.5,0.48,0.48,0.47,0.47,0.47,0.5,0.48,0.49
GWETROOT,2010,-0.5,38.75,0.45,0.44,0.46,0.47,0.46,0.44,0.44,0.43,0.43,0.43,0.46,0.44,0.45
GWETROOT,2010,-0.5,39.375,0.41,0.39,0.42,0.46,0.46,0.42,0.41,0.4,0.39,0.39,0.41,0.4,0.41
GWETROOT,2010,-0.5,40,0.46,0.44,0.46,0.53,0.54,0.49,0.47,0.45,0.44,0.44,0.46,0.44,0.47
GWETROOT,2010,-0.5,40.625,0.47,0.46,0.47,0.59,0.62,0.59,0.58,0.53,0.49,0.47,0.49,0.47,0.52
GWETROOT,2010,-0.5,41.25,0.48,0.47,0.48,0.61,0.64,0.61,0.58,0.53,0.49,0.48,0.5,0.48,0.53
GWETROOT,2010,-1,34.375,0.73,0.62,0.69,0.7,0.78,0.7,0.59,0.54,0.56,0.59,0.58,0.58,0.64
GWETROOT,2010,-1,35,0.77,0.69,0.76,0.79,0.85,0.79,0.7,0.64,0.64,0.65,0.64,0.63,0.71
GWETROOT,2010,-1,35.625,0.65,0.59,0.65,0.69,0.75,0.71,0.64,0.59,0.59,0.6,0.58,0.56,0.63
GWETROOT,2010,-1,36.25,0.56,0.49,0.52,0.56,0.64,0.6,0.53,0.49,0.49,0.49,0.49,0.45,0.53
GWETROOT,2010,-1,36.875,0.56,0.52,0.55,0.57,0.59,0.54,0.49,0.48,0.48,0.47,0.51,0.5,0.52
GWETROOT,2010,-1,37.5,0.56,0.52,0.55,0.58,0.6,0.55,0.51,0.5,0.51,0.5,0.53,0.51,0.54
GWETROOT,2010,-1,38.125,0.49,0.48,0.5,0.51,0.5,0.48,0.47,0.47,0.47,0.47,0.49,0.48,0.48
GWETROOT,2010,-1,38.75,0.48,0.47,0.49,0.5,0.49,0.47,0.47,0.47,0.47,0.47,0.49,0.47,0.48
GWETROOT,2010,-1,39.375,0.47,0.46,0.48,0.51,0.5,0.47,0.47,0.47,0.46,0.46,0.48,0.47,0.48
GWETROOT,2010,-1,40,0.55,0.54,0.56,0.62,0.62,0.57,0.56,0.55,0.54,0.54,0.56,0.54,0.56
GWETROOT,2010,-1,40.625,0.48,0.47,0.49,0.62,0.66,0.63,0.61,0.55,0.51,0.48,0.51,0.49,0.54
GWETROOT,2010,-1,41.25,0.48,0.47,0.48,0.62,0.67,0.65,0.62,0.54,0.51,0.48,0.5,0.48,0.54
GWETROOT,2010,-1.5,34.375,0.8,0.67,0.76,0.73,0.74,0.66,0.59,0.58,0.61,0.64,0.64,0.66,0.67
GWETROOT,2010,-1.5,35,0.78,0.66,0.75,0.74,0.75,0.66,0.58,0.55,0.57,0.59,0.6,0.61,0.65
GWETROOT,2010,-1.5,35.625,0.69,0.59,0.66,0.69,0.71,0.63,0.54,0.5,0.5,0.52,0.55,0.54,0.59
GWETROOT,2010,-1.5,36.25,0.53,0.45,0.48,0.51,0.54,0.48,0.43,0.41,0.41,0.41,0.43,0.41,0.46
GWETROOT,2010,-1.5,36.875,0.68,0.61,0.63,0.66,0.68,0.62,0.59,0.59,0.6,0.6,0.62,0.6,0.62
GWETROOT,2010,-1.5,37.5,0.54,0.48,0.5,0.54,0.55,0.5,0.46,0.45,0.45,0.45,0.49,0.48,0.49
GWETROOT,2010,-1.5,38.125,0.47,0.45,0.47,0.5,0.5,0.46,0.45,0.43,0.43,0.42,0.46,0.45,0.46
GWETROOT,2010,-1.5,38.75,0.48,0.47,0.49,0.51,0.5,0.47,0.47,0.47,0.47,0.47,0.49,0.48,0.48
GWETROOT,2010,-1.5,39.375,0.48,0.47,0.49,0.52,0.52,0.48,0.48,0.47,0.47,0.47,0.49,0.47,0.48
GWETROOT,2010,-1.5,40,0.54,0.54,0.55,0.64,0.65,0.6,0.58,0.55,0.54,0.54,0.57,0.55,0.57
GWETROOT,2010,-1.5,40.625,0.49,0.49,0.5,0.63,0.67,0.65,0.63,0.56,0.52,0.5,0.52,0.5,0.56
GWETROOT,2010,-1.5,41.25,0.49,0.47,0.48,0.62,0.71,0.68,0.63,0.55,0.5,0.47,0.49,0.49,0.55
GWETROOT,2010,-1.80E-13,34.375,0.6,0.51,0.6,0.65,0.74,0.68,0.61,0.56,0.58,0.6,0.6,0.56,0.61
GWETROOT,2010,-1.80E-13,35,0.69,0.62,0.7,0.76,0.83,0.81,0.76,0.73,0.75,0.76,0.76,0.7,0.74
GWETROOT,2010,-1.80E-13,35.625,0.58,0.53,0.6,0.66,0.72,0.69,0.68,0.67,0.69,0.69,0.69,0.63,0.65
GWETROOT,2010,-1.80E-13,36.25,0.53,0.48,0.52,0.54,0.56,0.52,0.52,0.54,0.55,0.54,0.53,0.48,0.53
GWETROOT,2010,-1.80E-13,36.875,0.45,0.42,0.45,0.48,0.5,0.45,0.44,0.46,0.46,0.46,0.46,0.42,0.45
GWETROOT,2010,-1.80E-13,37.5,0.48,0.45,0.49,0.53,0.54,0.48,0.47,0.49,0.49,0.47,0.49,0.46,0.49
GWETROOT,2010,-1.80E-13,38.125,0.45,0.43,0.45,0.47,0.46,0.42,0.41,0.41,0.4,0.41,0.44,0.42,0.43
GWETROOT,2010,-1.80E-13,38.75,0.39,0.37,0.39,0.41,0.4,0.37,0.36,0.35,0.35,0.36,0.38,0.36,0.37
GWETROOT,2010,-1.80E-13,39.375,0.36,0.34,0.36,0.4,0.4,0.36,0.35,0.34,0.33,0.33,0.35,0.34,0.36
GWETROOT,2010,-1.80E-13,40,0.39,0.35,0.37,0.43,0.45,0.41,0.39,0.37,0.35,0.34,0.36,0.35,0.38
GWETROOT,2010,-1.80E-13,40.625,0.42,0.39,0.41,0.49,0.52,0.48,0.46,0.43,0.4,0.39,0.41,0.39,0.43
GWETROOT,2010,-1.80E-13,41.25,0.43,0.42,0.44,0.53,0.55,0.5,0.48,0.45,0.43,0.42,0.44,0.42,0.46
GWETROOT,2010,-2,34.375,0.8,0.68,0.76,0.72,0.7,0.64,0.6,0.6,0.61,0.63,0.63,0.67,0.67
GWETROOT,2010,-2,35,0.77,0.66,0.74,0.73,0.71,0.63,0.56,0.55,0.56,0.57,0.6,0.62,0.64
GWETROOT,2010,-2,35.625,0.68,0.6,0.66,0.68,0.69,0.61,0.54,0.5,0.5,0.51,0.56,0.56,0.59
GWETROOT,2010,-2,36.25,0.46,0.4,0.41,0.42,0.43,0.39,0.36,0.36,0.36,0.36,0.37,0.37,0.39
GWETROOT,2010,-2,36.875,0.68,0.61,0.61,0.64,0.65,0.6,0.58,0.58,0.59,0.59,0.61,0.6,0.61
GWETROOT,2010,-2,37.5,0.57,0.51,0.51,0.54,0.55,0.5,0.48,0.48,0.48,0.48,0.51,0.5,0.51
GWETROOT,2010,-2,38.125,0.45,0.43,0.44,0.46,0.47,0.43,0.42,0.41,0.4,0.4,0.43,0.43,0.43
GWETROOT,2010,-2,38.75,0.5,0.49,0.5,0.52,0.52,0.49,0.49,0.48,0.48,0.48,0.51,0.49,0.5
GWETROOT,2010,-2,39.375,0.51,0.5,0.52,0.58,0.59,0.54,0.53,0.51,0.51,0.51,0.54,0.51,0.53
GWETROOT,2010,-2,40,0.47,0.47,0.48,0.58,0.6,0.54,0.52,0.49,0.47,0.47,0.5,0.48,0.51
GWETROOT,2010,-2,40.625,0.48,0.47,0.48,0.61,0.67,0.63,0.6,0.54,0.5,0.48,0.49,0.49,0.54
GWETROOT,2010,-2,41.25,0.39,0.37,0.39,0.5,0.57,0.51,0.47,0.43,0.4,0.38,0.39,0.39,0.43
GWETROOT,2010,-2.5,34.375,0.75,0.61,0.67,0.63,0.6,0.53,0.49,0.49,0.5,0.52,0.52,0.6,0.58
GWETROOT,2010,-2.5,35,0.75,0.62,0.67,0.66,0.65,0.56,0.49,0.47,0.47,0.49,0.55,0.59,0.58
GWETROOT,2010,-2.5,35.625,0.68,0.57,0.61,0.62,0.63,0.55,0.48,0.47,0.47,0.48,0.54,0.56,0.55
GWETROOT,2010,-2.5,36.25,0.55,0.49,0.48,0.49,0.5,0.46,0.44,0.43,0.43,0.43,0.45,0.45,0.47
GWETROOT,2010,-2.5,36.875,0.71,0.62,0.61,0.62,0.65,0.6,0.57,0.57,0.57,0.57,0.61,0.6,0.61
GWETROOT,2010,-2.5,37.5,0.68,0.58,0.57,0.6,0.64,0.58,0.54,0.54,0.54,0.54,0.59,0.57,0.58
GWETROOT,2010,-2.5,38.125,0.55,0.5,0.51,0.53,0.54,0.5,0.49,0.48,0.48,0.48,0.52,0.51,0.51
GWETROOT,2010,-2.5,38.75,0.55,0.52,0.54,0.55,0.57,0.52,0.52,0.51,0.51,0.51,0.55,0.53,0.53
GWETROOT,2010,-2.5,39.375,0.63,0.6,0.63,0.69,0.73,0.68,0.65,0.62,0.61,0.6,0.64,0.62,0.64
GWETROOT,2010,-2.5,40,0.41,0.39,0.41,0.48,0.54,0.48,0.45,0.42,0.4,0.39,0.42,0.41,0.43
GWETROOT,2010,-2.5,40.625,0.42,0.4,0.41,0.51,0.6,0.54,0.49,0.45,0.43,0.41,0.42,0.41,0.46
GWETROOT,2010,-2.5,41.25,,,,,,,,,,,,,
GWETROOT,2010,-3,34.375,0.78,0.62,0.64,0.6,0.57,0.5,0.46,0.46,0.46,0.47,0.49,0.58,0.55
GWETROOT,2010,-3,35,0.8,0.64,0.66,0.65,0.65,0.56,0.48,0.46,0.46,0.47,0.53,0.6,0.58
GWETROOT,2010,-3,35.625,0.77,0.66,0.67,0.69,0.73,0.64,0.55,0.5,0.47,0.47,0.55,0.6,0.61
GWETROOT,2010,-3,36.25,0.74,0.64,0.63,0.64,0.67,0.61,0.57,0.55,0.55,0.55,0.59,0.6,0.61
GWETROOT,2010,-3,36.875,0.82,0.68,0.67,0.71,0.82,0.75,0.65,0.6,0.58,0.58,0.65,0.65,0.68
GWETROOT,2010,-3,37.5,0.71,0.61,0.59,0.62,0.7,0.65,0.57,0.53,0.5,0.48,0.54,0.55,0.59
GWETROOT,2010,-3,38.125,0.57,0.51,0.53,0.54,0.57,0.53,0.5,0.48,0.48,0.47,0.52,0.51,0.52
GWETROOT,2010,-3,38.75,0.55,0.51,0.54,0.54,0.58,0.53,0.52,0.51,0.51,0.51,0.55,0.53,0.53
GWETROOT,2010,-3,39.375,0.63,0.6,0.62,0.67,0.74,0.68,0.65,0.62,0.61,0.6,0.64,0.62,0.64
GWETROOT,2010,-3,40,0.41,0.39,0.41,0.46,0.55,0.49,0.45,0.42,0.4,0.38,0.41,0.4,0.43
GWETROOT,2010,-3,40.625,0.43,0.4,0.41,0.51,0.64,0.58,0.51,0.45,0.42,0.4,0.42,0.41,0.47
GWETROOT,2010,-3,41.25,,,,,,,,,,,,,
GWETROOT,2010,-3.5,34.375,0.77,0.61,0.62,0.56,0.53,0.48,0.46,0.46,0.46,0.46,0.48,0.55,0.54
GWETROOT,2010,-3.5,35,0.73,0.61,0.61,0.58,0.57,0.51,0.47,0.46,0.46,0.46,0.5,0.55,0.54
GWETROOT,2010,-3.5,35.625,0.65,0.59,0.59,0.58,0.6,0.55,0.52,0.49,0.48,0.48,0.52,0.55,0.55
GWETROOT,2010,-3.5,36.25,0.67,0.57,0.54,0.56,0.59,0.54,0.5,0.48,0.48,0.48,0.53,0.55,0.54
GWETROOT,2010,-3.5,36.875,0.64,0.54,0.51,0.55,0.63,0.57,0.51,0.47,0.46,0.47,0.52,0.53,0.53
GWETROOT,2010,-3.5,37.5,0.54,0.49,0.48,0.51,0.59,0.55,0.5,0.47,0.47,0.46,0.5,0.5,0.51
GWETROOT,2010,-3.5,38.125,0.52,0.48,0.49,0.5,0.55,0.51,0.49,0.48,0.47,0.47,0.5,0.49,0.5
GWETROOT,2010,-3.5,38.75,0.54,0.5,0.52,0.53,0.59,0.54,0.52,0.5,0.49,0.49,0.52,0.52,0.52
GWETROOT,2010,-3.5,39.375,0.6,0.58,0.6,0.65,0.72,0.67,0.63,0.6,0.59,0.58,0.61,0.6,0.62
GWETROOT,2010,-3.5,40,0.51,0.48,0.51,0.55,0.64,0.58,0.54,0.5,0.49,0.48,0.51,0.5,0.52
GWETROOT,2010,-3.5,40.625,0.43,0.4,0.41,0.52,0.66,0.6,0.52,0.45,0.42,0.4,0.41,0.41,0.47
GWETROOT,2010,-3.5,41.25,,,,,,,,,,,,,
GWETROOT,2010,-4,34.375,0.69,0.59,0.59,0.53,0.51,0.47,0.46,0.46,0.46,0.46,0.47,0.51,0.52
GWETROOT,2010,-4,35,0.69,0.62,0.64,0.59,0.59,0.54,0.52,0.51,0.51,0.51,0.53,0.57,0.57
GWETROOT,2010,-4,35.625,0.63,0.59,0.6,0.59,0.6,0.56,0.53,0.51,0.5,0.5,0.52,0.56,0.56
GWETROOT,2010,-4,36.25,0.6,0.54,0.53,0.53,0.55,0.51,0.48,0.47,0.47,0.47,0.5,0.53,0.51
GWETROOT,2010,-4,36.875,0.58,0.52,0.52,0.53,0.57,0.52,0.49,0.47,0.47,0.47,0.51,0.52,0.51
GWETROOT,2010,-4,37.5,0.55,0.51,0.52,0.53,0.56,0.52,0.5,0.49,0.49,0.49,0.52,0.53,0.52
GWETROOT,2010,-4,38.125,0.57,0.54,0.56,0.57,0.6,0.57,0.55,0.54,0.54,0.54,0.56,0.56,0.56
GWETROOT,2010,-4,38.75,0.52,0.5,0.51,0.53,0.59,0.55,0.53,0.51,0.5,0.49,0.52,0.51,0.52
GWETROOT,2010,-4,39.375,0.46,0.45,0.46,0.51,0.59,0.53,0.5,0.47,0.46,0.45,0.47,0.46,0.48
GWETROOT,2010,-4,40,0.45,0.42,0.45,0.5,0.64,0.56,0.51,0.46,0.44,0.42,0.46,0.44,0.48
GWETROOT,2010,-4,40.625,,,,,,,,,,,,,
GWETROOT,2010,-4,41.25,,,,,,,,,,,,,
GWETROOT,2010,-4.5,34.375,0.58,0.5,0.51,0.46,0.44,0.42,0.41,0.4,0.4,0.4,0.41,0.44,0.45
GWETROOT,2010,-4.5,35,0.57,0.52,0.54,0.5,0.5,0.46,0.45,0.44,0.43,0.43,0.44,0.47,0.48
GWETROOT,2010,-4.5,35.625,0.53,0.49,0.51,0.49,0.5,0.46,0.44,0.43,0.42,0.41,0.44,0.46,0.46
GWETROOT,2010,-4.5,36.25,0.58,0.52,0.52,0.52,0.53,0.49,0.48,0.47,0.47,0.47,0.5,0.52,0.51
GWETROOT,2010,-4.5,36.875,0.57,0.51,0.52,0.52,0.54,0.5,0.48,0.47,0.47,0.47,0.51,0.52,0.51
GWETROOT,2010,-4.5,37.5,0.55,0.5,0.51,0.52,0.55,0.51,0.49,0.48,0.47,0.47,0.51,0.52,0.51
GWETROOT,2010,-4.5,38.125,0.64,0.6,0.61,0.63,0.7,0.66,0.63,0.61,0.6,0.59,0.62,0.62,0.63
GWETROOT,2010,-4.5,38.75,0.61,0.57,0.59,0.62,0.72,0.67,0.63,0.59,0.58,0.56,0.6,0.59,0.61
GWETROOT,2010,-4.5,39.375,0.44,0.41,0.44,0.49,0.61,0.54,0.49,0.46,0.44,0.42,0.45,0.44,0.47
GWETROOT,2010,-4.5,40,0.41,0.39,0.41,0.46,0.53,0.46,0.43,0.41,0.41,0.39,0.41,0.41,0.43
GWETROOT,2010,-4.5,40.625,,,,,,,,,,,,,
GWETROOT,2010,-4.5,41.25,,,,,,,,,,,,,
GWETROOT,2010,0.5,34.375,0.5,0.45,0.53,0.56,0.68,0.65,0.62,0.61,0.65,0.65,0.64,0.56,0.59
GWETROOT,2010,0.5,35,0.59,0.54,0.62,0.66,0.79,0.78,0.77,0.77,0.8,0.79,0.77,0.69,0.72
GWETROOT,2010,0.5,35.625,0.52,0.47,0.53,0.57,0.63,0.58,0.58,0.58,0.58,0.55,0.52,0.46,0.55
GWETROOT,2010,0.5,36.25,0.49,0.44,0.48,0.49,0.52,0.48,0.51,0.55,0.55,0.5,0.46,0.42,0.49
GWETROOT,2010,0.5,36.875,0.57,0.53,0.55,0.58,0.58,0.54,0.56,0.6,0.59,0.55,0.53,0.51,0.56
GWETROOT,2010,0.5,37.5,0.4,0.37,0.39,0.42,0.41,0.37,0.37,0.4,0.39,0.37,0.38,0.36,0.39
GWETROOT,2010,0.5,38.125,0.38,0.36,0.38,0.41,0.39,0.35,0.34,0.34,0.33,0.34,0.37,0.35,0.36
GWETROOT,2010,0.5,38.75,0.38,0.35,0.37,0.4,0.39,0.35,0.34,0.33,0.33,0.33,0.35,0.34,0.36
GWETROOT,2010,0.5,39.375,0.4,0.36,0.38,0.44,0.45,0.39,0.36,0.35,0.35,0.35,0.37,0.35,0.38
GWETROOT,2010,0.5,40,0.39,0.34,0.37,0.44,0.46,0.39,0.36,0.34,0.33,0.33,0.35,0.34,0.37
GWETROOT,2010,0.5,40.625,0.39,0.35,0.38,0.46,0.47,0.41,0.38,0.36,0.35,0.35,0.35,0.35,0.38
GWETROOT,2010,0.5,41.25,0.4,0.38,0.41,0.47,0.48,0.44,0.42,0.4,0.38,0.38,0.38,0.37,0.41
GWETROOT,2010,1,34.375,0.58,0.55,0.62,0.64,0.76,0.77,0.77,0.78,0.83,0.84,0.82,0.75,0.73
GWETROOT,2010,1,35,0.61,0.54,0.65,0.7,0.87,0.86,0.84,0.85,0.88,0.85,0.81,0.68,0.76
GWETROOT,2010,1,35.625,0.49,0.42,0.52,0.54,0.63,0.55,0.53,0.56,0.57,0.51,0.46,0.4,0.52
GWETROOT,2010,1,36.25,0.39,0.36,0.39,0.42,0.46,0.43,0.46,0.52,0.52,0.44,0.4,0.36,0.43
GWETROOT,2010,1,36.875,0.41,0.39,0.41,0.44,0.45,0.41,0.44,0.48,0.48,0.43,0.4,0.37,0.43
GWETROOT,2010,1,37.5,0.4,0.37,0.39,0.42,0.4,0.36,0.35,0.37,0.37,0.34,0.35,0.34,0.37
GWETROOT,2010,1,38.125,0.35,0.34,0.36,0.38,0.36,0.34,0.33,0.33,0.33,0.33,0.35,0.34,0.34
GWETROOT,2010,1,38.75,0.38,0.36,0.38,0.4,0.39,0.36,0.35,0.35,0.35,0.35,0.36,0.35,0.37
GWETROOT,2010,1,39.375,0.4,0.37,0.4,0.45,0.45,0.39,0.37,0.36,0.36,0.36,0.37,0.36,0.39
GWETROOT,2010,1,40,0.39,0.34,0.38,0.47,0.47,0.38,0.35,0.33,0.33,0.33,0.34,0.33,0.37
GWETROOT,2010,1,40.625,0.42,0.36,0.41,0.5,0.5,0.42,0.38,0.36,0.35,0.36,0.36,0.36,0.4
GWETROOT,2010,1,41.25,0.47,0.43,0.46,0.54,0.55,0.49,0.46,0.44,0.43,0.42,0.43,0.42,0.46
GWETROOT,2010,1.5,34.375,0.5,0.48,0.52,0.53,0.61,0.58,0.56,0.57,0.59,0.56,0.53,0.49,0.54
GWETROOT,2010,1.5,35,0.52,0.46,0.55,0.55,0.68,0.64,0.61,0.63,0.65,0.59,0.53,0.46,0.57
GWETROOT,2010,1.5,35.625,0.39,0.35,0.41,0.43,0.5,0.45,0.45,0.48,0.48,0.42,0.38,0.34,0.42
GWETROOT,2010,1.5,36.25,0.37,0.37,0.38,0.39,0.42,0.4,0.41,0.44,0.45,0.4,0.37,0.36,0.4
GWETROOT,2010,1.5,36.875,0.4,0.38,0.4,0.44,0.43,0.39,0.38,0.4,0.4,0.36,0.37,0.36,0.39
GWETROOT,2010,1.5,37.5,0.37,0.35,0.38,0.41,0.4,0.36,0.35,0.37,0.37,0.35,0.35,0.34,0.37
GWETROOT,2010,1.5,38.125,0.37,0.35,0.38,0.4,0.38,0.35,0.35,0.34,0.34,0.34,0.36,0.35,0.36
GWETROOT,2010,1.5,38.75,0.47,0.46,0.48,0.49,0.47,0.46,0.45,0.45,0.45,0.45,0.46,0.45,0.46
GWETROOT,2010,1.5,39.375,0.42,0.37,0.41,0.48,0.46,0.4,0.37,0.36,0.35,0.35,0.37,0.36,0.39
GWETROOT,2010,1.5,40,0.43,0.38,0.42,0.51,0.5,0.42,0.38,0.37,0.37,0.37,0.39,0.37,0.41
GWETROOT,2010,1.5,40.625,0.49,0.42,0.48,0.58,0.56,0.48,0.44,0.42,0.41,0.41,0.42,0.42,0.46
GWETROOT,2010,1.5,41.25,0.41,0.34,0.4,0.51,0.5,0.42,0.38,0.36,0.34,0.33,0.34,0.33,0.39
GWETROOT,2010,2,34.375,0.48,0.47,0.49,0.49,0.56,0.53,0.52,0.54,0.55,0.52,0.5,0.47,0.51
GWETROOT,2010,2,35,0.44,0.41,0.46,0.47,0.56,0.52,0.51,0.53,0.55,0.49,0.45,0.41,0.48
GWETROOT,2010,2,35.625,0.35,0.34,0.37,0.38,0.44,0.41,0.4,0.42,0.43,0.37,0.34,0.33,0.38
GWETROOT,2010,2,36.25,0.37,0.38,0.38,0.39,0.41,0.39,0.39,0.4,0.4,0.38,0.37,0.37,0.39
GWETROOT,2010,2,36.875,0.4,0.38,0.4,0.43,0.42,0.38,0.37,0.38,0.37,0.36,0.37,0.36,0.39
GWETROOT,2010,2,37.5,0.38,0.35,0.38,0.41,0.39,0.35,0.34,0.34,0.34,0.34,0.35,0.34,0.36
GWETROOT,2010,2,38.125,0.42,0.4,0.43,0.46,0.43,0.4,0.39,0.39,0.38,0.39,0.41,0.4,0.41
GWETROOT,2010,2,38.75,0.41,0.39,0.42,0.46,0.44,0.41,0.39,0.38,0.38,0.39,0.41,0.39,0.41
GWETROOT,2010,2,39.375,0.4,0.35,0.39,0.48,0.45,0.38,0.35,0.33,0.33,0.33,0.35,0.34,0.37
GWETROOT,2010,2,40,0.45,0.39,0.44,0.54,0.52,0.44,0.39,0.37,0.37,0.37,0.39,0.38,0.42
GWETROOT,2010,2,40.625,0.61,0.56,0.63,0.72,0.67,0.59,0.57,0.56,0.56,0.56,0.57,0.56,0.6
GWETROOT,2010,2,41.25,0.48,0.42,0.48,0.58,0.54,0.46,0.43,0.42,0.41,0.41,0.41,0.41,0.45
GWETROOT,2010,2.5,34.375,0.44,0.43,0.45,0.45,0.51,0.47,0.46,0.47,0.48,0.46,0.44,0.43,0.46
GWETROOT,2010,2.5,35,0.4,0.37,0.4,0.42,0.49,0.47,0.45,0.45,0.46,0.42,0.39,0.37,0.42
GWETROOT,2010,2.5,35.625,0.37,0.33,0.36,0.37,0.43,0.41,0.38,0.38,0.38,0.34,0.33,0.33,0.37
GWETROOT,2010,2.5,36.25,0.37,0.36,0.37,0.38,0.39,0.37,0.36,0.37,0.36,0.36,0.36,0.36,0.37
GWETROOT,2010,2.5,36.875,0.39,0.36,0.38,0.41,0.4,0.36,0.35,0.35,0.35,0.35,0.35,0.35,0.37
GWETROOT,2010,2.5,37.5,0.41,0.38,0.41,0.44,0.41,0.38,0.37,0.37,0.37,0.37,0.38,0.37,0.39
GWETROOT,2010,2.5,38.125,0.38,0.37,0.42,0.47,0.43,0.38,0.36,0.36,0.36,0.36,0.38,0.36,0.39
GWETROOT,2010,2.5,38.75,0.38,0.37,0.41,0.46,0.43,0.38,0.36,0.36,0.36,0.36,0.38,0.36,0.38
GWETROOT,2010,2.5,39.375,0.38,0.34,0.41,0.49,0.46,0.38,0.35,0.34,0.33,0.34,0.35,0.34,0.38
GWETROOT,2010,2.5,40,0.44,0.38,0.45,0.55,0.52,0.43,0.4,0.38,0.37,0.38,0.39,0.38,0.42
GWETROOT,2010,2.5,40.625,0.51,0.47,0.55,0.62,0.58,0.5,0.48,0.48,0.47,0.47,0.47,0.46,0.51
GWETROOT,2010,2.5,41.25,0.3,0.27,0.32,0.37,0.34,0.29,0.28,0.27,0.25,0.25,0.25,0.24,0.29
GWETROOT,2010,3,34.375,0.48,0.46,0.47,0.48,0.55,0.52,0.5,0.5,0.49,0.47,0.46,0.45,0.49
GWETROOT,2010,3,35,0.4,0.34,0.37,0.4,0.49,0.46,0.42,0.4,0.39,0.35,0.34,0.33,0.39
GWETROOT,2010,3,35.625,0.4,0.34,0.36,0.38,0.42,0.39,0.36,0.34,0.34,0.33,0.33,0.33,0.36
GWETROOT,2010,3,36.25,0.4,0.34,0.37,0.39,0.38,0.35,0.33,0.33,0.33,0.33,0.34,0.33,0.35
GWETROOT,2010,3,36.875,0.4,0.34,0.38,0.4,0.38,0.34,0.33,0.33,0.33,0.33,0.33,0.33,0.35
GWETROOT,2010,3,37.5,0.35,0.31,0.36,0.38,0.35,0.31,0.3,0.3,0.3,0.3,0.3,0.3,0.32
GWETROOT,2010,3,38.125,0.35,0.35,0.43,0.48,0.44,0.38,0.35,0.34,0.34,0.35,0.35,0.34,0.38
GWETROOT,2010,3,38.75,0.4,0.4,0.47,0.52,0.48,0.41,0.39,0.39,0.39,0.4,0.4,0.39,0.42
GWETROOT,2010,3,39.375,0.35,0.34,0.42,0.49,0.45,0.38,0.34,0.33,0.33,0.34,0.34,0.33,0.37
GWETROOT,2010,3,40,0.4,0.37,0.46,0.54,0.49,0.41,0.38,0.37,0.37,0.38,0.38,0.37,0.41
GWETROOT,2010,3,40.625,0.4,0.38,0.46,0.53,0.49,0.42,0.39,0.38,0.37,0.38,0.38,0.37,0.41
GWETROOT,2010,3,41.25,0.31,0.29,0.35,0.39,0.36,0.32,0.31,0.3,0.29,0.29,0.29,0.28,0.32
GWETROOT,2010,3.5,34.375,0.42,0.37,0.39,0.42,0.52,0.48,0.44,0.44,0.43,0.4,0.38,0.35,0.42
GWETROOT,2010,3.5,35,0.43,0.35,0.37,0.42,0.49,0.45,0.41,0.39,0.37,0.34,0.34,0.33,0.39
GWETROOT,2010,3.5,35.625,0.45,0.36,0.37,0.41,0.43,0.39,0.35,0.34,0.33,0.33,0.33,0.33,0.37
GWETROOT,2010,3.5,36.25,0.45,0.36,0.38,0.42,0.4,0.35,0.33,0.33,0.33,0.33,0.33,0.33,0.36
GWETROOT,2010,3.5,36.875,0.43,0.36,0.4,0.45,0.42,0.36,0.33,0.33,0.33,0.33,0.33,0.33,0.37
GWETROOT,2010,3.5,37.5,0.44,0.38,0.43,0.47,0.44,0.39,0.37,0.37,0.37,0.37,0.38,0.37,0.4
GWETROOT,2010,3.5,38.125,0.35,0.34,0.43,0.5,0.47,0.4,0.36,0.34,0.33,0.34,0.35,0.33,0.38
GWETROOT,2010,3.5,38.75,0.36,0.36,0.45,0.51,0.47,0.4,0.37,0.36,0.35,0.36,0.37,0.35,0.39
GWETROOT,2010,3.5,39.375,0.4,0.38,0.48,0.55,0.51,0.43,0.41,0.39,0.38,0.39,0.4,0.38,0.43
GWETROOT,2010,3.5,40,0.39,0.38,0.48,0.55,0.49,0.42,0.39,0.38,0.38,0.39,0.4,0.38,0.42
GWETROOT,2010,3.5,40.625,0.52,0.51,0.6,0.66,0.6,0.53,0.52,0.52,0.51,0.52,0.52,0.51,0.54
GWETROOT,2010,3.5,41.25,0.36,0.34,0.41,0.45,0.41,0.37,0.35,0.34,0.34,0.34,0.34,0.33,0.37
GWETROOT,2010,4,34.375,0.51,0.47,0.49,0.52,0.58,0.55,0.52,0.51,0.5,0.49,0.47,0.46,0.51
GWETROOT,2010,4,35,0.54,0.45,0.48,0.53,0.57,0.52,0.47,0.46,0.45,0.43,0.43,0.42,0.48
GWETROOT,2010,4,35.625,0.5,0.39,0.41,0.47,0.47,0.41,0.36,0.35,0.34,0.33,0.33,0.33,0.39
GWETROOT,2010,4,36.25,0.47,0.37,0.4,0.45,0.42,0.36,0.33,0.34,0.33,0.33,0.33,0.33,0.37
GWETROOT,2010,4,36.875,0.44,0.36,0.41,0.46,0.43,0.38,0.34,0.34,0.33,0.34,0.34,0.33,0.38
GWETROOT,2010,4,37.5,0.44,0.39,0.44,0.47,0.45,0.4,0.38,0.37,0.37,0.38,0.38,0.37,0.4
GWETROOT,2010,4,38.125,0.43,0.42,0.5,0.54,0.53,0.48,0.45,0.44,0.42,0.43,0.44,0.42,0.46
GWETROOT,2010,4,38.75,0.58,0.59,0.66,0.69,0.68,0.61,0.59,0.59,0.58,0.59,0.6,0.58,0.61
GWETROOT,2010,4,39.375,0.58,0.58,0.66,0.7,0.67,0.6,0.58,0.58,0.58,0.59,0.6,0.58,0.61
GWETROOT,2010,4,40,0.46,0.46,0.56,0.61,0.56,0.48,0.46,0.46,0.45,0.47,0.48,0.45,0.49
GWETROOT,2010,4,40.625,0.52,0.52,0.62,0.66,0.61,0.53,0.52,0.52,0.51,0.53,0.54,0.51,0.55
GWETROOT,2010,4,41.25,0.37,0.35,0.43,0.48,0.44,0.38,0.36,0.35,0.35,0.36,0.37,0.35,0.38
GWETROOT,2010,4.5,34.375,0.6,0.59,0.61,0.61,0.63,0.61,0.6,0.6,0.6,0.59,0.59,0.58,0.6
GWETROOT,2010,4.5,35,0.6,0.51,0.55,0.6,0.61,0.56,0.51,0.5,0.5,0.49,0.49,0.48,0.53
GWETROOT,2010,4.5,35.625,0.53,0.41,0.44,0.51,0.5,0.43,0.37,0.35,0.34,0.34,0.33,0.33,0.41
GWETROOT,2010,4.5,36.25,0.49,0.38,0.41,0.47,0.44,0.38,0.34,0.34,0.33,0.34,0.33,0.33,0.38
GWETROOT,2010,4.5,36.875,0.45,0.37,0.42,0.48,0.45,0.39,0.35,0.34,0.34,0.34,0.34,0.33,0.38
GWETROOT,2010,4.5,37.5,0.57,0.52,0.57,0.6,0.57,0.53,0.51,0.52,0.51,0.52,0.51,0.51,0.54
GWETROOT,2010,4.5,38.125,0.58,0.58,0.64,0.66,0.65,0.6,0.58,0.58,0.58,0.59,0.59,0.57,0.6
GWETROOT,2010,4.5,38.75,0.55,0.55,0.61,0.63,0.62,0.57,0.55,0.55,0.55,0.56,0.56,0.54,0.57
GWETROOT,2010,4.5,39.375,0.47,0.47,0.54,0.58,0.55,0.5,0.48,0.47,0.47,0.48,0.49,0.47,0.5
GWETROOT,2010,4.5,40,0.4,0.4,0.48,0.52,0.49,0.43,0.41,0.4,0.4,0.42,0.42,0.4,0.43
GWETROOT,2010,4.5,40.625,0.39,0.38,0.48,0.53,0.49,0.41,0.38,0.38,0.38,0.4,0.42,0.38,0.42
GWETROOT,2010,4.5,41.25,0.36,0.33,0.44,0.51,0.46,0.39,0.34,0.33,0.33,0.35,0.38,0.34,0.38
GWETROOT,2011,-0.5,34.375,0.63,0.56,0.62,0.77,0.74,0.68,0.63,0.66,0.71,0.72,0.85,0.87,0.7
GWETROOT,2011,-0.5,35,0.6,0.54,0.57,0.65,0.69,0.65,0.62,0.63,0.66,0.64,0.78,0.82,0.65
GWETROOT,2011,-0.5,35.625,0.54,0.49,0.49,0.5,0.55,0.53,0.52,0.54,0.55,0.54,0.63,0.63,0.54
GWETROOT,2011,-0.5,36.25,0.43,0.41,0.42,0.43,0.46,0.45,0.45,0.49,0.49,0.49,0.55,0.53,0.47
GWETROOT,2011,-0.5,36.875,0.39,0.38,0.39,0.41,0.43,0.42,0.42,0.45,0.44,0.48,0.53,0.51,0.44
GWETROOT,2011,-0.5,37.5,0.48,0.47,0.48,0.49,0.51,0.5,0.5,0.52,0.52,0.55,0.6,0.58,0.52
GWETROOT,2011,-0.5,38.125,0.47,0.47,0.47,0.48,0.48,0.47,0.47,0.47,0.47,0.5,0.55,0.52,0.49
GWETROOT,2011,-0.5,38.75,0.43,0.43,0.43,0.44,0.44,0.43,0.43,0.43,0.43,0.46,0.5,0.47,0.44
GWETROOT,2011,-0.5,39.375,0.39,0.39,0.39,0.4,0.42,0.39,0.4,0.39,0.39,0.44,0.47,0.44,0.41
GWETROOT,2011,-0.5,40,0.43,0.43,0.43,0.44,0.47,0.44,0.44,0.43,0.43,0.49,0.53,0.51,0.46
GWETROOT,2011,-0.5,40.625,0.46,0.45,0.45,0.47,0.5,0.47,0.48,0.47,0.46,0.53,0.55,0.53,0.49
GWETROOT,2011,-0.5,41.25,0.47,0.47,0.47,0.48,0.51,0.48,0.49,0.48,0.48,0.55,0.56,0.54,0.5
GWETROOT,2011,-1,34.375,0.55,0.52,0.56,0.62,0.59,0.55,0.53,0.58,0.61,0.58,0.7,0.81,0.6
GWETROOT,2011,-1,35,0.59,0.57,0.6,0.64,0.65,0.61,0.59,0.62,0.64,0.62,0.71,0.8,0.64
GWETROOT,2011,-1,35.625,0.52,0.5,0.51,0.54,0.58,0.56,0.54,0.55,0.56,0.55,0.62,0.64,0.56
GWETROOT,2011,-1,36.25,0.4,0.38,0.4,0.44,0.48,0.47,0.46,0.48,0.49,0.48,0.54,0.54,0.46
GWETROOT,2011,-1,36.875,0.47,0.47,0.48,0.51,0.51,0.5,0.49,0.51,0.5,0.53,0.61,0.58,0.51
GWETROOT,2011,-1,37.5,0.48,0.48,0.49,0.51,0.52,0.51,0.51,0.53,0.52,0.56,0.62,0.6,0.53
GWETROOT,2011,-1,38.125,0.47,0.47,0.47,0.48,0.48,0.47,0.47,0.47,0.47,0.5,0.52,0.51,0.48
GWETROOT,2011,-1,38.75,0.47,0.47,0.47,0.47,0.47,0.47,0.47,0.47,0.47,0.49,0.52,0.49,0.48
GWETROOT,2011,-1,39.375,0.46,0.46,0.46,0.48,0.48,0.46,0.47,0.46,0.46,0.49,0.51,0.49,0.47
GWETROOT,2011,-1,40,0.53,0.53,0.53,0.55,0.57,0.54,0.54,0.54,0.54,0.59,0.61,0.59,0.56
GWETROOT,2011,-1,40.625,0.48,0.47,0.47,0.48,0.52,0.48,0.5,0.49,0.48,0.55,0.56,0.55,0.5
GWETROOT,2011,-1,41.25,0.48,0.47,0.47,0.48,0.51,0.48,0.5,0.49,0.48,0.54,0.56,0.55,0.5
GWETROOT,2011,-1.5,34.375,0.64,0.6,0.65,0.7,0.65,0.6,0.6,0.67,0.69,0.65,0.75,0.85,0.67
GWETROOT,2011,-1.5,35,0.6,0.57,0.6,0.66,0.65,0.59,0.58,0.61,0.62,0.6,0.69,0.79,0.63
GWETROOT,2011,-1.5,35.625,0.51,0.49,0.5,0.57,0.61,0.55,0.53,0.53,0.53,0.54,0.62,0.64,0.55
GWETROOT,2011,-1.5,36.25,0.39,0.4,0.42,0.45,0.47,0.44,0.44,0.45,0.44,0.45,0.5,0.49,0.45
GWETROOT,2011,-1.5,36.875,0.59,0.6,0.61,0.63,0.62,0.6,0.6,0.62,0.6,0.64,0.7,0.67,0.62
GWETROOT,2011,-1.5,37.5,0.46,0.46,0.47,0.48,0.48,0.46,0.45,0.46,0.45,0.5,0.58,0.56,0.48
GWETROOT,2011,-1.5,38.125,0.44,0.43,0.43,0.43,0.44,0.42,0.42,0.42,0.41,0.46,0.52,0.51,0.44
GWETROOT,2011,-1.5,38.75,0.47,0.47,0.47,0.48,0.48,0.47,0.47,0.47,0.47,0.5,0.53,0.5,0.48
GWETROOT,2011,-1.5,39.375,0.47,0.47,0.47,0.49,0.49,0.47,0.47,0.47,0.47,0.51,0.53,0.51,0.49
GWETROOT,2011,-1.5,40,0.54,0.53,0.53,0.55,0.58,0.54,0.55,0.54,0.54,0.61,0.62,0.59,0.56
GWETROOT,2011,-1.5,40.625,0.49,0.48,0.48,0.5,0.53,0.5,0.51,0.5,0.5,0.57,0.57,0.56,0.52
GWETROOT,2011,-1.5,41.25,0.47,0.47,0.46,0.48,0.52,0.49,0.5,0.49,0.48,0.55,0.57,0.57,0.5
GWETROOT,2011,-1.80E-13,34.375,0.5,0.45,0.5,0.58,0.61,0.59,0.55,0.58,0.62,0.64,0.72,0.73,0.59
GWETROOT,2011,-1.80E-13,35,0.63,0.56,0.59,0.63,0.72,0.7,0.69,0.71,0.74,0.75,0.85,0.83,0.7
GWETROOT,2011,-1.80E-13,35.625,0.54,0.49,0.5,0.5,0.58,0.56,0.56,0.59,0.6,0.6,0.7,0.71,0.58
GWETROOT,2011,-1.80E-13,36.25,0.45,0.44,0.46,0.46,0.5,0.49,0.5,0.55,0.56,0.52,0.59,0.58,0.51
GWETROOT,2011,-1.80E-13,36.875,0.38,0.37,0.38,0.4,0.43,0.43,0.44,0.47,0.47,0.47,0.52,0.52,0.44
GWETROOT,2011,-1.80E-13,37.5,0.42,0.4,0.41,0.43,0.46,0.45,0.46,0.49,0.5,0.52,0.58,0.59,0.48
GWETROOT,2011,-1.80E-13,38.125,0.41,0.4,0.41,0.41,0.41,0.41,0.4,0.41,0.41,0.45,0.51,0.5,0.43
GWETROOT,2011,-1.80E-13,38.75,0.35,0.35,0.35,0.36,0.36,0.35,0.35,0.35,0.35,0.4,0.44,0.43,0.37
GWETROOT,2011,-1.80E-13,39.375,0.33,0.33,0.33,0.34,0.36,0.34,0.33,0.33,0.33,0.39,0.43,0.41,0.35
GWETROOT,2011,-1.80E-13,40,0.34,0.34,0.34,0.35,0.38,0.35,0.34,0.34,0.34,0.41,0.47,0.46,0.37
GWETROOT,2011,-1.80E-13,40.625,0.39,0.39,0.38,0.4,0.42,0.4,0.4,0.39,0.39,0.49,0.53,0.51,0.42
GWETROOT,2011,-1.80E-13,41.25,0.42,0.42,0.41,0.43,0.45,0.42,0.43,0.42,0.42,0.54,0.55,0.5,0.45
GWETROOT,2011,-2,34.375,0.65,0.62,0.67,0.7,0.64,0.61,0.61,0.67,0.66,0.64,0.73,0.84,0.67
GWETROOT,2011,-2,35,0.61,0.58,0.61,0.67,0.64,0.58,0.56,0.59,0.59,0.6,0.69,0.78,0.63
GWETROOT,2011,-2,35.625,0.53,0.51,0.53,0.6,0.6,0.55,0.52,0.52,0.51,0.54,0.63,0.65,0.56
GWETROOT,2011,-2,36.25,0.36,0.37,0.38,0.39,0.38,0.36,0.36,0.37,0.36,0.38,0.41,0.42,0.38
GWETROOT,2011,-2,36.875,0.59,0.6,0.61,0.62,0.6,0.59,0.59,0.59,0.59,0.62,0.67,0.66,0.61
GWETROOT,2011,-2,37.5,0.49,0.5,0.5,0.51,0.5,0.49,0.48,0.49,0.48,0.52,0.58,0.58,0.51
GWETROOT,2011,-2,38.125,0.41,0.41,0.41,0.41,0.42,0.4,0.4,0.4,0.39,0.43,0.49,0.48,0.42
GWETROOT,2011,-2,38.75,0.48,0.49,0.48,0.5,0.5,0.48,0.48,0.48,0.48,0.52,0.55,0.52,0.5
GWETROOT,2011,-2,39.375,0.5,0.5,0.5,0.53,0.54,0.51,0.51,0.5,0.51,0.56,0.59,0.56,0.53
GWETROOT,2011,-2,40,0.47,0.46,0.46,0.49,0.51,0.47,0.48,0.47,0.47,0.54,0.55,0.53,0.49
GWETROOT,2011,-2,40.625,0.48,0.46,0.46,0.48,0.51,0.49,0.49,0.49,0.48,0.55,0.56,0.55,0.5
GWETROOT,2011,-2,41.25,0.38,0.37,0.37,0.38,0.41,0.4,0.4,0.4,0.38,0.44,0.45,0.44,0.4
GWETROOT,2011,-2.5,34.375,0.59,0.55,0.59,0.62,0.54,0.5,0.49,0.53,0.51,0.53,0.62,0.78,0.57
GWETROOT,2011,-2.5,35,0.58,0.54,0.57,0.61,0.56,0.49,0.47,0.49,0.48,0.52,0.6,0.73,0.55
GWETROOT,2011,-2.5,35.625,0.52,0.5,0.52,0.55,0.53,0.49,0.48,0.48,0.47,0.5,0.56,0.61,0.52
GWETROOT,2011,-2.5,36.25,0.44,0.45,0.46,0.46,0.45,0.44,0.43,0.43,0.43,0.44,0.47,0.49,0.45
GWETROOT,2011,-2.5,36.875,0.58,0.61,0.61,0.6,0.59,0.58,0.58,0.58,0.57,0.6,0.63,0.65,0.6
GWETROOT,2011,-2.5,37.5,0.54,0.57,0.57,0.57,0.57,0.54,0.54,0.54,0.54,0.57,0.62,0.64,0.57
GWETROOT,2011,-2.5,38.125,0.49,0.5,0.49,0.49,0.5,0.48,0.48,0.48,0.48,0.51,0.58,0.57,0.5
GWETROOT,2011,-2.5,38.75,0.52,0.53,0.52,0.53,0.53,0.51,0.51,0.51,0.51,0.55,0.61,0.57,0.53
GWETROOT,2011,-2.5,39.375,0.6,0.61,0.61,0.63,0.66,0.61,0.6,0.6,0.61,0.67,0.72,0.69,0.63
GWETROOT,2011,-2.5,40,0.39,0.39,0.39,0.42,0.44,0.41,0.4,0.4,0.4,0.47,0.5,0.48,0.42
GWETROOT,2011,-2.5,40.625,0.4,0.39,0.39,0.41,0.45,0.43,0.43,0.42,0.41,0.48,0.49,0.49,0.43
GWETROOT,2011,-2.5,41.25,,,,,,,,,,,,,
GWETROOT,2011,-3,34.375,0.6,0.57,0.59,0.62,0.51,0.46,0.46,0.47,0.46,0.5,0.56,0.78,0.55
GWETROOT,2011,-3,35,0.58,0.55,0.59,0.62,0.55,0.48,0.46,0.47,0.46,0.49,0.55,0.71,0.54
GWETROOT,2011,-3,35.625,0.56,0.54,0.58,0.61,0.59,0.54,0.5,0.47,0.47,0.51,0.55,0.64,0.55
GWETROOT,2011,-3,36.25,0.57,0.59,0.61,0.61,0.6,0.57,0.55,0.55,0.55,0.57,0.59,0.64,0.58
GWETROOT,2011,-3,36.875,0.59,0.64,0.66,0.65,0.7,0.65,0.59,0.58,0.58,0.64,0.68,0.71,0.64
GWETROOT,2011,-3,37.5,0.5,0.53,0.56,0.56,0.59,0.55,0.51,0.49,0.48,0.53,0.57,0.62,0.54
GWETROOT,2011,-3,38.125,0.49,0.51,0.5,0.51,0.51,0.49,0.48,0.48,0.48,0.51,0.58,0.58,0.51
GWETROOT,2011,-3,38.75,0.52,0.54,0.52,0.53,0.54,0.51,0.51,0.51,0.51,0.55,0.62,0.58,0.54
GWETROOT,2011,-3,39.375,0.61,0.61,0.61,0.64,0.65,0.62,0.6,0.6,0.61,0.67,0.72,0.69,0.64
GWETROOT,2011,-3,40,0.38,0.39,0.38,0.41,0.44,0.41,0.4,0.39,0.39,0.46,0.5,0.49,0.42
GWETROOT,2011,-3,40.625,0.39,0.39,0.38,0.41,0.46,0.44,0.42,0.41,0.41,0.49,0.53,0.53,0.44
GWETROOT,2011,-3,41.25,,,,,,,,,,,,,
GWETROOT,2011,-3.5,34.375,0.57,0.56,0.58,0.61,0.5,0.46,0.46,0.46,0.46,0.48,0.54,0.74,0.53
GWETROOT,2011,-3.5,35,0.54,0.53,0.56,0.59,0.52,0.48,0.46,0.46,0.46,0.47,0.51,0.63,0.52
GWETROOT,2011,-3.5,35.625,0.52,0.53,0.55,0.57,0.55,0.51,0.49,0.48,0.48,0.5,0.51,0.56,0.52
GWETROOT,2011,-3.5,36.25,0.5,0.52,0.55,0.56,0.54,0.5,0.48,0.48,0.48,0.5,0.52,0.55,0.51
GWETROOT,2011,-3.5,36.875,0.48,0.5,0.52,0.54,0.56,0.51,0.47,0.46,0.46,0.51,0.52,0.54,0.51
GWETROOT,2011,-3.5,37.5,0.47,0.49,0.49,0.49,0.52,0.49,0.47,0.47,0.46,0.5,0.52,0.51,0.49
GWETROOT,2011,-3.5,38.125,0.48,0.5,0.49,0.49,0.5,0.48,0.47,0.47,0.48,0.5,0.55,0.53,0.49
GWETROOT,2011,-3.5,38.75,0.5,0.52,0.5,0.52,0.53,0.5,0.49,0.49,0.49,0.53,0.58,0.55,0.52
GWETROOT,2011,-3.5,39.375,0.59,0.6,0.59,0.62,0.63,0.6,0.59,0.59,0.59,0.65,0.68,0.65,0.62
GWETROOT,2011,-3.5,40,0.48,0.49,0.48,0.52,0.54,0.5,0.49,0.48,0.49,0.55,0.6,0.58,0.52
GWETROOT,2011,-3.5,40.625,0.39,0.39,0.38,0.41,0.46,0.45,0.42,0.41,0.4,0.5,0.54,0.54,0.44
GWETROOT,2011,-3.5,41.25,,,,,,,,,,,,,
GWETROOT,2011,-4,34.375,0.53,0.53,0.55,0.56,0.49,0.46,0.46,0.46,0.46,0.47,0.52,0.65,0.51
GWETROOT,2011,-4,35,0.56,0.56,0.59,0.6,0.55,0.52,0.51,0.51,0.51,0.52,0.55,0.63,0.55
GWETROOT,2011,-4,35.625,0.53,0.54,0.56,0.58,0.55,0.53,0.51,0.5,0.49,0.51,0.52,0.57,0.53
GWETROOT,2011,-4,36.25,0.49,0.51,0.52,0.53,0.52,0.48,0.47,0.47,0.47,0.49,0.5,0.52,0.5
GWETROOT,2011,-4,36.875,0.48,0.5,0.51,0.52,0.52,0.49,0.47,0.47,0.46,0.49,0.5,0.51,0.49
GWETROOT,2011,-4,37.5,0.5,0.52,0.52,0.52,0.53,0.5,0.49,0.49,0.49,0.52,0.53,0.52,0.51
GWETROOT,2011,-4,38.125,0.54,0.56,0.55,0.56,0.57,0.54,0.54,0.54,0.54,0.57,0.6,0.57,0.56
GWETROOT,2011,-4,38.75,0.5,0.51,0.5,0.52,0.54,0.51,0.5,0.5,0.5,0.54,0.58,0.54,0.52
GWETROOT,2011,-4,39.375,0.45,0.46,0.45,0.48,0.5,0.47,0.45,0.46,0.46,0.51,0.53,0.49,0.48
GWETROOT,2011,-4,40,0.41,0.43,0.43,0.46,0.5,0.44,0.42,0.42,0.43,0.52,0.56,0.53,0.46
GWETROOT,2011,-4,40.625,,,,,,,,,,,,,
GWETROOT,2011,-4,41.25,,,,,,,,,,,,,
GWETROOT,2011,-4.5,34.375,0.45,0.45,0.49,0.48,0.43,0.41,0.4,0.4,0.4,0.4,0.44,0.55,0.44
GWETROOT,2011,-4.5,35,0.46,0.47,0.51,0.51,0.47,0.45,0.44,0.43,0.43,0.44,0.46,0.54,0.47
GWETROOT,2011,-4.5,35.625,0.44,0.45,0.48,0.49,0.46,0.44,0.42,0.42,0.41,0.42,0.44,0.49,0.45
GWETROOT,2011,-4.5,36.25,0.49,0.51,0.52,0.52,0.5,0.48,0.47,0.47,0.47,0.48,0.49,0.52,0.49
GWETROOT,2011,-4.5,36.875,0.49,0.51,0.52,0.52,0.52,0.48,0.47,0.47,0.47,0.5,0.5,0.51,0.5
GWETROOT,2011,-4.5,37.5,0.49,0.51,0.51,0.52,0.52,0.48,0.48,0.48,0.47,0.51,0.51,0.51,0.5
GWETROOT,2011,-4.5,38.125,0.6,0.61,0.61,0.63,0.64,0.62,0.6,0.6,0.6,0.65,0.68,0.66,0.63
GWETROOT,2011,-4.5,38.75,0.57,0.58,0.58,0.61,0.63,0.6,0.58,0.57,0.58,0.64,0.68,0.66,0.61
GWETROOT,2011,-4.5,39.375,0.41,0.43,0.42,0.46,0.49,0.45,0.43,0.43,0.43,0.5,0.53,0.5,0.46
GWETROOT,2011,-4.5,40,0.39,0.4,0.4,0.44,0.46,0.42,0.4,0.4,0.39,0.45,0.47,0.46,0.42
GWETROOT,2011,-4.5,40.625,,,,,,,,,,,,,
GWETROOT,2011,-4.5,41.25,,,,,,,,,,,,,
GWETROOT,2011,0.5,34.375,0.49,0.44,0.48,0.49,0.62,0.62,0.59,0.66,0.68,0.69,0.75,0.75,0.61
GWETROOT,2011,0.5,35,0.59,0.52,0.53,0.55,0.69,0.7,0.7,0.76,0.8,0.8,0.89,0.87,0.7
GWETROOT,2011,0.5,35.625,0.41,0.4,0.42,0.45,0.55,0.52,0.51,0.55,0.55,0.54,0.63,0.64,0.51
GWETROOT,2011,0.5,36.25,0.4,0.4,0.42,0.43,0.49,0.48,0.5,0.56,0.57,0.5,0.56,0.56,0.49
GWETROOT,2011,0.5,36.875,0.5,0.49,0.51,0.51,0.55,0.54,0.56,0.6,0.61,0.57,0.61,0.63,0.56
GWETROOT,2011,0.5,37.5,0.34,0.34,0.35,0.35,0.37,0.37,0.37,0.4,0.41,0.41,0.46,0.47,0.39
GWETROOT,2011,0.5,38.125,0.34,0.33,0.34,0.34,0.35,0.34,0.33,0.34,0.34,0.39,0.46,0.45,0.36
GWETROOT,2011,0.5,38.75,0.33,0.33,0.33,0.34,0.35,0.33,0.33,0.33,0.33,0.39,0.46,0.45,0.36
GWETROOT,2011,0.5,39.375,0.35,0.35,0.35,0.36,0.39,0.36,0.35,0.35,0.35,0.44,0.52,0.5,0.39
GWETROOT,2011,0.5,40,0.33,0.33,0.33,0.35,0.38,0.35,0.33,0.33,0.33,0.45,0.55,0.52,0.38
GWETROOT,2011,0.5,40.625,0.34,0.34,0.34,0.35,0.37,0.35,0.35,0.34,0.34,0.49,0.59,0.54,0.4
GWETROOT,2011,0.5,41.25,0.37,0.36,0.36,0.38,0.39,0.37,0.37,0.37,0.36,0.51,0.55,0.52,0.41
GWETROOT,2011,1,34.375,0.67,0.59,0.58,0.58,0.7,0.74,0.74,0.81,0.91,0.89,0.96,0.91,0.76
GWETROOT,2011,1,35,0.56,0.48,0.5,0.52,0.7,0.76,0.75,0.83,0.88,0.84,0.93,0.88,0.72
GWETROOT,2011,1,35.625,0.36,0.36,0.39,0.42,0.57,0.52,0.49,0.54,0.54,0.52,0.59,0.57,0.49
GWETROOT,2011,1,36.25,0.35,0.35,0.36,0.37,0.43,0.44,0.45,0.51,0.53,0.44,0.47,0.49,0.43
GWETROOT,2011,1,36.875,0.34,0.34,0.35,0.36,0.41,0.41,0.43,0.47,0.49,0.44,0.48,0.5,0.42
GWETROOT,2011,1,37.5,0.33,0.33,0.34,0.34,0.36,0.35,0.35,0.37,0.38,0.39,0.45,0.46,0.37
GWETROOT,2011,1,38.125,0.33,0.33,0.33,0.34,0.33,0.33,0.33,0.33,0.33,0.37,0.42,0.41,0.35
GWETROOT,2011,1,38.75,0.35,0.35,0.35,0.36,0.36,0.35,0.35,0.35,0.35,0.4,0.45,0.44,0.37
GWETROOT,2011,1,39.375,0.36,0.36,0.36,0.37,0.39,0.36,0.36,0.36,0.36,0.45,0.53,0.5,0.4
GWETROOT,2011,1,40,0.33,0.33,0.33,0.34,0.38,0.34,0.33,0.33,0.33,0.48,0.6,0.55,0.39
GWETROOT,2011,1,40.625,0.35,0.35,0.35,0.36,0.38,0.36,0.36,0.36,0.35,0.53,0.69,0.63,0.42
GWETROOT,2011,1,41.25,0.42,0.42,0.42,0.43,0.44,0.42,0.42,0.42,0.42,0.57,0.68,0.67,0.48
GWETROOT,2011,1.5,34.375,0.47,0.46,0.48,0.48,0.55,0.57,0.55,0.6,0.65,0.61,0.63,0.6,0.55
GWETROOT,2011,1.5,35,0.41,0.4,0.43,0.44,0.55,0.58,0.55,0.63,0.72,0.63,0.67,0.63,0.55
GWETROOT,2011,1.5,35.625,0.33,0.33,0.34,0.35,0.43,0.42,0.41,0.45,0.47,0.43,0.47,0.45,0.41
GWETROOT,2011,1.5,36.25,0.36,0.36,0.36,0.36,0.4,0.4,0.41,0.43,0.46,0.4,0.42,0.44,0.4
GWETROOT,2011,1.5,36.875,0.34,0.33,0.35,0.36,0.37,0.37,0.37,0.4,0.41,0.4,0.44,0.46,0.38
GWETROOT,2011,1.5,37.5,0.33,0.33,0.34,0.34,0.35,0.36,0.36,0.37,0.39,0.38,0.42,0.44,0.37
GWETROOT,2011,1.5,38.125,0.34,0.34,0.34,0.35,0.34,0.34,0.34,0.34,0.34,0.39,0.43,0.42,0.36
GWETROOT,2011,1.5,38.75,0.45,0.45,0.45,0.46,0.46,0.45,0.45,0.45,0.45,0.5,0.54,0.52,0.47
GWETROOT,2011,1.5,39.375,0.36,0.35,0.35,0.37,0.39,0.36,0.36,0.36,0.36,0.47,0.6,0.58,0.41
GWETROOT,2011,1.5,40,0.37,0.37,0.37,0.38,0.41,0.37,0.37,0.37,0.37,0.49,0.64,0.62,0.43
GWETROOT,2011,1.5,40.625,0.41,0.41,0.41,0.42,0.43,0.41,0.41,0.41,0.41,0.59,0.79,0.76,0.49
GWETROOT,2011,1.5,41.25,0.33,0.33,0.33,0.34,0.36,0.34,0.33,0.33,0.33,0.51,0.71,0.69,0.41
GWETROOT,2011,2,34.375,0.46,0.46,0.47,0.47,0.51,0.53,0.51,0.57,0.6,0.54,0.56,0.53,0.52
GWETROOT,2011,2,35,0.4,0.4,0.4,0.41,0.46,0.49,0.47,0.54,0.6,0.52,0.54,0.51,0.48
GWETROOT,2011,2,35.625,0.33,0.33,0.33,0.34,0.37,0.37,0.36,0.39,0.41,0.38,0.41,0.4,0.37
GWETROOT,2011,2,36.25,0.37,0.37,0.37,0.37,0.38,0.38,0.39,0.4,0.41,0.38,0.4,0.41,0.39
GWETROOT,2011,2,36.875,0.35,0.35,0.36,0.37,0.37,0.37,0.37,0.38,0.39,0.38,0.42,0.43,0.38
GWETROOT,2011,2,37.5,0.33,0.33,0.34,0.34,0.34,0.34,0.34,0.35,0.35,0.37,0.42,0.43,0.36
GWETROOT,2011,2,38.125,0.39,0.39,0.39,0.4,0.39,0.39,0.39,0.39,0.39,0.44,0.51,0.5,0.41
GWETROOT,2011,2,38.75,0.38,0.38,0.38,0.39,0.4,0.39,0.38,0.38,0.38,0.44,0.51,0.5,0.41
GWETROOT,2011,2,39.375,0.33,0.33,0.33,0.35,0.38,0.34,0.33,0.33,0.33,0.45,0.59,0.57,0.39
GWETROOT,2011,2,40,0.37,0.37,0.37,0.39,0.43,0.38,0.37,0.37,0.37,0.51,0.69,0.67,0.44
GWETROOT,2011,2,40.625,0.56,0.56,0.55,0.57,0.58,0.56,0.56,0.56,0.56,0.73,0.9,0.85,0.63
GWETROOT,2011,2,41.25,0.41,0.4,0.4,0.41,0.42,0.41,0.41,0.41,0.4,0.58,0.76,0.71,0.48
GWETROOT,2011,2.5,34.375,0.42,0.42,0.43,0.43,0.46,0.47,0.45,0.51,0.53,0.47,0.51,0.48,0.47
GWETROOT,2011,2.5,35,0.37,0.37,0.37,0.37,0.41,0.42,0.41,0.45,0.49,0.44,0.48,0.46,0.42
GWETROOT,2011,2.5,35.625,0.33,0.33,0.34,0.33,0.37,0.35,0.34,0.35,0.36,0.34,0.41,0.4,0.35
GWETROOT,2011,2.5,36.25,0.35,0.36,0.36,0.36,0.37,0.36,0.36,0.36,0.37,0.36,0.41,0.4,0.37
GWETROOT,2011,2.5,36.875,0.35,0.35,0.36,0.36,0.35,0.35,0.35,0.35,0.35,0.36,0.4,0.41,0.36
GWETROOT,2011,2.5,37.5,0.37,0.37,0.38,0.38,0.37,0.37,0.37,0.37,0.37,0.39,0.46,0.45,0.39
GWETROOT,2011,2.5,38.125,0.36,0.36,0.36,0.37,0.37,0.36,0.36,0.36,0.36,0.41,0.52,0.5,0.39
GWETROOT,2011,2.5,38.75,0.36,0.36,0.36,0.37,0.38,0.36,0.36,0.36,0.36,0.42,0.52,0.5,0.39
GWETROOT,2011,2.5,39.375,0.33,0.33,0.34,0.35,0.38,0.35,0.34,0.34,0.34,0.43,0.58,0.55,0.39
GWETROOT,2011,2.5,40,0.37,0.37,0.38,0.39,0.43,0.39,0.37,0.37,0.37,0.49,0.67,0.64,0.44
GWETROOT,2011,2.5,40.625,0.46,0.46,0.46,0.47,0.5,0.47,0.47,0.46,0.46,0.6,0.77,0.73,0.53
GWETROOT,2011,2.5,41.25,0.24,0.24,0.24,0.25,0.27,0.26,0.25,0.24,0.24,0.35,0.46,0.43,0.29
GWETROOT,2011,3,34.375,0.44,0.44,0.46,0.46,0.49,0.5,0.48,0.51,0.56,0.51,0.56,0.53,0.5
GWETROOT,2011,3,35,0.33,0.33,0.35,0.34,0.39,0.39,0.37,0.39,0.44,0.39,0.48,0.46,0.39
GWETROOT,2011,3,35.625,0.33,0.33,0.34,0.33,0.36,0.34,0.33,0.33,0.34,0.33,0.43,0.42,0.35
GWETROOT,2011,3,36.25,0.33,0.33,0.35,0.34,0.34,0.34,0.34,0.34,0.34,0.34,0.42,0.41,0.35
GWETROOT,2011,3,36.875,0.33,0.33,0.35,0.34,0.33,0.33,0.33,0.33,0.33,0.33,0.42,0.41,0.35
GWETROOT,2011,3,37.5,0.3,0.3,0.32,0.31,0.31,0.31,0.3,0.3,0.3,0.31,0.39,0.38,0.32
GWETROOT,2011,3,38.125,0.34,0.34,0.35,0.35,0.36,0.35,0.34,0.34,0.34,0.38,0.5,0.49,0.37
GWETROOT,2011,3,38.75,0.39,0.39,0.4,0.4,0.41,0.4,0.39,0.39,0.39,0.44,0.56,0.53,0.42
GWETROOT,2011,3,39.375,0.33,0.33,0.34,0.34,0.38,0.35,0.33,0.33,0.33,0.41,0.55,0.51,0.38
GWETROOT,2011,3,40,0.36,0.37,0.37,0.38,0.42,0.38,0.37,0.37,0.37,0.46,0.61,0.57,0.42
GWETROOT,2011,3,40.625,0.36,0.36,0.36,0.37,0.42,0.39,0.38,0.37,0.36,0.46,0.61,0.58,0.42
GWETROOT,2011,3,41.25,0.28,0.28,0.28,0.29,0.32,0.3,0.29,0.28,0.28,0.35,0.44,0.42,0.32
GWETROOT,2011,3.5,34.375,0.34,0.34,0.37,0.37,0.4,0.43,0.42,0.46,0.52,0.46,0.54,0.5,0.43
GWETROOT,2011,3.5,35,0.33,0.33,0.35,0.34,0.37,0.38,0.36,0.37,0.41,0.37,0.47,0.46,0.38
GWETROOT,2011,3.5,35.625,0.33,0.33,0.35,0.34,0.35,0.33,0.33,0.33,0.34,0.33,0.44,0.43,0.35
GWETROOT,2011,3.5,36.25,0.33,0.33,0.36,0.34,0.34,0.34,0.34,0.33,0.34,0.33,0.43,0.42,0.35
GWETROOT,2011,3.5,36.875,0.33,0.33,0.36,0.35,0.34,0.33,0.33,0.33,0.33,0.34,0.43,0.43,0.35
GWETROOT,2011,3.5,37.5,0.37,0.37,0.39,0.38,0.38,0.37,0.37,0.37,0.37,0.38,0.47,0.45,0.39
GWETROOT,2011,3.5,38.125,0.33,0.33,0.34,0.35,0.37,0.35,0.33,0.33,0.33,0.38,0.51,0.48,0.37
GWETROOT,2011,3.5,38.75,0.35,0.35,0.36,0.36,0.4,0.37,0.35,0.35,0.35,0.42,0.53,0.49,0.39
GWETROOT,2011,3.5,39.375,0.37,0.37,0.38,0.39,0.44,0.41,0.38,0.38,0.38,0.47,0.59,0.54,0.43
GWETROOT,2011,3.5,40,0.38,0.38,0.38,0.39,0.43,0.4,0.38,0.38,0.38,0.48,0.6,0.54,0.43
GWETROOT,2011,3.5,40.625,0.51,0.51,0.51,0.52,0.55,0.52,0.51,0.51,0.51,0.61,0.73,0.67,0.56
GWETROOT,2011,3.5,41.25,0.33,0.32,0.33,0.33,0.37,0.35,0.34,0.33,0.33,0.41,0.5,0.47,0.37
GWETROOT,2011,4,34.375,0.45,0.45,0.47,0.47,0.49,0.51,0.5,0.53,0.57,0.54,0.6,0.57,0.51
GWETROOT,2011,4,35,0.42,0.42,0.44,0.43,0.45,0.45,0.44,0.45,0.48,0.45,0.55,0.54,0.46
GWETROOT,2011,4,35.625,0.33,0.33,0.36,0.35,0.35,0.34,0.34,0.34,0.34,0.33,0.45,0.45,0.36
GWETROOT,2011,4,36.25,0.33,0.33,0.36,0.34,0.34,0.33,0.33,0.33,0.34,0.33,0.43,0.43,0.35
GWETROOT,2011,4,36.875,0.33,0.33,0.36,0.35,0.34,0.33,0.33,0.33,0.34,0.34,0.43,0.43,0.35
GWETROOT,2011,4,37.5,0.37,0.37,0.39,0.38,0.38,0.37,0.37,0.37,0.37,0.38,0.46,0.45,0.39
GWETROOT,2011,4,38.125,0.42,0.42,0.43,0.43,0.46,0.44,0.43,0.42,0.42,0.48,0.57,0.54,0.46
GWETROOT,2011,4,38.75,0.58,0.58,0.59,0.59,0.61,0.59,0.58,0.58,0.58,0.64,0.72,0.69,0.61
GWETROOT,2011,4,39.375,0.57,0.57,0.58,0.59,0.61,0.59,0.58,0.58,0.58,0.66,0.74,0.69,0.61
GWETROOT,2011,4,40,0.45,0.45,0.45,0.47,0.5,0.46,0.45,0.45,0.45,0.57,0.66,0.6,0.5
GWETROOT,2011,4,40.625,0.51,0.51,0.52,0.53,0.56,0.52,0.51,0.51,0.51,0.64,0.74,0.67,0.56
GWETROOT,2011,4,41.25,0.35,0.35,0.35,0.36,0.39,0.36,0.35,0.35,0.35,0.45,0.55,0.51,0.39
GWETROOT,2011,4.5,34.375,0.58,0.58,0.59,0.59,0.6,0.61,0.6,0.61,0.61,0.62,0.64,0.61,0.6
GWETROOT,2011,4.5,35,0.48,0.48,0.5,0.49,0.51,0.5,0.5,0.51,0.52,0.51,0.6,0.59,0.52
GWETROOT,2011,4.5,35.625,0.33,0.33,0.38,0.37,0.36,0.34,0.34,0.34,0.34,0.34,0.45,0.46,0.37
GWETROOT,2011,4.5,36.25,0.33,0.33,0.38,0.36,0.35,0.34,0.34,0.33,0.34,0.34,0.43,0.44,0.36
GWETROOT,2011,4.5,36.875,0.33,0.33,0.37,0.35,0.35,0.34,0.33,0.33,0.34,0.34,0.43,0.45,0.36
GWETROOT,2011,4.5,37.5,0.5,0.51,0.53,0.52,0.53,0.51,0.51,0.51,0.51,0.52,0.59,0.58,0.53
GWETROOT,2011,4.5,38.125,0.57,0.57,0.58,0.58,0.6,0.58,0.58,0.57,0.58,0.62,0.69,0.67,0.6
GWETROOT,2011,4.5,38.75,0.54,0.54,0.54,0.55,0.57,0.55,0.55,0.54,0.55,0.6,0.66,0.65,0.57
GWETROOT,2011,4.5,39.375,0.46,0.46,0.47,0.48,0.5,0.48,0.47,0.47,0.47,0.55,0.6,0.57,0.5
GWETROOT,2011,4.5,40,0.4,0.4,0.4,0.41,0.44,0.41,0.4,0.4,0.4,0.48,0.55,0.51,0.43
GWETROOT,2011,4.5,40.625,0.37,0.37,0.37,0.39,0.43,0.39,0.38,0.37,0.37,0.51,0.6,0.52,0.42
GWETROOT,2011,4.5,41.25,0.33,0.33,0.33,0.35,0.4,0.36,0.33,0.33,0.33,0.47,0.6,0.54,0.39
GWETROOT,2012,-0.5,34.375,0.67,0.53,0.54,0.64,0.81,0.8,0.75,0.63,0.62,0.61,0.77,0.74,0.68
GWETROOT,2012,-0.5,35,0.66,0.54,0.53,0.62,0.79,0.79,0.74,0.67,0.67,0.64,0.74,0.74,0.68
GWETROOT,2012,-0.5,35.625,0.54,0.47,0.45,0.53,0.65,0.65,0.64,0.63,0.63,0.62,0.65,0.65,0.59
GWETROOT,2012,-0.5,36.25,0.45,0.41,0.39,0.47,0.58,0.55,0.54,0.54,0.54,0.52,0.53,0.52,0.5
GWETROOT,2012,-0.5,36.875,0.43,0.39,0.37,0.44,0.56,0.53,0.5,0.49,0.46,0.46,0.48,0.48,0.47
GWETROOT,2012,-0.5,37.5,0.51,0.47,0.46,0.51,0.62,0.58,0.55,0.55,0.53,0.53,0.56,0.56,0.54
GWETROOT,2012,-0.5,38.125,0.48,0.47,0.47,0.49,0.51,0.48,0.48,0.48,0.47,0.48,0.52,0.53,0.49
GWETROOT,2012,-0.5,38.75,0.44,0.43,0.43,0.46,0.46,0.44,0.44,0.44,0.43,0.44,0.48,0.48,0.45
GWETROOT,2012,-0.5,39.375,0.4,0.39,0.39,0.4,0.42,0.4,0.4,0.39,0.39,0.41,0.43,0.44,0.41
GWETROOT,2012,-0.5,40,0.45,0.44,0.43,0.45,0.47,0.46,0.44,0.44,0.43,0.45,0.48,0.5,0.45
GWETROOT,2012,-0.5,40.625,0.47,0.46,0.46,0.47,0.51,0.54,0.5,0.47,0.46,0.48,0.49,0.49,0.48
GWETROOT,2012,-0.5,41.25,0.48,0.47,0.47,0.48,0.52,0.55,0.51,0.48,0.47,0.49,0.5,0.5,0.49
GWETROOT,2012,-1,34.375,0.66,0.54,0.54,0.59,0.69,0.66,0.59,0.53,0.53,0.53,0.63,0.62,0.59
GWETROOT,2012,-1,35,0.69,0.58,0.58,0.64,0.79,0.77,0.72,0.66,0.62,0.61,0.67,0.67,0.67
GWETROOT,2012,-1,35.625,0.54,0.49,0.49,0.58,0.75,0.73,0.69,0.65,0.61,0.58,0.6,0.59,0.61
GWETROOT,2012,-1,36.25,0.43,0.37,0.36,0.47,0.73,0.72,0.68,0.62,0.57,0.51,0.51,0.48,0.54
GWETROOT,2012,-1,36.875,0.5,0.46,0.46,0.54,0.69,0.62,0.56,0.52,0.49,0.5,0.54,0.55,0.54
GWETROOT,2012,-1,37.5,0.51,0.47,0.46,0.54,0.69,0.64,0.59,0.54,0.52,0.52,0.55,0.56,0.55
GWETROOT,2012,-1,38.125,0.48,0.47,0.47,0.49,0.5,0.48,0.48,0.47,0.47,0.48,0.51,0.52,0.49
GWETROOT,2012,-1,38.75,0.47,0.47,0.47,0.49,0.49,0.47,0.47,0.47,0.47,0.48,0.5,0.51,0.48
GWETROOT,2012,-1,39.375,0.46,0.46,0.46,0.47,0.48,0.47,0.46,0.47,0.46,0.47,0.49,0.49,0.47
GWETROOT,2012,-1,40,0.54,0.54,0.54,0.55,0.57,0.56,0.54,0.54,0.54,0.55,0.58,0.59,0.55
GWETROOT,2012,-1,40.625,0.48,0.47,0.47,0.48,0.53,0.57,0.52,0.49,0.48,0.5,0.51,0.51,0.5
GWETROOT,2012,-1,41.25,0.48,0.47,0.47,0.47,0.52,0.56,0.52,0.49,0.48,0.5,0.51,0.51,0.5
GWETROOT,2012,-1.5,34.375,0.68,0.58,0.61,0.67,0.78,0.68,0.62,0.58,0.59,0.61,0.73,0.69,0.65
GWETROOT,2012,-1.5,35,0.65,0.55,0.58,0.66,0.84,0.74,0.64,0.58,0.56,0.57,0.67,0.67,0.64
GWETROOT,2012,-1.5,35.625,0.54,0.47,0.48,0.6,0.84,0.77,0.66,0.57,0.53,0.51,0.58,0.59,0.6
GWETROOT,2012,-1.5,36.25,0.41,0.39,0.4,0.51,0.73,0.63,0.53,0.47,0.43,0.42,0.45,0.44,0.48
GWETROOT,2012,-1.5,36.875,0.6,0.59,0.59,0.68,0.83,0.71,0.63,0.6,0.59,0.61,0.63,0.63,0.64
GWETROOT,2012,-1.5,37.5,0.48,0.45,0.45,0.51,0.63,0.55,0.49,0.46,0.45,0.48,0.52,0.54,0.5
GWETROOT,2012,-1.5,38.125,0.46,0.43,0.42,0.46,0.49,0.46,0.44,0.44,0.42,0.44,0.49,0.51,0.46
GWETROOT,2012,-1.5,38.75,0.47,0.47,0.47,0.49,0.49,0.47,0.47,0.47,0.47,0.48,0.51,0.52,0.48
GWETROOT,2012,-1.5,39.375,0.47,0.47,0.47,0.48,0.5,0.48,0.47,0.47,0.47,0.48,0.51,0.52,0.48
GWETROOT,2012,-1.5,40,0.54,0.54,0.53,0.54,0.58,0.57,0.55,0.54,0.54,0.56,0.58,0.59,0.56
GWETROOT,2012,-1.5,40.625,0.49,0.49,0.48,0.49,0.55,0.58,0.53,0.51,0.49,0.51,0.53,0.53,0.52
GWETROOT,2012,-1.5,41.25,0.49,0.47,0.47,0.47,0.52,0.57,0.54,0.5,0.47,0.5,0.51,0.52,0.5
GWETROOT,2012,-1.80E-13,34.375,0.59,0.48,0.46,0.57,0.68,0.69,0.66,0.6,0.61,0.59,0.67,0.65,0.6
GWETROOT,2012,-1.80E-13,35,0.69,0.59,0.56,0.67,0.81,0.82,0.81,0.78,0.8,0.77,0.85,0.83,0.75
GWETROOT,2012,-1.80E-13,35.625,0.62,0.53,0.49,0.57,0.71,0.71,0.72,0.72,0.74,0.73,0.78,0.78,0.68
GWETROOT,2012,-1.80E-13,36.25,0.5,0.46,0.44,0.5,0.61,0.58,0.59,0.6,0.6,0.57,0.58,0.55,0.55
GWETROOT,2012,-1.80E-13,36.875,0.44,0.39,0.37,0.43,0.55,0.51,0.5,0.5,0.49,0.47,0.49,0.48,0.47
GWETROOT,2012,-1.80E-13,37.5,0.49,0.43,0.41,0.46,0.58,0.54,0.53,0.54,0.52,0.5,0.54,0.54,0.51
GWETROOT,2012,-1.80E-13,38.125,0.44,0.42,0.41,0.44,0.46,0.43,0.42,0.41,0.4,0.41,0.46,0.47,0.43
GWETROOT,2012,-1.80E-13,38.75,0.38,0.36,0.35,0.38,0.39,0.36,0.36,0.36,0.35,0.36,0.39,0.41,0.37
GWETROOT,2012,-1.80E-13,39.375,0.36,0.34,0.33,0.36,0.36,0.34,0.34,0.34,0.33,0.34,0.37,0.38,0.35
GWETROOT,2012,-1.80E-13,40,0.4,0.36,0.34,0.36,0.38,0.37,0.35,0.35,0.34,0.35,0.37,0.39,0.36
GWETROOT,2012,-1.80E-13,40.625,0.43,0.4,0.39,0.42,0.43,0.44,0.42,0.4,0.39,0.4,0.41,0.41,0.41
GWETROOT,2012,-1.80E-13,41.25,0.44,0.43,0.42,0.46,0.46,0.47,0.45,0.43,0.42,0.44,0.44,0.44,0.44
GWETROOT,2012,-2,34.375,0.7,0.61,0.64,0.68,0.76,0.67,0.62,0.6,0.61,0.62,0.73,0.69,0.66
GWETROOT,2012,-2,35,0.66,0.56,0.6,0.67,0.8,0.68,0.6,0.56,0.55,0.57,0.68,0.68,0.63
GWETROOT,2012,-2,35.625,0.57,0.5,0.52,0.62,0.77,0.67,0.58,0.53,0.51,0.51,0.6,0.62,0.58
GWETROOT,2012,-2,36.25,0.38,0.36,0.37,0.44,0.53,0.44,0.39,0.36,0.36,0.36,0.38,0.38,0.4
GWETROOT,2012,-2,36.875,0.6,0.59,0.59,0.66,0.74,0.64,0.59,0.59,0.59,0.6,0.61,0.61,0.62
GWETROOT,2012,-2,37.5,0.5,0.48,0.48,0.55,0.63,0.54,0.49,0.49,0.48,0.5,0.53,0.54,0.52
GWETROOT,2012,-2,38.125,0.43,0.41,0.4,0.43,0.46,0.43,0.42,0.41,0.4,0.41,0.46,0.48,0.43
GWETROOT,2012,-2,38.75,0.49,0.48,0.48,0.51,0.52,0.49,0.49,0.49,0.48,0.5,0.53,0.54,0.5
GWETROOT,2012,-2,39.375,0.51,0.5,0.5,0.52,0.55,0.52,0.51,0.51,0.5,0.52,0.56,0.57,0.52
GWETROOT,2012,-2,40,0.47,0.47,0.46,0.48,0.51,0.5,0.48,0.47,0.47,0.49,0.52,0.53,0.49
GWETROOT,2012,-2,40.625,0.48,0.47,0.46,0.47,0.52,0.55,0.52,0.49,0.47,0.5,0.51,0.52,0.5
GWETROOT,2012,-2,41.25,0.39,0.38,0.37,0.37,0.43,0.46,0.44,0.41,0.39,0.4,0.4,0.41,0.4
GWETROOT,2012,-2.5,34.375,0.72,0.57,0.61,0.61,0.64,0.57,0.52,0.49,0.49,0.5,0.62,0.62,0.58
GWETROOT,2012,-2.5,35,0.69,0.55,0.61,0.63,0.69,0.58,0.51,0.47,0.47,0.48,0.63,0.62,0.58
GWETROOT,2012,-2.5,35.625,0.61,0.5,0.54,0.58,0.65,0.55,0.49,0.47,0.47,0.48,0.59,0.57,0.54
GWETROOT,2012,-2.5,36.25,0.49,0.45,0.46,0.5,0.53,0.48,0.45,0.43,0.43,0.43,0.46,0.45,0.46
GWETROOT,2012,-2.5,36.875,0.62,0.58,0.59,0.64,0.69,0.61,0.58,0.58,0.57,0.58,0.6,0.6,0.6
GWETROOT,2012,-2.5,37.5,0.59,0.54,0.55,0.61,0.66,0.57,0.54,0.54,0.54,0.55,0.58,0.58,0.57
GWETROOT,2012,-2.5,38.125,0.52,0.49,0.49,0.52,0.54,0.5,0.48,0.49,0.48,0.49,0.54,0.55,0.51
GWETROOT,2012,-2.5,38.75,0.52,0.52,0.52,0.54,0.56,0.52,0.52,0.52,0.51,0.53,0.58,0.57,0.53
GWETROOT,2012,-2.5,39.375,0.62,0.6,0.6,0.63,0.66,0.63,0.61,0.61,0.6,0.63,0.69,0.68,0.63
GWETROOT,2012,-2.5,40,0.41,0.39,0.39,0.41,0.44,0.43,0.41,0.4,0.39,0.42,0.47,0.46,0.42
GWETROOT,2012,-2.5,40.625,0.42,0.4,0.39,0.4,0.45,0.47,0.44,0.42,0.41,0.43,0.46,0.45,0.43
GWETROOT,2012,-2.5,41.25,,,,,,,,,,,,,
GWETROOT,2012,-3,34.375,0.84,0.65,0.71,0.63,0.62,0.54,0.48,0.46,0.46,0.47,0.58,0.61,0.59
GWETROOT,2012,-3,35,0.79,0.62,0.7,0.66,0.68,0.57,0.5,0.46,0.46,0.47,0.62,0.61,0.6
GWETROOT,2012,-3,35.625,0.74,0.61,0.66,0.66,0.71,0.61,0.54,0.49,0.47,0.47,0.6,0.6,0.6
GWETROOT,2012,-3,36.25,0.69,0.6,0.64,0.66,0.68,0.61,0.56,0.55,0.55,0.55,0.6,0.59,0.61
GWETROOT,2012,-3,36.875,0.71,0.61,0.64,0.68,0.76,0.66,0.6,0.59,0.58,0.59,0.63,0.61,0.64
GWETROOT,2012,-3,37.5,0.62,0.54,0.56,0.61,0.68,0.6,0.54,0.52,0.49,0.49,0.53,0.52,0.56
GWETROOT,2012,-3,38.125,0.53,0.5,0.5,0.52,0.54,0.5,0.48,0.49,0.47,0.49,0.54,0.53,0.51
GWETROOT,2012,-3,38.75,0.52,0.51,0.52,0.55,0.55,0.52,0.51,0.52,0.51,0.53,0.58,0.55,0.53
GWETROOT,2012,-3,39.375,0.62,0.6,0.61,0.62,0.65,0.63,0.61,0.61,0.6,0.62,0.69,0.65,0.63
GWETROOT,2012,-3,40,0.42,0.39,0.39,0.4,0.43,0.42,0.4,0.4,0.38,0.41,0.48,0.45,0.41
GWETROOT,2012,-3,40.625,0.44,0.41,0.39,0.39,0.45,0.46,0.43,0.42,0.4,0.43,0.49,0.47,0.43
GWETROOT,2012,-3,41.25,,,,,,,,,,,,,
GWETROOT,2012,-3.5,34.375,0.85,0.67,0.7,0.61,0.58,0.51,0.47,0.46,0.46,0.46,0.54,0.57,0.57
GWETROOT,2012,-3.5,35,0.74,0.61,0.65,0.61,0.61,0.53,0.48,0.46,0.46,0.46,0.55,0.56,0.56
GWETROOT,2012,-3.5,35.625,0.63,0.56,0.59,0.6,0.61,0.55,0.52,0.49,0.48,0.48,0.53,0.54,0.55
GWETROOT,2012,-3.5,36.25,0.62,0.54,0.58,0.59,0.61,0.53,0.49,0.49,0.48,0.49,0.51,0.51,0.54
GWETROOT,2012,-3.5,36.875,0.57,0.49,0.54,0.55,0.59,0.52,0.47,0.47,0.46,0.47,0.48,0.48,0.51
GWETROOT,2012,-3.5,37.5,0.49,0.47,0.48,0.51,0.54,0.5,0.47,0.47,0.47,0.47,0.49,0.47,0.49
GWETROOT,2012,-3.5,38.125,0.49,0.47,0.48,0.5,0.51,0.48,0.47,0.48,0.47,0.48,0.52,0.5,0.49
GWETROOT,2012,-3.5,38.75,0.51,0.49,0.5,0.53,0.54,0.51,0.5,0.5,0.49,0.5,0.55,0.52,0.51
GWETROOT,2012,-3.5,39.375,0.6,0.58,0.59,0.61,0.64,0.61,0.59,0.6,0.58,0.6,0.66,0.62,0.61
GWETROOT,2012,-3.5,40,0.51,0.49,0.49,0.51,0.53,0.51,0.49,0.5,0.48,0.5,0.58,0.54,0.51
GWETROOT,2012,-3.5,40.625,0.45,0.41,0.39,0.4,0.46,0.47,0.44,0.42,0.4,0.43,0.49,0.47,0.44
GWETROOT,2012,-3.5,41.25,,,,,,,,,,,,,
GWETROOT,2012,-4,34.375,0.74,0.63,0.64,0.58,0.54,0.49,0.46,0.46,0.46,0.46,0.5,0.54,0.54
GWETROOT,2012,-4,35,0.71,0.62,0.65,0.63,0.61,0.55,0.53,0.52,0.51,0.51,0.55,0.57,0.58
GWETROOT,2012,-4,35.625,0.62,0.57,0.6,0.61,0.6,0.56,0.53,0.51,0.5,0.5,0.52,0.53,0.55
GWETROOT,2012,-4,36.25,0.58,0.52,0.55,0.56,0.55,0.5,0.48,0.47,0.47,0.47,0.48,0.49,0.51
GWETROOT,2012,-4,36.875,0.54,0.49,0.52,0.53,0.53,0.49,0.47,0.47,0.47,0.47,0.47,0.48,0.49
GWETROOT,2012,-4,37.5,0.53,0.5,0.53,0.54,0.53,0.5,0.49,0.5,0.49,0.5,0.51,0.5,0.51
GWETROOT,2012,-4,38.125,0.55,0.54,0.55,0.57,0.57,0.55,0.54,0.55,0.54,0.55,0.57,0.56,0.55
GWETROOT,2012,-4,38.75,0.51,0.49,0.5,0.52,0.53,0.51,0.5,0.51,0.49,0.51,0.55,0.52,0.51
GWETROOT,2012,-4,39.375,0.46,0.45,0.45,0.47,0.51,0.48,0.46,0.46,0.45,0.47,0.52,0.48,0.47
GWETROOT,2012,-4,40,0.45,0.43,0.43,0.46,0.51,0.46,0.43,0.44,0.42,0.44,0.55,0.49,0.46
GWETROOT,2012,-4,40.625,,,,,,,,,,,,,
GWETROOT,2012,-4,41.25,,,,,,,,,,,,,
GWETROOT,2012,-4.5,34.375,0.58,0.5,0.54,0.5,0.48,0.44,0.42,0.41,0.4,0.4,0.43,0.47,0.46
GWETROOT,2012,-4.5,35,0.57,0.5,0.54,0.54,0.52,0.47,0.45,0.44,0.43,0.43,0.47,0.49,0.49
GWETROOT,2012,-4.5,35.625,0.54,0.48,0.5,0.52,0.5,0.46,0.45,0.43,0.42,0.41,0.44,0.45,0.47
GWETROOT,2012,-4.5,36.25,0.58,0.51,0.54,0.55,0.52,0.49,0.48,0.47,0.47,0.47,0.48,0.5,0.51
GWETROOT,2012,-4.5,36.875,0.56,0.5,0.53,0.53,0.52,0.49,0.47,0.48,0.47,0.47,0.48,0.49,0.5
GWETROOT,2012,-4.5,37.5,0.55,0.49,0.52,0.53,0.52,0.49,0.48,0.48,0.47,0.48,0.49,0.49,0.5
GWETROOT,2012,-4.5,38.125,0.62,0.59,0.61,0.63,0.64,0.61,0.6,0.61,0.59,0.6,0.64,0.62,0.61
GWETROOT,2012,-4.5,38.75,0.6,0.57,0.58,0.6,0.62,0.59,0.58,0.58,0.57,0.58,0.64,0.61,0.59
GWETROOT,2012,-4.5,39.375,0.44,0.42,0.43,0.46,0.5,0.46,0.44,0.44,0.42,0.43,0.51,0.47,0.45
GWETROOT,2012,-4.5,40,0.41,0.39,0.41,0.43,0.48,0.43,0.41,0.41,0.39,0.4,0.46,0.43,0.42
GWETROOT,2012,-4.5,40.625,,,,,,,,,,,,,
GWETROOT,2012,-4.5,41.25,,,,,,,,,,,,,
GWETROOT,2012,0.5,34.375,0.64,0.55,0.49,0.6,0.69,0.68,0.68,0.68,0.72,0.69,0.72,0.7,0.65
GWETROOT,2012,0.5,35,0.73,0.61,0.55,0.64,0.79,0.8,0.82,0.83,0.88,0.83,0.88,0.83,0.77
GWETROOT,2012,0.5,35.625,0.51,0.44,0.42,0.49,0.65,0.64,0.64,0.66,0.68,0.63,0.68,0.66,0.59
GWETROOT,2012,0.5,36.25,0.46,0.42,0.41,0.45,0.58,0.54,0.56,0.6,0.6,0.52,0.52,0.49,0.51
GWETROOT,2012,0.5,36.875,0.54,0.51,0.5,0.53,0.63,0.58,0.6,0.62,0.61,0.56,0.57,0.56,0.57
GWETROOT,2012,0.5,37.5,0.39,0.35,0.34,0.38,0.45,0.41,0.41,0.42,0.41,0.38,0.4,0.41,0.4
GWETROOT,2012,0.5,38.125,0.38,0.35,0.33,0.38,0.4,0.36,0.35,0.34,0.33,0.34,0.38,0.39,0.36
GWETROOT,2012,0.5,38.75,0.39,0.35,0.33,0.37,0.37,0.35,0.33,0.33,0.33,0.34,0.37,0.39,0.35
GWETROOT,2012,0.5,39.375,0.41,0.36,0.35,0.39,0.39,0.37,0.35,0.35,0.35,0.36,0.38,0.4,0.37
GWETROOT,2012,0.5,40,0.41,0.35,0.33,0.39,0.4,0.36,0.34,0.34,0.33,0.34,0.36,0.38,0.36
GWETROOT,2012,0.5,40.625,0.42,0.36,0.34,0.41,0.41,0.39,0.36,0.35,0.34,0.35,0.36,0.36,0.37
GWETROOT,2012,0.5,41.25,0.45,0.41,0.39,0.45,0.43,0.42,0.4,0.39,0.37,0.38,0.39,0.38,0.4
GWETROOT,2012,1,34.375,0.77,0.66,0.6,0.66,0.79,0.8,0.83,0.86,0.94,0.89,0.91,0.84,0.8
GWETROOT,2012,1,35,0.7,0.55,0.5,0.59,0.82,0.82,0.85,0.88,0.91,0.85,0.89,0.82,0.77
GWETROOT,2012,1,35.625,0.42,0.37,0.37,0.45,0.61,0.56,0.55,0.61,0.61,0.52,0.56,0.51,0.51
GWETROOT,2012,1,36.25,0.39,0.36,0.35,0.39,0.5,0.47,0.51,0.53,0.52,0.43,0.42,0.4,0.44
GWETROOT,2012,1,36.875,0.41,0.36,0.35,0.38,0.47,0.44,0.47,0.49,0.48,0.42,0.42,0.42,0.43
GWETROOT,2012,1,37.5,0.39,0.35,0.33,0.36,0.41,0.38,0.37,0.38,0.37,0.36,0.38,0.4,0.37
GWETROOT,2012,1,38.125,0.36,0.34,0.33,0.36,0.36,0.34,0.34,0.33,0.33,0.34,0.36,0.37,0.35
GWETROOT,2012,1,38.75,0.39,0.36,0.35,0.38,0.37,0.35,0.35,0.35,0.35,0.36,0.38,0.39,0.37
GWETROOT,2012,1,39.375,0.41,0.37,0.36,0.4,0.4,0.37,0.36,0.36,0.36,0.37,0.39,0.41,0.38
GWETROOT,2012,1,40,0.41,0.34,0.33,0.4,0.41,0.37,0.34,0.33,0.33,0.34,0.36,0.38,0.36
GWETROOT,2012,1,40.625,0.47,0.38,0.35,0.45,0.44,0.4,0.37,0.36,0.35,0.36,0.37,0.37,0.39
GWETROOT,2012,1,41.25,0.56,0.48,0.44,0.5,0.49,0.47,0.44,0.43,0.42,0.43,0.44,0.43,0.46
GWETROOT,2012,1.5,34.375,0.51,0.47,0.47,0.52,0.59,0.58,0.59,0.61,0.63,0.58,0.58,0.54,0.56
GWETROOT,2012,1.5,35,0.48,0.42,0.41,0.47,0.64,0.62,0.64,0.68,0.71,0.61,0.61,0.54,0.57
GWETROOT,2012,1.5,35.625,0.36,0.33,0.33,0.37,0.47,0.44,0.46,0.51,0.5,0.42,0.43,0.4,0.42
GWETROOT,2012,1.5,36.25,0.37,0.36,0.36,0.37,0.43,0.42,0.44,0.46,0.46,0.4,0.38,0.37,0.4
GWETROOT,2012,1.5,36.875,0.39,0.35,0.34,0.36,0.41,0.39,0.4,0.4,0.4,0.37,0.38,0.4,0.38
GWETROOT,2012,1.5,37.5,0.37,0.34,0.33,0.35,0.39,0.37,0.37,0.37,0.37,0.35,0.36,0.37,0.36
GWETROOT,2012,1.5,38.125,0.38,0.36,0.35,0.37,0.37,0.35,0.35,0.34,0.34,0.35,0.37,0.39,0.36
GWETROOT,2012,1.5,38.75,0.47,0.46,0.45,0.48,0.47,0.45,0.45,0.45,0.45,0.46,0.47,0.48,0.46
GWETROOT,2012,1.5,39.375,0.45,0.38,0.36,0.41,0.42,0.38,0.36,0.36,0.35,0.36,0.39,0.42,0.39
GWETROOT,2012,1.5,40,0.47,0.39,0.37,0.42,0.43,0.4,0.37,0.37,0.37,0.38,0.41,0.44,0.4
GWETROOT,2012,1.5,40.625,0.56,0.45,0.41,0.51,0.5,0.46,0.43,0.42,0.41,0.42,0.44,0.44,0.45
GWETROOT,2012,1.5,41.25,0.49,0.38,0.34,0.44,0.43,0.4,0.37,0.34,0.33,0.34,0.36,0.36,0.38
GWETROOT,2012,2,34.375,0.47,0.47,0.46,0.51,0.56,0.54,0.56,0.57,0.58,0.52,0.53,0.49,0.52
GWETROOT,2012,2,35,0.43,0.4,0.4,0.43,0.54,0.51,0.54,0.58,0.58,0.5,0.49,0.45,0.49
GWETROOT,2012,2,35.625,0.34,0.33,0.33,0.35,0.42,0.41,0.41,0.46,0.45,0.38,0.37,0.35,0.38
GWETROOT,2012,2,36.25,0.37,0.37,0.37,0.38,0.42,0.4,0.4,0.4,0.4,0.38,0.38,0.38,0.39
GWETROOT,2012,2,36.875,0.38,0.36,0.35,0.37,0.4,0.38,0.38,0.37,0.37,0.37,0.38,0.39,0.38
GWETROOT,2012,2,37.5,0.37,0.34,0.33,0.36,0.38,0.35,0.34,0.34,0.34,0.34,0.36,0.38,0.35
GWETROOT,2012,2,38.125,0.43,0.4,0.39,0.42,0.42,0.4,0.39,0.39,0.38,0.39,0.42,0.44,0.41
GWETROOT,2012,2,38.75,0.44,0.4,0.39,0.42,0.42,0.4,0.39,0.39,0.38,0.39,0.42,0.43,0.41
GWETROOT,2012,2,39.375,0.43,0.36,0.33,0.39,0.41,0.37,0.34,0.33,0.33,0.34,0.38,0.41,0.37
GWETROOT,2012,2,40,0.49,0.4,0.37,0.44,0.46,0.42,0.38,0.38,0.37,0.38,0.43,0.47,0.42
GWETROOT,2012,2,40.625,0.64,0.57,0.56,0.65,0.62,0.58,0.56,0.56,0.56,0.57,0.59,0.58,0.59
GWETROOT,2012,2,41.25,0.52,0.43,0.41,0.52,0.49,0.45,0.43,0.41,0.41,0.41,0.44,0.44,0.45
GWETROOT,2012,2.5,34.375,0.43,0.43,0.42,0.46,0.51,0.48,0.5,0.52,0.51,0.47,0.48,0.45,0.47
GWETROOT,2012,2.5,35,0.4,0.37,0.37,0.4,0.48,0.46,0.47,0.55,0.53,0.46,0.44,0.41,0.45
GWETROOT,2012,2.5,35.625,0.34,0.33,0.33,0.35,0.44,0.42,0.4,0.49,0.46,0.38,0.36,0.34,0.39
GWETROOT,2012,2.5,36.25,0.36,0.35,0.36,0.37,0.41,0.39,0.37,0.38,0.37,0.36,0.36,0.36,0.37
GWETROOT,2012,2.5,36.875,0.36,0.35,0.35,0.36,0.39,0.37,0.35,0.35,0.35,0.35,0.36,0.36,0.36
GWETROOT,2012,2.5,37.5,0.39,0.37,0.37,0.39,0.41,0.38,0.37,0.37,0.37,0.38,0.39,0.4,0.38
GWETROOT,2012,2.5,38.125,0.4,0.36,0.36,0.41,0.42,0.38,0.36,0.36,0.36,0.37,0.4,0.41,0.38
GWETROOT,2012,2.5,38.75,0.4,0.37,0.36,0.4,0.41,0.38,0.36,0.36,0.36,0.37,0.4,0.41,0.38
GWETROOT,2012,2.5,39.375,0.4,0.34,0.33,0.4,0.42,0.37,0.34,0.35,0.34,0.35,0.4,0.41,0.37
GWETROOT,2012,2.5,40,0.47,0.39,0.37,0.45,0.47,0.42,0.39,0.39,0.38,0.39,0.44,0.45,0.42
GWETROOT,2012,2.5,40.625,0.55,0.49,0.47,0.56,0.55,0.5,0.49,0.48,0.48,0.48,0.51,0.5,0.5
GWETROOT,2012,2.5,41.25,0.32,0.28,0.26,0.33,0.32,0.29,0.28,0.27,0.27,0.26,0.28,0.28,0.29
GWETROOT,2012,3,34.375,0.47,0.45,0.45,0.48,0.55,0.51,0.55,0.58,0.57,0.52,0.54,0.49,0.51
GWETROOT,2012,3,35,0.37,0.33,0.33,0.37,0.48,0.44,0.45,0.55,0.52,0.43,0.43,0.38,0.42
GWETROOT,2012,3,35.625,0.34,0.33,0.33,0.35,0.45,0.43,0.38,0.46,0.42,0.35,0.34,0.34,0.38
GWETROOT,2012,3,36.25,0.34,0.33,0.33,0.35,0.39,0.36,0.34,0.34,0.33,0.34,0.34,0.35,0.35
GWETROOT,2012,3,36.875,0.34,0.33,0.33,0.35,0.38,0.35,0.33,0.33,0.33,0.34,0.34,0.35,0.34
GWETROOT,2012,3,37.5,0.31,0.3,0.3,0.33,0.34,0.31,0.3,0.3,0.3,0.31,0.32,0.32,0.31
GWETROOT,2012,3,38.125,0.39,0.34,0.34,0.41,0.44,0.38,0.35,0.35,0.34,0.35,0.38,0.39,0.37
GWETROOT,2012,3,38.75,0.42,0.39,0.39,0.46,0.48,0.42,0.4,0.41,0.4,0.4,0.43,0.43,0.42
GWETROOT,2012,3,39.375,0.38,0.33,0.33,0.4,0.43,0.38,0.35,0.36,0.35,0.35,0.39,0.4,0.37
GWETROOT,2012,3,40,0.42,0.37,0.37,0.45,0.47,0.42,0.39,0.4,0.39,0.39,0.43,0.43,0.41
GWETROOT,2012,3,40.625,0.45,0.4,0.38,0.46,0.46,0.42,0.4,0.4,0.4,0.4,0.42,0.41,0.42
GWETROOT,2012,3,41.25,0.34,0.31,0.3,0.35,0.35,0.33,0.31,0.32,0.32,0.31,0.33,0.32,0.32
GWETROOT,2012,3.5,34.375,0.4,0.35,0.34,0.39,0.51,0.45,0.51,0.56,0.55,0.48,0.51,0.44,0.46
GWETROOT,2012,3.5,35,0.37,0.33,0.33,0.37,0.5,0.45,0.45,0.53,0.5,0.42,0.43,0.39,0.42
GWETROOT,2012,3.5,35.625,0.34,0.33,0.33,0.36,0.47,0.43,0.38,0.44,0.4,0.34,0.35,0.35,0.38
GWETROOT,2012,3.5,36.25,0.34,0.33,0.33,0.36,0.42,0.38,0.34,0.34,0.33,0.34,0.34,0.35,0.35
GWETROOT,2012,3.5,36.875,0.35,0.33,0.33,0.36,0.4,0.36,0.34,0.33,0.33,0.34,0.35,0.35,0.35
GWETROOT,2012,3.5,37.5,0.38,0.37,0.37,0.41,0.44,0.4,0.38,0.38,0.37,0.38,0.39,0.4,0.39
GWETROOT,2012,3.5,38.125,0.38,0.33,0.33,0.43,0.48,0.41,0.37,0.37,0.37,0.35,0.39,0.39,0.38
GWETROOT,2012,3.5,38.75,0.39,0.35,0.35,0.44,0.49,0.42,0.38,0.41,0.4,0.38,0.41,0.4,0.4
GWETROOT,2012,3.5,39.375,0.42,0.38,0.38,0.48,0.51,0.45,0.42,0.45,0.44,0.42,0.46,0.44,0.44
GWETROOT,2012,3.5,40,0.42,0.38,0.38,0.48,0.49,0.43,0.4,0.42,0.42,0.4,0.44,0.42,0.42
GWETROOT,2012,3.5,40.625,0.55,0.52,0.51,0.6,0.58,0.53,0.52,0.53,0.53,0.53,0.54,0.53,0.54
GWETROOT,2012,3.5,41.25,0.39,0.36,0.34,0.4,0.4,0.37,0.36,0.36,0.36,0.36,0.37,0.37,0.37
GWETROOT,2012,4,34.375,0.49,0.46,0.46,0.5,0.59,0.53,0.57,0.61,0.61,0.56,0.6,0.55,0.54
GWETROOT,2012,4,35,0.45,0.42,0.42,0.47,0.6,0.54,0.53,0.6,0.57,0.49,0.52,0.49,0.51
GWETROOT,2012,4,35.625,0.36,0.33,0.33,0.38,0.51,0.47,0.41,0.47,0.43,0.37,0.39,0.37,0.4
GWETROOT,2012,4,36.25,0.34,0.33,0.33,0.37,0.44,0.39,0.35,0.35,0.34,0.34,0.36,0.36,0.36
GWETROOT,2012,4,36.875,0.35,0.33,0.33,0.37,0.43,0.38,0.35,0.34,0.33,0.34,0.36,0.36,0.36
GWETROOT,2012,4,37.5,0.38,0.37,0.37,0.42,0.46,0.41,0.39,0.38,0.38,0.38,0.4,0.4,0.4
GWETROOT,2012,4,38.125,0.45,0.42,0.42,0.52,0.56,0.5,0.46,0.49,0.49,0.47,0.48,0.46,0.48
GWETROOT,2012,4,38.75,0.6,0.58,0.58,0.68,0.71,0.65,0.6,0.63,0.63,0.6,0.61,0.6,0.62
GWETROOT,2012,4,39.375,0.59,0.58,0.58,0.69,0.69,0.63,0.59,0.61,0.6,0.6,0.61,0.6,0.61
GWETROOT,2012,4,40,0.48,0.45,0.45,0.59,0.57,0.5,0.46,0.49,0.49,0.47,0.49,0.47,0.49
GWETROOT,2012,4,40.625,0.55,0.52,0.51,0.64,0.6,0.54,0.52,0.53,0.54,0.53,0.54,0.53,0.55
GWETROOT,2012,4,41.25,0.41,0.37,0.35,0.44,0.43,0.39,0.36,0.36,0.36,0.36,0.38,0.37,0.38
GWETROOT,2012,4.5,34.375,0.59,0.58,0.58,0.61,0.63,0.6,0.63,0.63,0.63,0.62,0.64,0.62,0.61
GWETROOT,2012,4.5,35,0.51,0.48,0.48,0.54,0.65,0.58,0.56,0.61,0.6,0.55,0.59,0.57,0.56
GWETROOT,2012,4.5,35.625,0.36,0.33,0.33,0.4,0.55,0.49,0.43,0.5,0.45,0.39,0.43,0.4,0.42
GWETROOT,2012,4.5,36.25,0.35,0.33,0.33,0.39,0.48,0.43,0.38,0.4,0.36,0.34,0.39,0.38,0.38
GWETROOT,2012,4.5,36.875,0.36,0.33,0.33,0.39,0.48,0.42,0.39,0.38,0.36,0.35,0.39,0.37,0.38
GWETROOT,2012,4.5,37.5,0.51,0.5,0.51,0.57,0.62,0.56,0.53,0.53,0.52,0.52,0.54,0.53,0.54
GWETROOT,2012,4.5,38.125,0.59,0.57,0.57,0.67,0.7,0.64,0.6,0.61,0.62,0.6,0.6,0.59,0.61
GWETROOT,2012,4.5,38.75,0.56,0.54,0.54,0.64,0.67,0.6,0.56,0.58,0.59,0.58,0.57,0.56,0.58
GWETROOT,2012,4.5,39.375,0.49,0.47,0.47,0.58,0.57,0.51,0.48,0.5,0.51,0.49,0.5,0.48,0.5
GWETROOT,2012,4.5,40,0.42,0.4,0.4,0.52,0.51,0.45,0.42,0.42,0.43,0.42,0.43,0.42,0.44
GWETROOT,2012,4.5,40.625,0.41,0.38,0.37,0.53,0.49,0.42,0.39,0.4,0.42,0.4,0.41,0.39,0.42
GWETROOT,2012,4.5,41.25,0.41,0.35,0.33,0.46,0.45,0.39,0.35,0.35,0.35,0.35,0.37,0.36,0.38
GWETROOT,2013,-0.5,34.375,0.76,0.63,0.59,0.89,0.89,0.73,0.59,0.54,0.55,0.57,0.6,0.67,0.67
GWETROOT,2013,-0.5,35,0.73,0.63,0.58,0.82,0.84,0.75,0.66,0.64,0.63,0.62,0.62,0.64,0.68
GWETROOT,2013,-0.5,35.625,0.62,0.56,0.53,0.68,0.68,0.65,0.62,0.62,0.62,0.59,0.59,0.6,0.61
GWETROOT,2013,-0.5,36.25,0.49,0.44,0.43,0.57,0.55,0.53,0.51,0.52,0.52,0.48,0.48,0.51,0.5
GWETROOT,2013,-0.5,36.875,0.44,0.4,0.4,0.53,0.5,0.47,0.45,0.46,0.44,0.41,0.44,0.46,0.45
GWETROOT,2013,-0.5,37.5,0.53,0.49,0.48,0.6,0.57,0.54,0.53,0.53,0.52,0.5,0.52,0.55,0.53
GWETROOT,2013,-0.5,38.125,0.5,0.47,0.48,0.53,0.49,0.48,0.47,0.47,0.47,0.47,0.5,0.51,0.49
GWETROOT,2013,-0.5,38.75,0.45,0.43,0.44,0.49,0.45,0.44,0.43,0.43,0.43,0.43,0.46,0.47,0.45
GWETROOT,2013,-0.5,39.375,0.41,0.39,0.4,0.44,0.44,0.4,0.4,0.4,0.39,0.39,0.42,0.43,0.41
GWETROOT,2013,-0.5,40,0.46,0.44,0.44,0.5,0.51,0.46,0.45,0.45,0.44,0.44,0.47,0.48,0.46
GWETROOT,2013,-0.5,40.625,0.47,0.45,0.46,0.54,0.6,0.52,0.5,0.51,0.46,0.46,0.48,0.48,0.49
GWETROOT,2013,-0.5,41.25,0.48,0.47,0.48,0.55,0.62,0.53,0.51,0.52,0.48,0.48,0.49,0.49,0.51
GWETROOT,2013,-1,34.375,0.66,0.58,0.55,0.78,0.79,0.65,0.55,0.52,0.52,0.53,0.55,0.58,0.6
GWETROOT,2013,-1,35,0.72,0.64,0.61,0.82,0.83,0.74,0.66,0.63,0.61,0.6,0.6,0.64,0.68
GWETROOT,2013,-1,35.625,0.6,0.53,0.53,0.72,0.74,0.67,0.62,0.6,0.58,0.56,0.55,0.59,0.61
GWETROOT,2013,-1,36.25,0.47,0.41,0.41,0.65,0.69,0.61,0.55,0.54,0.51,0.47,0.45,0.5,0.52
GWETROOT,2013,-1,36.875,0.53,0.48,0.48,0.62,0.59,0.53,0.5,0.49,0.48,0.47,0.5,0.57,0.52
GWETROOT,2013,-1,37.5,0.53,0.49,0.49,0.63,0.61,0.55,0.52,0.52,0.5,0.49,0.51,0.57,0.53
GWETROOT,2013,-1,38.125,0.49,0.47,0.48,0.51,0.49,0.48,0.47,0.47,0.47,0.47,0.49,0.51,0.48
GWETROOT,2013,-1,38.75,0.48,0.47,0.48,0.51,0.48,0.47,0.47,0.47,0.47,0.47,0.49,0.5,0.48
GWETROOT,2013,-1,39.375,0.47,0.46,0.47,0.5,0.49,0.47,0.46,0.47,0.46,0.46,0.48,0.49,0.47
GWETROOT,2013,-1,40,0.55,0.53,0.55,0.6,0.59,0.55,0.54,0.55,0.54,0.54,0.57,0.57,0.56
GWETROOT,2013,-1,40.625,0.49,0.47,0.48,0.56,0.64,0.55,0.52,0.53,0.48,0.48,0.5,0.5,0.52
GWETROOT,2013,-1,41.25,0.49,0.47,0.48,0.55,0.64,0.56,0.53,0.53,0.48,0.48,0.49,0.5,0.52
GWETROOT,2013,-1.5,34.375,0.75,0.65,0.62,0.86,0.8,0.64,0.58,0.58,0.59,0.61,0.62,0.67,0.66
GWETROOT,2013,-1.5,35,0.73,0.62,0.59,0.85,0.82,0.66,0.58,0.56,0.57,0.58,0.58,0.65,0.65
GWETROOT,2013,-1.5,35.625,0.62,0.53,0.51,0.78,0.78,0.64,0.55,0.53,0.52,0.52,0.52,0.59,0.59
GWETROOT,2013,-1.5,36.25,0.45,0.41,0.41,0.65,0.61,0.49,0.44,0.43,0.42,0.41,0.41,0.48,0.47
GWETROOT,2013,-1.5,36.875,0.63,0.6,0.61,0.78,0.71,0.62,0.59,0.6,0.6,0.59,0.62,0.69,0.64
GWETROOT,2013,-1.5,37.5,0.52,0.47,0.47,0.6,0.56,0.49,0.46,0.46,0.45,0.45,0.48,0.57,0.5
GWETROOT,2013,-1.5,38.125,0.48,0.45,0.45,0.51,0.48,0.45,0.44,0.44,0.43,0.42,0.45,0.49,0.46
GWETROOT,2013,-1.5,38.75,0.49,0.47,0.48,0.51,0.48,0.47,0.47,0.47,0.47,0.47,0.49,0.51,0.48
GWETROOT,2013,-1.5,39.375,0.48,0.47,0.48,0.51,0.5,0.47,0.47,0.47,0.47,0.47,0.5,0.5,0.48
GWETROOT,2013,-1.5,40,0.55,0.53,0.55,0.6,0.62,0.56,0.55,0.55,0.54,0.54,0.57,0.57,0.56
GWETROOT,2013,-1.5,40.625,0.5,0.48,0.49,0.57,0.65,0.56,0.54,0.55,0.5,0.49,0.51,0.51,0.53
GWETROOT,2013,-1.5,41.25,0.49,0.47,0.48,0.55,0.67,0.59,0.53,0.53,0.48,0.47,0.49,0.5,0.52
GWETROOT,2013,-1.80E-13,34.375,0.64,0.57,0.54,0.75,0.79,0.68,0.59,0.57,0.58,0.57,0.59,0.61,0.62
GWETROOT,2013,-1.80E-13,35,0.78,0.69,0.64,0.84,0.88,0.8,0.74,0.74,0.75,0.73,0.72,0.71,0.75
GWETROOT,2013,-1.80E-13,35.625,0.75,0.68,0.62,0.76,0.78,0.75,0.72,0.73,0.73,0.71,0.7,0.69,0.72
GWETROOT,2013,-1.80E-13,36.25,0.52,0.48,0.46,0.6,0.58,0.55,0.54,0.55,0.56,0.52,0.52,0.53,0.53
GWETROOT,2013,-1.80E-13,36.875,0.45,0.4,0.39,0.55,0.53,0.48,0.47,0.48,0.47,0.43,0.45,0.47,0.46
GWETROOT,2013,-1.80E-13,37.5,0.51,0.45,0.43,0.58,0.57,0.51,0.5,0.51,0.49,0.46,0.48,0.51,0.5
GWETROOT,2013,-1.80E-13,38.125,0.45,0.42,0.42,0.49,0.46,0.43,0.42,0.41,0.4,0.4,0.43,0.45,0.43
GWETROOT,2013,-1.80E-13,38.75,0.39,0.36,0.36,0.42,0.39,0.37,0.36,0.35,0.35,0.35,0.38,0.39,0.37
GWETROOT,2013,-1.80E-13,39.375,0.36,0.33,0.34,0.4,0.39,0.36,0.34,0.34,0.33,0.33,0.36,0.37,0.35
GWETROOT,2013,-1.80E-13,40,0.37,0.35,0.35,0.42,0.43,0.39,0.37,0.36,0.34,0.34,0.37,0.38,0.37
GWETROOT,2013,-1.80E-13,40.625,0.4,0.39,0.4,0.48,0.51,0.45,0.42,0.42,0.39,0.39,0.41,0.41,0.42
GWETROOT,2013,-1.80E-13,41.25,0.43,0.42,0.43,0.51,0.54,0.46,0.45,0.45,0.42,0.42,0.44,0.43,0.45
GWETROOT,2013,-2,34.375,0.76,0.66,0.64,0.86,0.77,0.63,0.6,0.6,0.61,0.62,0.63,0.68,0.67
GWETROOT,2013,-2,35,0.73,0.63,0.61,0.86,0.78,0.62,0.56,0.56,0.57,0.58,0.59,0.67,0.65
GWETROOT,2013,-2,35.625,0.64,0.55,0.54,0.76,0.72,0.6,0.53,0.52,0.52,0.52,0.55,0.62,0.59
GWETROOT,2013,-2,36.25,0.39,0.37,0.37,0.53,0.47,0.39,0.36,0.36,0.36,0.36,0.37,0.43,0.4
GWETROOT,2013,-2,36.875,0.62,0.59,0.6,0.74,0.67,0.6,0.58,0.59,0.59,0.59,0.61,0.68,0.62
GWETROOT,2013,-2,37.5,0.54,0.5,0.5,0.63,0.57,0.5,0.48,0.49,0.48,0.48,0.51,0.6,0.52
GWETROOT,2013,-2,38.125,0.46,0.43,0.43,0.49,0.46,0.43,0.42,0.41,0.4,0.4,0.43,0.48,0.44
GWETROOT,2013,-2,38.75,0.5,0.48,0.5,0.54,0.5,0.49,0.48,0.49,0.48,0.49,0.51,0.53,0.5
GWETROOT,2013,-2,39.375,0.52,0.5,0.52,0.56,0.56,0.52,0.51,0.51,0.51,0.51,0.54,0.55,0.53
GWETROOT,2013,-2,40,0.48,0.46,0.48,0.53,0.57,0.5,0.49,0.49,0.47,0.47,0.5,0.5,0.5
GWETROOT,2013,-2,40.625,0.49,0.47,0.48,0.55,0.64,0.56,0.52,0.53,0.49,0.48,0.49,0.49,0.52
GWETROOT,2013,-2,41.25,0.39,0.37,0.38,0.44,0.54,0.46,0.43,0.43,0.4,0.38,0.39,0.39,0.42
GWETROOT,2013,-2.5,34.375,0.7,0.61,0.59,0.76,0.66,0.53,0.49,0.49,0.5,0.5,0.51,0.61,0.58
GWETROOT,2013,-2.5,35,0.7,0.59,0.58,0.79,0.71,0.55,0.48,0.47,0.49,0.5,0.51,0.61,0.58
GWETROOT,2013,-2.5,35.625,0.62,0.53,0.52,0.69,0.63,0.52,0.48,0.47,0.49,0.5,0.5,0.59,0.55
GWETROOT,2013,-2.5,36.25,0.47,0.45,0.45,0.55,0.51,0.46,0.44,0.43,0.44,0.44,0.44,0.5,0.47
GWETROOT,2013,-2.5,36.875,0.61,0.59,0.6,0.7,0.65,0.58,0.57,0.58,0.58,0.58,0.59,0.68,0.61
GWETROOT,2013,-2.5,37.5,0.59,0.55,0.56,0.68,0.63,0.55,0.54,0.54,0.55,0.55,0.56,0.67,0.58
GWETROOT,2013,-2.5,38.125,0.53,0.49,0.51,0.56,0.54,0.5,0.48,0.48,0.48,0.48,0.51,0.59,0.51
GWETROOT,2013,-2.5,38.75,0.54,0.51,0.54,0.58,0.56,0.52,0.52,0.52,0.52,0.52,0.55,0.6,0.54
GWETROOT,2013,-2.5,39.375,0.63,0.6,0.64,0.68,0.71,0.65,0.62,0.62,0.62,0.61,0.64,0.67,0.64
GWETROOT,2013,-2.5,40,0.42,0.39,0.42,0.46,0.52,0.45,0.42,0.42,0.41,0.41,0.43,0.45,0.43
GWETROOT,2013,-2.5,40.625,0.42,0.4,0.41,0.47,0.58,0.5,0.46,0.45,0.43,0.42,0.42,0.43,0.45
GWETROOT,2013,-2.5,41.25,,,,,,,,,,,,,
GWETROOT,2013,-3,34.375,0.73,0.64,0.63,0.75,0.62,0.5,0.46,0.46,0.47,0.47,0.47,0.6,0.57
GWETROOT,2013,-3,35,0.74,0.63,0.62,0.78,0.69,0.54,0.47,0.46,0.48,0.49,0.48,0.6,0.58
GWETROOT,2013,-3,35.625,0.7,0.61,0.59,0.73,0.71,0.59,0.52,0.48,0.48,0.53,0.5,0.61,0.59
GWETROOT,2013,-3,36.25,0.65,0.6,0.59,0.69,0.66,0.58,0.55,0.55,0.57,0.58,0.57,0.65,0.6
GWETROOT,2013,-3,36.875,0.65,0.61,0.61,0.73,0.73,0.63,0.59,0.58,0.6,0.62,0.6,0.73,0.64
GWETROOT,2013,-3,37.5,0.56,0.53,0.53,0.64,0.65,0.57,0.52,0.5,0.5,0.52,0.51,0.63,0.56
GWETROOT,2013,-3,38.125,0.53,0.49,0.52,0.56,0.55,0.51,0.49,0.48,0.49,0.48,0.5,0.6,0.52
GWETROOT,2013,-3,38.75,0.53,0.51,0.55,0.58,0.56,0.52,0.51,0.52,0.52,0.52,0.54,0.62,0.54
GWETROOT,2013,-3,39.375,0.63,0.6,0.64,0.68,0.72,0.65,0.63,0.63,0.63,0.63,0.64,0.67,0.65
GWETROOT,2013,-3,40,0.42,0.39,0.42,0.47,0.54,0.46,0.43,0.42,0.42,0.42,0.42,0.45,0.44
GWETROOT,2013,-3,40.625,0.44,0.4,0.42,0.49,0.63,0.55,0.47,0.45,0.44,0.43,0.44,0.46,0.47
GWETROOT,2013,-3,41.25,,,,,,,,,,,,,
GWETROOT,2013,-3.5,34.375,0.7,0.61,0.59,0.69,0.57,0.47,0.46,0.46,0.46,0.46,0.47,0.59,0.54
GWETROOT,2013,-3.5,35,0.67,0.6,0.58,0.68,0.6,0.51,0.47,0.46,0.47,0.48,0.47,0.57,0.55
GWETROOT,2013,-3.5,35.625,0.6,0.56,0.55,0.62,0.59,0.53,0.5,0.48,0.49,0.5,0.49,0.56,0.54
GWETROOT,2013,-3.5,36.25,0.57,0.53,0.51,0.6,0.57,0.5,0.48,0.48,0.49,0.51,0.49,0.57,0.53
GWETROOT,2013,-3.5,36.875,0.52,0.49,0.49,0.57,0.57,0.5,0.47,0.46,0.47,0.49,0.48,0.56,0.51
GWETROOT,2013,-3.5,37.5,0.48,0.47,0.49,0.54,0.55,0.5,0.47,0.47,0.47,0.48,0.47,0.54,0.49
GWETROOT,2013,-3.5,38.125,0.5,0.47,0.5,0.52,0.52,0.49,0.48,0.48,0.49,0.48,0.49,0.56,0.5
GWETROOT,2013,-3.5,38.75,0.52,0.49,0.53,0.56,0.56,0.52,0.51,0.51,0.52,0.52,0.52,0.59,0.53
GWETROOT,2013,-3.5,39.375,0.6,0.58,0.62,0.66,0.71,0.64,0.61,0.61,0.62,0.61,0.61,0.64,0.63
GWETROOT,2013,-3.5,40,0.52,0.48,0.53,0.57,0.62,0.55,0.52,0.51,0.52,0.52,0.52,0.54,0.53
GWETROOT,2013,-3.5,40.625,0.45,0.4,0.43,0.5,0.66,0.58,0.48,0.46,0.44,0.43,0.43,0.46,0.48
GWETROOT,2013,-3.5,41.25,,,,,,,,,,,,,
GWETROOT,2013,-4,34.375,0.61,0.57,0.55,0.6,0.52,0.47,0.46,0.46,0.46,0.46,0.47,0.57,0.52
GWETROOT,2013,-4,35,0.63,0.6,0.59,0.64,0.58,0.53,0.52,0.51,0.52,0.52,0.52,0.6,0.56
GWETROOT,2013,-4,35.625,0.59,0.56,0.56,0.61,0.58,0.54,0.52,0.5,0.51,0.51,0.51,0.56,0.55
GWETROOT,2013,-4,36.25,0.53,0.51,0.5,0.55,0.52,0.48,0.47,0.47,0.48,0.48,0.48,0.53,0.5
GWETROOT,2013,-4,36.875,0.5,0.48,0.49,0.53,0.51,0.48,0.47,0.47,0.47,0.48,0.47,0.53,0.49
GWETROOT,2013,-4,37.5,0.51,0.5,0.52,0.54,0.52,0.5,0.49,0.49,0.5,0.5,0.5,0.54,0.51
GWETROOT,2013,-4,38.125,0.56,0.54,0.57,0.58,0.58,0.55,0.55,0.55,0.56,0.55,0.55,0.59,0.56
GWETROOT,2013,-4,38.75,0.51,0.49,0.53,0.55,0.56,0.52,0.51,0.51,0.52,0.52,0.52,0.55,0.52
GWETROOT,2013,-4,39.375,0.46,0.44,0.48,0.52,0.59,0.5,0.48,0.48,0.48,0.48,0.47,0.49,0.49
GWETROOT,2013,-4,40,0.46,0.42,0.48,0.54,0.6,0.5,0.46,0.46,0.48,0.48,0.47,0.5,0.49
GWETROOT,2013,-4,40.625,,,,,,,,,,,,,
GWETROOT,2013,-4,41.25,,,,,,,,,,,,,
GWETROOT,2013,-4.5,34.375,0.5,0.48,0.46,0.52,0.44,0.42,0.41,0.4,0.4,0.4,0.41,0.51,0.45
GWETROOT,2013,-4.5,35,0.53,0.5,0.49,0.55,0.49,0.46,0.44,0.43,0.43,0.43,0.43,0.52,0.47
GWETROOT,2013,-4.5,35.625,0.5,0.48,0.47,0.52,0.48,0.45,0.43,0.42,0.42,0.42,0.42,0.48,0.46
GWETROOT,2013,-4.5,36.25,0.53,0.5,0.5,0.54,0.5,0.48,0.47,0.47,0.48,0.48,0.47,0.52,0.49
GWETROOT,2013,-4.5,36.875,0.51,0.49,0.5,0.52,0.5,0.47,0.47,0.47,0.48,0.48,0.48,0.52,0.49
GWETROOT,2013,-4.5,37.5,0.51,0.49,0.51,0.53,0.51,0.48,0.48,0.48,0.48,0.48,0.48,0.52,0.5
GWETROOT,2013,-4.5,38.125,0.62,0.6,0.63,0.66,0.67,0.63,0.61,0.62,0.62,0.62,0.62,0.66,0.63
GWETROOT,2013,-4.5,38.75,0.6,0.57,0.61,0.65,0.67,0.62,0.6,0.6,0.61,0.61,0.6,0.64,0.62
GWETROOT,2013,-4.5,39.375,0.45,0.41,0.46,0.52,0.58,0.49,0.46,0.46,0.46,0.46,0.45,0.48,0.47
GWETROOT,2013,-4.5,40,0.42,0.39,0.43,0.49,0.53,0.44,0.43,0.43,0.42,0.42,0.41,0.43,0.44
GWETROOT,2013,-4.5,40.625,,,,,,,,,,,,,
GWETROOT,2013,-4.5,41.25,,,,,,,,,,,,,
GWETROOT,2013,0.5,34.375,0.66,0.61,0.55,0.7,0.73,0.68,0.65,0.66,0.67,0.66,0.67,0.64,0.66
GWETROOT,2013,0.5,35,0.77,0.69,0.61,0.79,0.85,0.79,0.76,0.79,0.82,0.8,0.79,0.75,0.77
GWETROOT,2013,0.5,35.625,0.59,0.51,0.46,0.64,0.68,0.61,0.56,0.59,0.61,0.57,0.54,0.51,0.57
GWETROOT,2013,0.5,36.25,0.45,0.42,0.41,0.54,0.54,0.49,0.49,0.53,0.53,0.48,0.47,0.46,0.48
GWETROOT,2013,0.5,36.875,0.54,0.51,0.5,0.63,0.6,0.55,0.56,0.58,0.57,0.54,0.54,0.56,0.56
GWETROOT,2013,0.5,37.5,0.39,0.36,0.35,0.47,0.45,0.39,0.38,0.39,0.39,0.36,0.38,0.4,0.39
GWETROOT,2013,0.5,38.125,0.38,0.35,0.35,0.43,0.41,0.36,0.34,0.34,0.33,0.33,0.36,0.38,0.36
GWETROOT,2013,0.5,38.75,0.38,0.35,0.34,0.41,0.4,0.36,0.34,0.33,0.33,0.33,0.36,0.38,0.36
GWETROOT,2013,0.5,39.375,0.38,0.35,0.36,0.45,0.45,0.39,0.36,0.35,0.35,0.35,0.39,0.4,0.38
GWETROOT,2013,0.5,40,0.36,0.33,0.34,0.45,0.46,0.39,0.35,0.34,0.33,0.33,0.37,0.38,0.37
GWETROOT,2013,0.5,40.625,0.35,0.34,0.36,0.47,0.49,0.41,0.37,0.36,0.35,0.34,0.37,0.36,0.38
GWETROOT,2013,0.5,41.25,0.37,0.36,0.38,0.48,0.49,0.43,0.41,0.4,0.38,0.37,0.39,0.38,0.4
GWETROOT,2013,1,34.375,0.79,0.71,0.65,0.75,0.81,0.78,0.77,0.79,0.86,0.87,0.87,0.81,0.79
GWETROOT,2013,1,35,0.74,0.62,0.55,0.74,0.83,0.77,0.73,0.8,0.88,0.88,0.87,0.79,0.77
GWETROOT,2013,1,35.625,0.47,0.4,0.38,0.57,0.59,0.48,0.46,0.56,0.58,0.53,0.49,0.45,0.5
GWETROOT,2013,1,36.25,0.38,0.36,0.36,0.47,0.47,0.41,0.43,0.48,0.47,0.42,0.4,0.4,0.42
GWETROOT,2013,1,36.875,0.41,0.37,0.35,0.46,0.45,0.4,0.42,0.45,0.44,0.4,0.41,0.42,0.42
GWETROOT,2013,1,37.5,0.39,0.36,0.34,0.42,0.41,0.37,0.36,0.36,0.35,0.34,0.37,0.39,0.37
GWETROOT,2013,1,38.125,0.36,0.34,0.34,0.39,0.37,0.34,0.34,0.33,0.33,0.33,0.35,0.35,0.35
GWETROOT,2013,1,38.75,0.38,0.35,0.36,0.41,0.39,0.36,0.35,0.35,0.35,0.35,0.38,0.38,0.37
GWETROOT,2013,1,39.375,0.39,0.36,0.37,0.46,0.44,0.38,0.36,0.36,0.36,0.36,0.4,0.4,0.39
GWETROOT,2013,1,40,0.35,0.33,0.34,0.48,0.47,0.38,0.34,0.33,0.33,0.33,0.38,0.38,0.37
GWETROOT,2013,1,40.625,0.36,0.35,0.37,0.52,0.54,0.43,0.38,0.37,0.36,0.36,0.39,0.38,0.4
GWETROOT,2013,1,41.25,0.42,0.42,0.44,0.55,0.58,0.5,0.46,0.44,0.42,0.42,0.45,0.44,0.46
GWETROOT,2013,1.5,34.375,0.5,0.48,0.47,0.53,0.57,0.53,0.52,0.55,0.57,0.57,0.55,0.52,0.53
GWETROOT,2013,1.5,35,0.49,0.44,0.42,0.55,0.6,0.53,0.51,0.59,0.63,0.62,0.58,0.52,0.54
GWETROOT,2013,1.5,35.625,0.38,0.34,0.34,0.43,0.44,0.38,0.38,0.47,0.48,0.44,0.41,0.37,0.41
GWETROOT,2013,1.5,36.25,0.36,0.36,0.36,0.41,0.4,0.37,0.38,0.42,0.42,0.38,0.38,0.37,0.38
GWETROOT,2013,1.5,36.875,0.4,0.37,0.35,0.42,0.41,0.37,0.37,0.38,0.36,0.34,0.38,0.4,0.38
GWETROOT,2013,1.5,37.5,0.37,0.34,0.34,0.4,0.39,0.35,0.35,0.36,0.35,0.34,0.36,0.37,0.36
GWETROOT,2013,1.5,38.125,0.37,0.35,0.35,0.4,0.38,0.36,0.35,0.34,0.34,0.34,0.37,0.37,0.36
GWETROOT,2013,1.5,38.75,0.46,0.45,0.46,0.51,0.48,0.46,0.45,0.45,0.45,0.45,0.48,0.47,0.46
GWETROOT,2013,1.5,39.375,0.39,0.36,0.37,0.48,0.47,0.4,0.37,0.36,0.36,0.36,0.41,0.41,0.4
GWETROOT,2013,1.5,40,0.41,0.37,0.39,0.52,0.51,0.42,0.38,0.37,0.37,0.37,0.43,0.43,0.41
GWETROOT,2013,1.5,40.625,0.42,0.41,0.43,0.59,0.62,0.5,0.44,0.42,0.41,0.41,0.47,0.45,0.46
GWETROOT,2013,1.5,41.25,0.33,0.33,0.35,0.51,0.54,0.43,0.38,0.35,0.33,0.33,0.38,0.37,0.39
GWETROOT,2013,2,34.375,0.47,0.46,0.47,0.51,0.53,0.49,0.5,0.52,0.53,0.52,0.51,0.49,0.5
GWETROOT,2013,2,35,0.43,0.4,0.4,0.46,0.5,0.46,0.45,0.51,0.52,0.51,0.49,0.45,0.47
GWETROOT,2013,2,35.625,0.34,0.33,0.33,0.38,0.4,0.35,0.35,0.41,0.41,0.38,0.36,0.34,0.37
GWETROOT,2013,2,36.25,0.37,0.37,0.37,0.4,0.39,0.37,0.38,0.4,0.39,0.37,0.38,0.37,0.38
GWETROOT,2013,2,36.875,0.39,0.37,0.36,0.41,0.4,0.37,0.37,0.37,0.36,0.35,0.39,0.39,0.38
GWETROOT,2013,2,37.5,0.38,0.34,0.34,0.4,0.39,0.35,0.34,0.34,0.33,0.33,0.37,0.37,0.36
GWETROOT,2013,2,38.125,0.42,0.39,0.4,0.46,0.44,0.41,0.39,0.39,0.38,0.39,0.43,0.42,0.41
GWETROOT,2013,2,38.75,0.42,0.39,0.4,0.46,0.44,0.41,0.39,0.39,0.38,0.38,0.42,0.42,0.41
GWETROOT,2013,2,39.375,0.38,0.34,0.35,0.48,0.47,0.39,0.35,0.33,0.33,0.33,0.41,0.39,0.38
GWETROOT,2013,2,40,0.43,0.38,0.39,0.56,0.54,0.44,0.39,0.38,0.37,0.38,0.46,0.45,0.43
GWETROOT,2013,2,40.625,0.56,0.56,0.57,0.73,0.72,0.6,0.57,0.56,0.56,0.56,0.62,0.58,0.6
GWETROOT,2013,2,41.25,0.41,0.4,0.42,0.58,0.58,0.48,0.43,0.42,0.41,0.41,0.47,0.44,0.45
GWETROOT,2013,2.5,34.375,0.44,0.43,0.43,0.47,0.5,0.45,0.47,0.48,0.47,0.47,0.46,0.45,0.46
GWETROOT,2013,2.5,35,0.39,0.37,0.37,0.43,0.49,0.44,0.44,0.47,0.45,0.43,0.43,0.4,0.43
GWETROOT,2013,2.5,35.625,0.34,0.33,0.33,0.4,0.45,0.4,0.38,0.41,0.37,0.34,0.35,0.33,0.37
GWETROOT,2013,2.5,36.25,0.36,0.36,0.36,0.4,0.4,0.37,0.36,0.37,0.36,0.36,0.37,0.36,0.37
GWETROOT,2013,2.5,36.875,0.36,0.35,0.35,0.42,0.42,0.38,0.35,0.35,0.35,0.35,0.38,0.36,0.37
GWETROOT,2013,2.5,37.5,0.39,0.37,0.38,0.46,0.45,0.39,0.37,0.37,0.37,0.37,0.41,0.39,0.39
GWETROOT,2013,2.5,38.125,0.4,0.36,0.37,0.48,0.47,0.4,0.36,0.36,0.36,0.36,0.41,0.4,0.39
GWETROOT,2013,2.5,38.75,0.39,0.36,0.37,0.48,0.46,0.4,0.37,0.36,0.36,0.36,0.41,0.39,0.39
GWETROOT,2013,2.5,39.375,0.38,0.34,0.36,0.53,0.49,0.41,0.36,0.34,0.34,0.34,0.42,0.39,0.39
GWETROOT,2013,2.5,40,0.42,0.38,0.4,0.59,0.56,0.46,0.41,0.39,0.38,0.38,0.47,0.44,0.44
GWETROOT,2013,2.5,40.625,0.48,0.46,0.49,0.66,0.64,0.54,0.5,0.48,0.47,0.47,0.55,0.51,0.52
GWETROOT,2013,2.5,41.25,0.26,0.25,0.26,0.39,0.37,0.31,0.28,0.27,0.26,0.25,0.31,0.29,0.29
GWETROOT,2013,3,34.375,0.46,0.45,0.45,0.52,0.57,0.52,0.52,0.53,0.51,0.5,0.51,0.48,0.5
GWETROOT,2013,3,35,0.36,0.33,0.34,0.44,0.53,0.45,0.44,0.46,0.4,0.38,0.4,0.37,0.41
GWETROOT,2013,3,35.625,0.34,0.33,0.33,0.43,0.48,0.41,0.37,0.37,0.33,0.34,0.34,0.33,0.37
GWETROOT,2013,3,36.25,0.35,0.33,0.34,0.42,0.43,0.36,0.34,0.34,0.33,0.34,0.35,0.33,0.36
GWETROOT,2013,3,36.875,0.35,0.33,0.34,0.44,0.44,0.38,0.34,0.33,0.33,0.33,0.35,0.33,0.36
GWETROOT,2013,3,37.5,0.32,0.3,0.31,0.42,0.41,0.33,0.31,0.3,0.3,0.31,0.34,0.31,0.33
GWETROOT,2013,3,38.125,0.38,0.34,0.36,0.51,0.5,0.41,0.37,0.34,0.34,0.35,0.41,0.37,0.39
GWETROOT,2013,3,38.75,0.41,0.39,0.41,0.56,0.54,0.45,0.41,0.39,0.39,0.4,0.46,0.42,0.44
GWETROOT,2013,3,39.375,0.36,0.33,0.35,0.55,0.51,0.41,0.37,0.34,0.33,0.35,0.42,0.38,0.39
GWETROOT,2013,3,40,0.39,0.36,0.39,0.6,0.56,0.46,0.41,0.38,0.37,0.38,0.46,0.42,0.43
GWETROOT,2013,3,40.625,0.39,0.37,0.4,0.58,0.56,0.46,0.42,0.39,0.38,0.38,0.47,0.42,0.44
GWETROOT,2013,3,41.25,0.3,0.29,0.3,0.43,0.41,0.35,0.32,0.31,0.3,0.3,0.35,0.32,0.33
GWETROOT,2013,3.5,34.375,0.41,0.35,0.35,0.46,0.54,0.46,0.46,0.49,0.46,0.45,0.48,0.42,0.44
GWETROOT,2013,3.5,35,0.38,0.33,0.34,0.45,0.52,0.44,0.42,0.44,0.39,0.36,0.4,0.36,0.4
GWETROOT,2013,3.5,35.625,0.36,0.33,0.34,0.46,0.48,0.4,0.36,0.34,0.33,0.34,0.34,0.33,0.37
GWETROOT,2013,3.5,36.25,0.38,0.33,0.34,0.47,0.45,0.37,0.34,0.33,0.33,0.34,0.35,0.33,0.36
GWETROOT,2013,3.5,36.875,0.38,0.33,0.34,0.48,0.48,0.4,0.35,0.33,0.33,0.34,0.37,0.34,0.37
GWETROOT,2013,3.5,37.5,0.41,0.37,0.38,0.51,0.48,0.41,0.38,0.37,0.37,0.38,0.41,0.38,0.4
GWETROOT,2013,3.5,38.125,0.37,0.33,0.35,0.54,0.52,0.44,0.39,0.35,0.33,0.35,0.42,0.38,0.4
GWETROOT,2013,3.5,38.75,0.38,0.35,0.37,0.55,0.52,0.44,0.4,0.37,0.35,0.37,0.43,0.39,0.41
GWETROOT,2013,3.5,39.375,0.41,0.38,0.4,0.59,0.57,0.48,0.44,0.41,0.39,0.41,0.48,0.43,0.45
GWETROOT,2013,3.5,40,0.39,0.38,0.41,0.6,0.55,0.46,0.42,0.4,0.38,0.4,0.48,0.42,0.44
GWETROOT,2013,3.5,40.625,0.52,0.51,0.54,0.7,0.66,0.56,0.53,0.52,0.52,0.52,0.6,0.54,0.56
GWETROOT,2013,3.5,41.25,0.35,0.34,0.35,0.47,0.46,0.4,0.37,0.36,0.34,0.35,0.41,0.37,0.38
GWETROOT,2013,4,34.375,0.52,0.47,0.46,0.54,0.59,0.53,0.53,0.55,0.53,0.51,0.55,0.51,0.52
GWETROOT,2013,4,35,0.49,0.43,0.43,0.56,0.6,0.51,0.48,0.49,0.46,0.45,0.48,0.45,0.49
GWETROOT,2013,4,35.625,0.4,0.34,0.34,0.5,0.51,0.43,0.37,0.36,0.34,0.34,0.36,0.34,0.39
GWETROOT,2013,4,36.25,0.4,0.34,0.34,0.49,0.46,0.38,0.34,0.34,0.33,0.34,0.36,0.33,0.37
GWETROOT,2013,4,36.875,0.4,0.34,0.34,0.5,0.48,0.4,0.36,0.35,0.33,0.35,0.38,0.34,0.38
GWETROOT,2013,4,37.5,0.41,0.37,0.38,0.52,0.49,0.42,0.39,0.38,0.37,0.39,0.42,0.38,0.41
GWETROOT,2013,4,38.125,0.44,0.42,0.44,0.62,0.59,0.51,0.48,0.46,0.44,0.45,0.49,0.45,0.48
GWETROOT,2013,4,38.75,0.59,0.58,0.6,0.77,0.73,0.66,0.61,0.59,0.59,0.6,0.63,0.59,0.63
GWETROOT,2013,4,39.375,0.58,0.57,0.6,0.75,0.72,0.64,0.6,0.59,0.58,0.6,0.65,0.6,0.62
GWETROOT,2013,4,40,0.46,0.45,0.48,0.64,0.61,0.52,0.48,0.46,0.46,0.47,0.54,0.48,0.5
GWETROOT,2013,4,40.625,0.52,0.51,0.54,0.69,0.65,0.56,0.53,0.52,0.52,0.53,0.61,0.55,0.56
GWETROOT,2013,4,41.25,0.35,0.35,0.37,0.49,0.47,0.41,0.37,0.36,0.35,0.36,0.43,0.39,0.39
GWETROOT,2013,4.5,34.375,0.6,0.58,0.59,0.63,0.63,0.6,0.61,0.61,0.6,0.6,0.62,0.6,0.61
GWETROOT,2013,4.5,35,0.57,0.49,0.49,0.62,0.63,0.55,0.52,0.53,0.51,0.51,0.55,0.52,0.54
GWETROOT,2013,4.5,35.625,0.44,0.35,0.34,0.53,0.53,0.44,0.39,0.38,0.35,0.36,0.39,0.35,0.4
GWETROOT,2013,4.5,36.25,0.43,0.35,0.34,0.51,0.48,0.4,0.35,0.35,0.34,0.36,0.38,0.34,0.39
GWETROOT,2013,4.5,36.875,0.41,0.34,0.34,0.52,0.51,0.43,0.39,0.38,0.37,0.38,0.41,0.36,0.4
GWETROOT,2013,4.5,37.5,0.54,0.51,0.52,0.66,0.63,0.56,0.53,0.54,0.53,0.54,0.55,0.52,0.55
GWETROOT,2013,4.5,38.125,0.58,0.57,0.59,0.75,0.72,0.65,0.62,0.61,0.59,0.6,0.62,0.58,0.62
GWETROOT,2013,4.5,38.75,0.55,0.54,0.56,0.72,0.68,0.61,0.58,0.57,0.56,0.57,0.59,0.55,0.59
GWETROOT,2013,4.5,39.375,0.47,0.46,0.49,0.61,0.58,0.52,0.49,0.48,0.48,0.49,0.53,0.49,0.51
GWETROOT,2013,4.5,40,0.4,0.4,0.42,0.55,0.52,0.46,0.43,0.42,0.41,0.42,0.46,0.42,0.44
GWETROOT,2013,4.5,40.625,0.38,0.37,0.4,0.54,0.52,0.43,0.4,0.38,0.38,0.39,0.48,0.42,0.42
GWETROOT,2013,4.5,41.25,0.33,0.33,0.36,0.5,0.5,0.41,0.37,0.34,0.33,0.35,0.46,0.4,0.39
GWETROOT,2014,-0.5,34.375,0.6,0.52,0.59,0.68,0.65,0.62,0.53,0.55,0.6,0.63,0.66,0.66,0.61
GWETROOT,2014,-0.5,35,0.57,0.53,0.56,0.59,0.57,0.57,0.52,0.54,0.56,0.58,0.6,0.61,0.57
GWETROOT,2014,-0.5,35.625,0.53,0.51,0.51,0.5,0.5,0.5,0.47,0.49,0.48,0.49,0.51,0.49,0.5
GWETROOT,2014,-0.5,36.25,0.44,0.44,0.44,0.44,0.44,0.43,0.42,0.44,0.44,0.43,0.45,0.43,0.44
GWETROOT,2014,-0.5,36.875,0.4,0.41,0.41,0.43,0.43,0.42,0.4,0.42,0.42,0.41,0.45,0.42,0.42
GWETROOT,2014,-0.5,37.5,0.49,0.49,0.49,0.51,0.51,0.49,0.48,0.49,0.5,0.49,0.53,0.51,0.5
GWETROOT,2014,-0.5,38.125,0.47,0.48,0.49,0.49,0.48,0.47,0.47,0.47,0.47,0.47,0.51,0.5,0.48
GWETROOT,2014,-0.5,38.75,0.43,0.44,0.45,0.45,0.44,0.43,0.43,0.43,0.43,0.44,0.47,0.45,0.44
GWETROOT,2014,-0.5,39.375,0.39,0.39,0.41,0.41,0.44,0.41,0.4,0.4,0.39,0.4,0.43,0.42,0.41
GWETROOT,2014,-0.5,40,0.44,0.43,0.45,0.46,0.51,0.47,0.45,0.44,0.44,0.44,0.48,0.47,0.46
GWETROOT,2014,-0.5,40.625,0.46,0.45,0.46,0.48,0.64,0.58,0.53,0.5,0.47,0.47,0.5,0.49,0.5
GWETROOT,2014,-0.5,41.25,0.47,0.47,0.47,0.49,0.67,0.59,0.53,0.51,0.48,0.48,0.51,0.5,0.51
GWETROOT,2014,-1,34.375,0.54,0.51,0.53,0.56,0.52,0.5,0.48,0.51,0.53,0.55,0.55,0.57,0.53
GWETROOT,2014,-1,35,0.59,0.57,0.59,0.61,0.58,0.56,0.54,0.56,0.58,0.58,0.59,0.61,0.58
GWETROOT,2014,-1,35.625,0.53,0.52,0.54,0.55,0.53,0.53,0.51,0.52,0.52,0.52,0.54,0.54,0.53
GWETROOT,2014,-1,36.25,0.43,0.42,0.44,0.45,0.45,0.44,0.41,0.43,0.44,0.43,0.45,0.44,0.44
GWETROOT,2014,-1,36.875,0.51,0.5,0.51,0.53,0.52,0.49,0.47,0.47,0.48,0.47,0.52,0.52,0.5
GWETROOT,2014,-1,37.5,0.51,0.51,0.52,0.53,0.53,0.51,0.48,0.49,0.5,0.49,0.53,0.53,0.51
GWETROOT,2014,-1,38.125,0.48,0.48,0.49,0.49,0.48,0.47,0.47,0.47,0.47,0.47,0.5,0.5,0.48
GWETROOT,2014,-1,38.75,0.47,0.48,0.48,0.48,0.48,0.47,0.47,0.47,0.47,0.47,0.5,0.48,0.48
GWETROOT,2014,-1,39.375,0.46,0.46,0.47,0.48,0.5,0.48,0.46,0.47,0.46,0.47,0.49,0.48,0.47
GWETROOT,2014,-1,40,0.54,0.54,0.55,0.56,0.61,0.57,0.55,0.54,0.54,0.54,0.58,0.56,0.56
GWETROOT,2014,-1,40.625,0.47,0.47,0.48,0.5,0.69,0.62,0.56,0.53,0.5,0.49,0.53,0.51,0.53
GWETROOT,2014,-1,41.25,0.47,0.47,0.48,0.49,0.69,0.65,0.58,0.53,0.49,0.49,0.52,0.5,0.53
GWETROOT,2014,-1.5,34.375,0.64,0.59,0.63,0.67,0.6,0.58,0.58,0.6,0.63,0.63,0.62,0.65,0.62
GWETROOT,2014,-1.5,35,0.6,0.57,0.61,0.65,0.59,0.56,0.54,0.56,0.57,0.58,0.59,0.63,0.59
GWETROOT,2014,-1.5,35.625,0.54,0.51,0.56,0.59,0.56,0.53,0.49,0.48,0.49,0.49,0.53,0.57,0.53
GWETROOT,2014,-1.5,36.25,0.43,0.43,0.46,0.46,0.45,0.42,0.4,0.4,0.42,0.41,0.42,0.44,0.43
GWETROOT,2014,-1.5,36.875,0.62,0.63,0.64,0.64,0.62,0.6,0.59,0.6,0.6,0.6,0.62,0.63,0.62
GWETROOT,2014,-1.5,37.5,0.5,0.49,0.5,0.51,0.5,0.47,0.45,0.46,0.46,0.46,0.51,0.52,0.49
GWETROOT,2014,-1.5,38.125,0.45,0.45,0.46,0.47,0.46,0.44,0.43,0.43,0.43,0.43,0.47,0.47,0.45
GWETROOT,2014,-1.5,38.75,0.47,0.48,0.49,0.49,0.48,0.47,0.47,0.47,0.47,0.47,0.51,0.49,0.48
GWETROOT,2014,-1.5,39.375,0.47,0.47,0.48,0.49,0.51,0.48,0.47,0.47,0.47,0.48,0.51,0.49,0.48
GWETROOT,2014,-1.5,40,0.53,0.54,0.55,0.56,0.65,0.6,0.56,0.55,0.54,0.55,0.59,0.56,0.57
GWETROOT,2014,-1.5,40.625,0.48,0.48,0.49,0.51,0.7,0.66,0.6,0.55,0.52,0.5,0.54,0.52,0.55
GWETROOT,2014,-1.5,41.25,0.47,0.47,0.47,0.49,0.71,0.74,0.63,0.54,0.49,0.48,0.52,0.5,0.54
GWETROOT,2014,-1.80E-13,34.375,0.53,0.46,0.51,0.56,0.58,0.59,0.51,0.51,0.54,0.6,0.59,0.56,0.55
GWETROOT,2014,-1.80E-13,35,0.63,0.58,0.6,0.62,0.63,0.66,0.61,0.63,0.63,0.67,0.68,0.66,0.63
GWETROOT,2014,-1.80E-13,35.625,0.61,0.57,0.55,0.54,0.54,0.56,0.53,0.55,0.53,0.54,0.55,0.53,0.55
GWETROOT,2014,-1.80E-13,36.25,0.47,0.47,0.47,0.47,0.46,0.47,0.47,0.49,0.49,0.48,0.48,0.47,0.47
GWETROOT,2014,-1.80E-13,36.875,0.41,0.4,0.4,0.43,0.42,0.42,0.41,0.43,0.43,0.42,0.45,0.43,0.42
GWETROOT,2014,-1.80E-13,37.5,0.45,0.44,0.44,0.47,0.46,0.45,0.44,0.46,0.46,0.45,0.49,0.47,0.46
GWETROOT,2014,-1.80E-13,38.125,0.42,0.41,0.42,0.43,0.42,0.41,0.4,0.4,0.41,0.41,0.44,0.44,0.42
GWETROOT,2014,-1.80E-13,38.75,0.36,0.36,0.37,0.38,0.37,0.36,0.35,0.35,0.35,0.36,0.39,0.38,0.36
GWETROOT,2014,-1.80E-13,39.375,0.34,0.33,0.34,0.36,0.37,0.35,0.34,0.33,0.33,0.34,0.37,0.36,0.35
GWETROOT,2014,-1.80E-13,40,0.35,0.34,0.35,0.38,0.41,0.39,0.37,0.35,0.34,0.34,0.38,0.38,0.37
GWETROOT,2014,-1.80E-13,40.625,0.39,0.39,0.39,0.43,0.51,0.47,0.43,0.41,0.4,0.39,0.43,0.42,0.42
GWETROOT,2014,-1.80E-13,41.25,0.42,0.42,0.42,0.46,0.56,0.49,0.45,0.44,0.43,0.42,0.46,0.44,0.45
GWETROOT,2014,-2,34.375,0.66,0.61,0.66,0.68,0.61,0.6,0.6,0.62,0.63,0.63,0.62,0.67,0.63
GWETROOT,2014,-2,35,0.62,0.58,0.63,0.68,0.61,0.56,0.55,0.56,0.57,0.57,0.59,0.65,0.6
GWETROOT,2014,-2,35.625,0.56,0.54,0.58,0.62,0.59,0.54,0.51,0.5,0.5,0.51,0.54,0.59,0.55
GWETROOT,2014,-2,36.25,0.38,0.39,0.41,0.41,0.38,0.36,0.36,0.36,0.36,0.36,0.37,0.39,0.38
GWETROOT,2014,-2,36.875,0.61,0.63,0.63,0.63,0.6,0.59,0.58,0.59,0.59,0.59,0.61,0.62,0.61
GWETROOT,2014,-2,37.5,0.52,0.53,0.53,0.54,0.51,0.49,0.48,0.49,0.49,0.49,0.52,0.54,0.51
GWETROOT,2014,-2,38.125,0.44,0.44,0.44,0.45,0.44,0.42,0.41,0.41,0.4,0.41,0.45,0.46,0.43
GWETROOT,2014,-2,38.75,0.48,0.49,0.5,0.51,0.5,0.49,0.48,0.49,0.48,0.49,0.52,0.51,0.49
GWETROOT,2014,-2,39.375,0.5,0.51,0.52,0.53,0.57,0.54,0.52,0.51,0.51,0.52,0.56,0.53,0.53
GWETROOT,2014,-2,40,0.46,0.46,0.48,0.5,0.59,0.55,0.5,0.49,0.48,0.48,0.52,0.5,0.5
GWETROOT,2014,-2,40.625,0.47,0.46,0.47,0.49,0.68,0.68,0.6,0.54,0.5,0.49,0.52,0.5,0.53
GWETROOT,2014,-2,41.25,0.37,0.37,0.38,0.39,0.59,0.6,0.5,0.44,0.41,0.39,0.41,0.4,0.44
GWETROOT,2014,-2.5,34.375,0.61,0.57,0.58,0.58,0.51,0.49,0.49,0.51,0.51,0.51,0.51,0.61,0.54
GWETROOT,2014,-2.5,35,0.58,0.56,0.59,0.6,0.54,0.48,0.47,0.48,0.48,0.49,0.5,0.61,0.53
GWETROOT,2014,-2.5,35.625,0.54,0.54,0.57,0.58,0.54,0.48,0.47,0.47,0.47,0.48,0.49,0.57,0.52
GWETROOT,2014,-2.5,36.25,0.46,0.49,0.49,0.48,0.46,0.44,0.43,0.43,0.43,0.43,0.44,0.47,0.45
GWETROOT,2014,-2.5,36.875,0.62,0.65,0.64,0.62,0.6,0.58,0.57,0.57,0.58,0.58,0.59,0.62,0.6
GWETROOT,2014,-2.5,37.5,0.59,0.62,0.61,0.59,0.58,0.55,0.54,0.54,0.54,0.55,0.56,0.61,0.57
GWETROOT,2014,-2.5,38.125,0.52,0.53,0.52,0.52,0.51,0.49,0.48,0.48,0.48,0.5,0.53,0.55,0.51
GWETROOT,2014,-2.5,38.75,0.52,0.54,0.54,0.54,0.54,0.53,0.52,0.52,0.52,0.53,0.56,0.56,0.53
GWETROOT,2014,-2.5,39.375,0.6,0.61,0.63,0.64,0.7,0.67,0.64,0.62,0.61,0.64,0.67,0.66,0.64
GWETROOT,2014,-2.5,40,0.4,0.4,0.41,0.42,0.53,0.49,0.44,0.42,0.41,0.43,0.46,0.45,0.44
GWETROOT,2014,-2.5,40.625,0.4,0.4,0.4,0.42,0.61,0.61,0.52,0.46,0.43,0.43,0.46,0.45,0.47
GWETROOT,2014,-2.5,41.25,,,,,,,,,,,,,
GWETROOT,2014,-3,34.375,0.63,0.62,0.59,0.57,0.49,0.46,0.46,0.47,0.47,0.47,0.48,0.62,0.53
GWETROOT,2014,-3,35,0.59,0.62,0.61,0.6,0.55,0.48,0.46,0.46,0.46,0.47,0.48,0.62,0.53
GWETROOT,2014,-3,35.625,0.59,0.63,0.64,0.64,0.62,0.55,0.5,0.47,0.47,0.48,0.48,0.62,0.56
GWETROOT,2014,-3,36.25,0.6,0.65,0.65,0.63,0.62,0.57,0.55,0.55,0.55,0.56,0.56,0.64,0.59
GWETROOT,2014,-3,36.875,0.68,0.73,0.71,0.68,0.72,0.66,0.61,0.58,0.58,0.59,0.59,0.68,0.65
GWETROOT,2014,-3,37.5,0.58,0.64,0.63,0.61,0.62,0.58,0.53,0.5,0.49,0.5,0.5,0.58,0.56
GWETROOT,2014,-3,38.125,0.53,0.55,0.54,0.54,0.54,0.52,0.5,0.48,0.48,0.51,0.53,0.57,0.52
GWETROOT,2014,-3,38.75,0.52,0.55,0.54,0.54,0.55,0.53,0.52,0.51,0.52,0.54,0.56,0.58,0.54
GWETROOT,2014,-3,39.375,0.6,0.62,0.62,0.63,0.71,0.68,0.64,0.63,0.62,0.65,0.67,0.68,0.65
GWETROOT,2014,-3,40,0.4,0.4,0.4,0.41,0.52,0.5,0.45,0.42,0.42,0.44,0.46,0.46,0.44
GWETROOT,2014,-3,40.625,0.41,0.4,0.41,0.42,0.63,0.63,0.55,0.47,0.45,0.46,0.48,0.49,0.48
GWETROOT,2014,-3,41.25,,,,,,,,,,,,,
GWETROOT,2014,-3.5,34.375,0.62,0.62,0.58,0.56,0.48,0.46,0.46,0.47,0.46,0.47,0.48,0.58,0.52
GWETROOT,2014,-3.5,35,0.57,0.59,0.57,0.57,0.52,0.48,0.46,0.46,0.46,0.47,0.47,0.58,0.52
GWETROOT,2014,-3.5,35.625,0.55,0.58,0.58,0.58,0.56,0.53,0.5,0.48,0.48,0.48,0.49,0.56,0.53
GWETROOT,2014,-3.5,36.25,0.53,0.59,0.59,0.58,0.57,0.51,0.49,0.48,0.49,0.49,0.5,0.57,0.53
GWETROOT,2014,-3.5,36.875,0.5,0.59,0.58,0.57,0.59,0.53,0.48,0.47,0.47,0.47,0.48,0.54,0.52
GWETROOT,2014,-3.5,37.5,0.49,0.56,0.54,0.54,0.56,0.52,0.49,0.47,0.47,0.48,0.48,0.52,0.51
GWETROOT,2014,-3.5,38.125,0.49,0.53,0.51,0.51,0.52,0.51,0.49,0.48,0.48,0.5,0.51,0.55,0.51
GWETROOT,2014,-3.5,38.75,0.51,0.56,0.54,0.54,0.57,0.54,0.52,0.51,0.51,0.54,0.55,0.58,0.54
GWETROOT,2014,-3.5,39.375,0.58,0.6,0.61,0.61,0.7,0.67,0.63,0.61,0.61,0.64,0.64,0.65,0.63
GWETROOT,2014,-3.5,40,0.49,0.49,0.51,0.52,0.6,0.57,0.54,0.52,0.52,0.55,0.56,0.56,0.54
GWETROOT,2014,-3.5,40.625,0.42,0.4,0.41,0.42,0.65,0.66,0.57,0.48,0.45,0.46,0.49,0.5,0.49
GWETROOT,2014,-3.5,41.25,,,,,,,,,,,,,
GWETROOT,2014,-4,34.375,0.59,0.59,0.56,0.53,0.48,0.46,0.46,0.46,0.46,0.46,0.47,0.55,0.51
GWETROOT,2014,-4,35,0.61,0.62,0.6,0.6,0.56,0.53,0.52,0.51,0.51,0.51,0.52,0.59,0.56
GWETROOT,2014,-4,35.625,0.57,0.59,0.59,0.6,0.58,0.55,0.53,0.51,0.5,0.5,0.51,0.56,0.55
GWETROOT,2014,-4,36.25,0.51,0.56,0.55,0.56,0.54,0.5,0.48,0.47,0.47,0.47,0.48,0.54,0.51
GWETROOT,2014,-4,36.875,0.49,0.56,0.54,0.55,0.55,0.51,0.48,0.47,0.47,0.47,0.48,0.53,0.51
GWETROOT,2014,-4,37.5,0.5,0.58,0.55,0.55,0.55,0.52,0.5,0.49,0.49,0.5,0.51,0.54,0.52
GWETROOT,2014,-4,38.125,0.54,0.6,0.58,0.58,0.59,0.57,0.55,0.55,0.55,0.56,0.57,0.59,0.57
GWETROOT,2014,-4,38.75,0.5,0.53,0.53,0.53,0.56,0.54,0.52,0.52,0.52,0.54,0.54,0.55,0.53
GWETROOT,2014,-4,39.375,0.45,0.46,0.47,0.48,0.58,0.54,0.5,0.48,0.48,0.5,0.5,0.5,0.5
GWETROOT,2014,-4,40,0.43,0.44,0.46,0.48,0.58,0.54,0.51,0.48,0.48,0.52,0.52,0.53,0.5
GWETROOT,2014,-4,40.625,,,,,,,,,,,,,
GWETROOT,2014,-4,41.25,,,,,,,,,,,,,
GWETROOT,2014,-4.5,34.375,0.51,0.51,0.49,0.47,0.43,0.41,0.4,0.4,0.4,0.4,0.41,0.48,0.44
GWETROOT,2014,-4.5,35,0.53,0.54,0.51,0.52,0.49,0.46,0.44,0.44,0.43,0.43,0.44,0.5,0.48
GWETROOT,2014,-4.5,35.625,0.49,0.5,0.5,0.52,0.49,0.46,0.44,0.43,0.42,0.42,0.43,0.48,0.46
GWETROOT,2014,-4.5,36.25,0.5,0.54,0.53,0.55,0.52,0.49,0.48,0.47,0.47,0.47,0.48,0.54,0.5
GWETROOT,2014,-4.5,36.875,0.49,0.55,0.53,0.55,0.53,0.5,0.48,0.47,0.47,0.47,0.49,0.53,0.5
GWETROOT,2014,-4.5,37.5,0.48,0.55,0.53,0.55,0.54,0.51,0.49,0.48,0.48,0.49,0.5,0.53,0.51
GWETROOT,2014,-4.5,38.125,0.6,0.65,0.65,0.66,0.69,0.67,0.65,0.63,0.62,0.64,0.65,0.66,0.65
GWETROOT,2014,-4.5,38.75,0.57,0.61,0.62,0.64,0.7,0.67,0.64,0.62,0.61,0.63,0.64,0.64,0.63
GWETROOT,2014,-4.5,39.375,0.42,0.44,0.46,0.49,0.59,0.54,0.5,0.48,0.47,0.49,0.49,0.5,0.49
GWETROOT,2014,-4.5,40,0.39,0.41,0.44,0.46,0.56,0.49,0.45,0.43,0.43,0.44,0.44,0.46,0.45
GWETROOT,2014,-4.5,40.625,,,,,,,,,,,,,
GWETROOT,2014,-4.5,41.25,,,,,,,,,,,,,
GWETROOT,2014,0.5,34.375,0.55,0.48,0.5,0.5,0.54,0.57,0.51,0.54,0.58,0.65,0.62,0.57,0.55
GWETROOT,2014,0.5,35,0.65,0.57,0.55,0.55,0.58,0.63,0.6,0.64,0.66,0.71,0.7,0.66,0.63
GWETROOT,2014,0.5,35.625,0.45,0.43,0.44,0.45,0.47,0.49,0.48,0.51,0.49,0.49,0.49,0.47,0.47
GWETROOT,2014,0.5,36.25,0.42,0.42,0.42,0.42,0.42,0.44,0.46,0.49,0.48,0.46,0.45,0.44,0.44
GWETROOT,2014,0.5,36.875,0.52,0.51,0.51,0.52,0.51,0.52,0.53,0.55,0.55,0.53,0.54,0.53,0.53
GWETROOT,2014,0.5,37.5,0.36,0.35,0.35,0.37,0.36,0.36,0.36,0.37,0.37,0.36,0.38,0.38,0.36
GWETROOT,2014,0.5,38.125,0.35,0.34,0.34,0.37,0.36,0.34,0.33,0.34,0.34,0.34,0.37,0.37,0.35
GWETROOT,2014,0.5,38.75,0.34,0.33,0.34,0.37,0.36,0.34,0.33,0.33,0.33,0.34,0.36,0.36,0.34
GWETROOT,2014,0.5,39.375,0.36,0.35,0.36,0.4,0.4,0.37,0.35,0.35,0.35,0.35,0.39,0.38,0.37
GWETROOT,2014,0.5,40,0.34,0.33,0.34,0.39,0.41,0.38,0.35,0.34,0.33,0.34,0.37,0.37,0.36
GWETROOT,2014,0.5,40.625,0.34,0.34,0.35,0.41,0.45,0.41,0.37,0.36,0.35,0.35,0.39,0.38,0.38
GWETROOT,2014,0.5,41.25,0.37,0.36,0.37,0.44,0.46,0.42,0.4,0.39,0.37,0.37,0.41,0.4,0.4
GWETROOT,2014,1,34.375,0.73,0.65,0.61,0.58,0.63,0.65,0.63,0.68,0.72,0.78,0.78,0.75,0.68
GWETROOT,2014,1,35,0.66,0.55,0.51,0.52,0.6,0.65,0.63,0.72,0.78,0.82,0.82,0.75,0.67
GWETROOT,2014,1,35.625,0.39,0.37,0.39,0.43,0.48,0.49,0.47,0.55,0.53,0.5,0.5,0.45,0.46
GWETROOT,2014,1,36.25,0.36,0.36,0.36,0.36,0.36,0.37,0.4,0.44,0.44,0.39,0.39,0.38,0.38
GWETROOT,2014,1,36.875,0.38,0.36,0.36,0.37,0.36,0.36,0.38,0.41,0.42,0.39,0.41,0.4,0.38
GWETROOT,2014,1,37.5,0.36,0.34,0.35,0.37,0.36,0.34,0.34,0.34,0.35,0.35,0.38,0.37,0.35
GWETROOT,2014,1,38.125,0.34,0.33,0.34,0.36,0.34,0.33,0.33,0.33,0.33,0.34,0.35,0.35,0.34
GWETROOT,2014,1,38.75,0.35,0.35,0.36,0.38,0.37,0.35,0.35,0.35,0.35,0.35,0.37,0.37,0.36
GWETROOT,2014,1,39.375,0.37,0.36,0.37,0.41,0.41,0.37,0.36,0.36,0.36,0.36,0.4,0.39,0.38
GWETROOT,2014,1,40,0.33,0.33,0.34,0.4,0.42,0.37,0.34,0.33,0.33,0.33,0.39,0.38,0.36
GWETROOT,2014,1,40.625,0.35,0.35,0.36,0.43,0.47,0.42,0.38,0.36,0.36,0.36,0.42,0.41,0.39
GWETROOT,2014,1,41.25,0.42,0.42,0.43,0.49,0.52,0.48,0.45,0.43,0.42,0.42,0.47,0.45,0.45
GWETROOT,2014,1.5,34.375,0.48,0.46,0.47,0.47,0.51,0.52,0.51,0.55,0.57,0.58,0.54,0.51,0.51
GWETROOT,2014,1.5,35,0.45,0.41,0.42,0.43,0.49,0.51,0.5,0.59,0.64,0.6,0.56,0.5,0.51
GWETROOT,2014,1.5,35.625,0.34,0.33,0.35,0.35,0.38,0.38,0.37,0.45,0.46,0.41,0.4,0.37,0.38
GWETROOT,2014,1.5,36.25,0.36,0.36,0.37,0.37,0.36,0.37,0.38,0.4,0.4,0.37,0.37,0.36,0.37
GWETROOT,2014,1.5,36.875,0.36,0.34,0.36,0.39,0.37,0.35,0.35,0.35,0.35,0.35,0.38,0.38,0.36
GWETROOT,2014,1.5,37.5,0.34,0.34,0.35,0.37,0.35,0.34,0.34,0.35,0.35,0.34,0.37,0.36,0.35
GWETROOT,2014,1.5,38.125,0.35,0.35,0.35,0.38,0.36,0.35,0.34,0.34,0.34,0.35,0.37,0.36,0.35
GWETROOT,2014,1.5,38.75,0.45,0.45,0.46,0.48,0.46,0.46,0.45,0.45,0.45,0.46,0.48,0.46,0.46
GWETROOT,2014,1.5,39.375,0.36,0.36,0.37,0.42,0.43,0.39,0.36,0.36,0.36,0.36,0.42,0.41,0.38
GWETROOT,2014,1.5,40,0.38,0.37,0.38,0.44,0.45,0.4,0.37,0.37,0.37,0.37,0.44,0.43,0.4
GWETROOT,2014,1.5,40.625,0.41,0.41,0.42,0.49,0.52,0.47,0.43,0.42,0.41,0.41,0.49,0.48,0.45
GWETROOT,2014,1.5,41.25,0.33,0.33,0.34,0.41,0.46,0.42,0.37,0.34,0.33,0.34,0.41,0.4,0.37
GWETROOT,2014,2,34.375,0.46,0.46,0.47,0.46,0.49,0.48,0.49,0.52,0.54,0.53,0.5,0.48,0.49
GWETROOT,2014,2,35,0.41,0.4,0.41,0.41,0.43,0.43,0.43,0.5,0.55,0.5,0.47,0.44,0.45
GWETROOT,2014,2,35.625,0.33,0.33,0.34,0.34,0.34,0.34,0.34,0.38,0.41,0.36,0.35,0.34,0.35
GWETROOT,2014,2,36.25,0.37,0.37,0.38,0.38,0.37,0.37,0.38,0.38,0.38,0.38,0.38,0.37,0.38
GWETROOT,2014,2,36.875,0.37,0.36,0.37,0.41,0.39,0.37,0.36,0.36,0.36,0.36,0.39,0.39,0.37
GWETROOT,2014,2,37.5,0.34,0.33,0.35,0.39,0.37,0.34,0.33,0.33,0.34,0.34,0.38,0.37,0.35
GWETROOT,2014,2,38.125,0.39,0.39,0.4,0.44,0.42,0.4,0.39,0.39,0.39,0.39,0.43,0.42,0.4
GWETROOT,2014,2,38.75,0.39,0.39,0.39,0.43,0.42,0.4,0.39,0.38,0.38,0.39,0.43,0.41,0.4
GWETROOT,2014,2,39.375,0.34,0.33,0.34,0.4,0.41,0.37,0.34,0.33,0.33,0.34,0.43,0.41,0.36
GWETROOT,2014,2,40,0.38,0.37,0.38,0.45,0.47,0.42,0.38,0.37,0.37,0.38,0.49,0.47,0.41
GWETROOT,2014,2,40.625,0.56,0.56,0.56,0.62,0.64,0.59,0.56,0.56,0.56,0.57,0.66,0.62,0.59
GWETROOT,2014,2,41.25,0.41,0.4,0.41,0.47,0.51,0.46,0.42,0.41,0.41,0.41,0.51,0.48,0.44
GWETROOT,2014,2.5,34.375,0.43,0.42,0.43,0.43,0.45,0.45,0.45,0.48,0.49,0.48,0.45,0.44,0.45
GWETROOT,2014,2.5,35,0.37,0.37,0.38,0.38,0.39,0.39,0.39,0.42,0.47,0.45,0.43,0.41,0.4
GWETROOT,2014,2.5,35.625,0.33,0.33,0.34,0.34,0.34,0.34,0.34,0.34,0.39,0.35,0.34,0.34,0.34
GWETROOT,2014,2.5,36.25,0.36,0.36,0.36,0.37,0.36,0.36,0.36,0.36,0.37,0.36,0.37,0.36,0.36
GWETROOT,2014,2.5,36.875,0.35,0.35,0.36,0.38,0.36,0.35,0.35,0.35,0.35,0.36,0.37,0.37,0.36
GWETROOT,2014,2.5,37.5,0.37,0.37,0.38,0.41,0.39,0.37,0.37,0.37,0.37,0.38,0.4,0.39,0.38
GWETROOT,2014,2.5,38.125,0.36,0.36,0.37,0.41,0.4,0.37,0.36,0.36,0.36,0.37,0.41,0.4,0.38
GWETROOT,2014,2.5,38.75,0.36,0.36,0.37,0.41,0.4,0.37,0.36,0.36,0.36,0.37,0.41,0.4,0.38
GWETROOT,2014,2.5,39.375,0.34,0.34,0.35,0.4,0.41,0.37,0.34,0.34,0.34,0.35,0.43,0.4,0.37
GWETROOT,2014,2.5,40,0.38,0.37,0.39,0.44,0.46,0.42,0.39,0.38,0.38,0.39,0.48,0.45,0.41
GWETROOT,2014,2.5,40.625,0.47,0.47,0.47,0.51,0.53,0.49,0.48,0.47,0.47,0.47,0.55,0.52,0.49
GWETROOT,2014,2.5,41.25,0.26,0.25,0.25,0.28,0.31,0.28,0.27,0.26,0.25,0.25,0.31,0.3,0.27
GWETROOT,2014,3,34.375,0.45,0.44,0.46,0.46,0.49,0.49,0.5,0.53,0.56,0.54,0.52,0.49,0.49
GWETROOT,2014,3,35,0.34,0.33,0.35,0.35,0.37,0.37,0.37,0.39,0.45,0.42,0.41,0.39,0.38
GWETROOT,2014,3,35.625,0.33,0.33,0.33,0.34,0.34,0.33,0.33,0.33,0.36,0.34,0.34,0.34,0.34
GWETROOT,2014,3,36.25,0.33,0.33,0.34,0.35,0.34,0.33,0.33,0.33,0.34,0.34,0.34,0.35,0.34
GWETROOT,2014,3,36.875,0.33,0.33,0.33,0.35,0.34,0.33,0.33,0.33,0.33,0.34,0.34,0.34,0.34
GWETROOT,2014,3,37.5,0.3,0.3,0.31,0.33,0.31,0.3,0.3,0.3,0.3,0.31,0.32,0.31,0.31
GWETROOT,2014,3,38.125,0.34,0.34,0.35,0.39,0.38,0.35,0.34,0.34,0.34,0.36,0.38,0.36,0.36
GWETROOT,2014,3,38.75,0.39,0.39,0.4,0.44,0.43,0.4,0.39,0.39,0.39,0.4,0.43,0.41,0.41
GWETROOT,2014,3,39.375,0.33,0.33,0.34,0.39,0.4,0.36,0.34,0.33,0.33,0.35,0.4,0.38,0.36
GWETROOT,2014,3,40,0.37,0.37,0.38,0.43,0.44,0.4,0.38,0.37,0.37,0.39,0.44,0.42,0.4
GWETROOT,2014,3,40.625,0.39,0.38,0.37,0.41,0.43,0.4,0.39,0.38,0.37,0.38,0.43,0.42,0.4
GWETROOT,2014,3,41.25,0.3,0.29,0.29,0.32,0.33,0.31,0.3,0.29,0.29,0.3,0.33,0.32,0.31
GWETROOT,2014,3.5,34.375,0.36,0.34,0.37,0.39,0.42,0.44,0.45,0.49,0.52,0.5,0.49,0.45,0.44
GWETROOT,2014,3.5,35,0.33,0.33,0.34,0.36,0.37,0.36,0.35,0.36,0.41,0.4,0.4,0.4,0.37
GWETROOT,2014,3.5,35.625,0.33,0.33,0.33,0.34,0.34,0.33,0.33,0.33,0.35,0.34,0.34,0.35,0.34
GWETROOT,2014,3.5,36.25,0.33,0.33,0.33,0.35,0.34,0.33,0.33,0.33,0.34,0.34,0.34,0.35,0.34
GWETROOT,2014,3.5,36.875,0.33,0.33,0.33,0.36,0.34,0.33,0.33,0.33,0.33,0.35,0.35,0.34,0.34
GWETROOT,2014,3.5,37.5,0.37,0.37,0.38,0.4,0.39,0.38,0.37,0.37,0.37,0.39,0.39,0.39,0.38
GWETROOT,2014,3.5,38.125,0.33,0.33,0.35,0.39,0.41,0.37,0.34,0.33,0.34,0.35,0.39,0.37,0.36
GWETROOT,2014,3.5,38.75,0.35,0.35,0.36,0.41,0.42,0.39,0.37,0.35,0.36,0.37,0.41,0.38,0.38
GWETROOT,2014,3.5,39.375,0.38,0.38,0.39,0.44,0.46,0.43,0.41,0.38,0.39,0.41,0.45,0.42,0.41
GWETROOT,2014,3.5,40,0.38,0.38,0.39,0.44,0.45,0.42,0.39,0.38,0.38,0.41,0.45,0.42,0.41
GWETROOT,2014,3.5,40.625,0.52,0.51,0.51,0.56,0.56,0.53,0.52,0.51,0.51,0.53,0.56,0.54,0.53
GWETROOT,2014,3.5,41.25,0.35,0.34,0.34,0.37,0.38,0.36,0.35,0.34,0.34,0.35,0.38,0.37,0.36
GWETROOT,2014,4,34.375,0.47,0.45,0.47,0.5,0.52,0.52,0.52,0.55,0.57,0.56,0.57,0.55,0.52
GWETROOT,2014,4,35,0.42,0.42,0.43,0.45,0.45,0.44,0.44,0.44,0.48,0.47,0.48,0.49,0.45
GWETROOT,2014,4,35.625,0.33,0.33,0.33,0.35,0.34,0.34,0.34,0.33,0.35,0.35,0.35,0.36,0.34
GWETROOT,2014,4,36.25,0.33,0.33,0.33,0.36,0.34,0.33,0.33,0.33,0.34,0.34,0.34,0.35,0.34
GWETROOT,2014,4,36.875,0.33,0.33,0.33,0.37,0.36,0.34,0.34,0.33,0.34,0.35,0.35,0.34,0.34
GWETROOT,2014,4,37.5,0.37,0.37,0.37,0.41,0.4,0.38,0.38,0.37,0.38,0.39,0.39,0.38,0.38
GWETROOT,2014,4,38.125,0.42,0.42,0.43,0.47,0.48,0.46,0.45,0.43,0.44,0.45,0.47,0.45,0.45
GWETROOT,2014,4,38.75,0.58,0.59,0.59,0.62,0.62,0.6,0.59,0.59,0.59,0.61,0.62,0.59,0.6
GWETROOT,2014,4,39.375,0.58,0.58,0.59,0.62,0.63,0.6,0.59,0.58,0.59,0.61,0.64,0.6,0.6
GWETROOT,2014,4,40,0.45,0.45,0.46,0.51,0.53,0.48,0.46,0.46,0.46,0.49,0.53,0.49,0.48
GWETROOT,2014,4,40.625,0.52,0.51,0.52,0.58,0.58,0.53,0.52,0.52,0.52,0.55,0.59,0.55,0.54
GWETROOT,2014,4,41.25,0.36,0.35,0.35,0.4,0.41,0.38,0.35,0.35,0.35,0.38,0.41,0.39,0.37
GWETROOT,2014,4.5,34.375,0.58,0.58,0.59,0.6,0.61,0.6,0.61,0.61,0.61,0.62,0.62,0.61,0.6
GWETROOT,2014,4.5,35,0.48,0.48,0.49,0.51,0.51,0.5,0.51,0.5,0.52,0.52,0.54,0.55,0.51
GWETROOT,2014,4.5,35.625,0.33,0.33,0.33,0.36,0.35,0.34,0.35,0.34,0.36,0.35,0.35,0.38,0.35
GWETROOT,2014,4.5,36.25,0.33,0.33,0.33,0.37,0.35,0.34,0.34,0.33,0.34,0.35,0.35,0.36,0.34
GWETROOT,2014,4.5,36.875,0.33,0.33,0.34,0.38,0.37,0.36,0.37,0.34,0.36,0.37,0.36,0.35,0.36
GWETROOT,2014,4.5,37.5,0.5,0.51,0.51,0.54,0.53,0.52,0.53,0.52,0.53,0.53,0.53,0.52,0.52
GWETROOT,2014,4.5,38.125,0.57,0.58,0.58,0.61,0.61,0.59,0.59,0.58,0.59,0.6,0.61,0.59,0.59
GWETROOT,2014,4.5,38.75,0.54,0.55,0.55,0.58,0.57,0.56,0.55,0.55,0.56,0.57,0.58,0.56,0.56
GWETROOT,2014,4.5,39.375,0.47,0.47,0.47,0.51,0.52,0.49,0.48,0.47,0.48,0.5,0.52,0.49,0.49
GWETROOT,2014,4.5,40,0.4,0.4,0.41,0.44,0.46,0.43,0.41,0.4,0.41,0.43,0.46,0.43,0.42
GWETROOT,2014,4.5,40.625,0.38,0.38,0.38,0.44,0.46,0.41,0.38,0.38,0.38,0.43,0.47,0.43,0.41
GWETROOT,2014,4.5,41.25,0.35,0.33,0.34,0.4,0.43,0.38,0.34,0.33,0.33,0.39,0.44,0.4,0.37
GWETROOT,2015,-0.5,34.375,0.58,0.51,0.53,0.82,0.91,0.83,0.66,0.56,0.57,0.64,0.89,0.93,0.7
GWETROOT,2015,-0.5,35,0.53,0.49,0.48,0.72,0.82,0.81,0.69,0.63,0.6,0.63,0.86,0.91,0.68
GWETROOT,2015,-0.5,35.625,0.44,0.42,0.41,0.52,0.56,0.56,0.51,0.49,0.46,0.46,0.56,0.61,0.5
GWETROOT,2015,-0.5,36.25,0.39,0.38,0.38,0.49,0.54,0.53,0.48,0.46,0.43,0.45,0.54,0.59,0.47
GWETROOT,2015,-0.5,36.875,0.39,0.38,0.38,0.49,0.56,0.53,0.48,0.46,0.41,0.46,0.53,0.56,0.47
GWETROOT,2015,-0.5,37.5,0.48,0.46,0.47,0.55,0.6,0.56,0.52,0.51,0.47,0.5,0.57,0.6,0.52
GWETROOT,2015,-0.5,38.125,0.47,0.47,0.48,0.51,0.51,0.48,0.48,0.47,0.47,0.47,0.52,0.53,0.49
GWETROOT,2015,-0.5,38.75,0.43,0.43,0.44,0.46,0.47,0.44,0.44,0.43,0.43,0.44,0.48,0.48,0.45
GWETROOT,2015,-0.5,39.375,0.4,0.39,0.39,0.42,0.43,0.41,0.4,0.39,0.39,0.4,0.44,0.42,0.41
GWETROOT,2015,-0.5,40,0.44,0.43,0.44,0.46,0.49,0.46,0.45,0.44,0.43,0.44,0.49,0.47,0.45
GWETROOT,2015,-0.5,40.625,0.47,0.46,0.46,0.47,0.54,0.5,0.48,0.47,0.46,0.46,0.5,0.47,0.48
GWETROOT,2015,-0.5,41.25,0.48,0.47,0.47,0.48,0.55,0.5,0.49,0.49,0.47,0.48,0.51,0.48,0.49
GWETROOT,2015,-1,34.375,0.52,0.48,0.48,0.64,0.69,0.63,0.54,0.51,0.5,0.51,0.62,0.82,0.58
GWETROOT,2015,-1,35,0.56,0.52,0.52,0.63,0.7,0.69,0.62,0.59,0.58,0.56,0.66,0.81,0.62
GWETROOT,2015,-1,35.625,0.5,0.47,0.47,0.54,0.57,0.59,0.53,0.51,0.49,0.48,0.53,0.6,0.52
GWETROOT,2015,-1,36.25,0.4,0.36,0.35,0.42,0.49,0.5,0.44,0.41,0.38,0.37,0.42,0.47,0.42
GWETROOT,2015,-1,36.875,0.47,0.47,0.46,0.51,0.56,0.52,0.48,0.46,0.45,0.46,0.53,0.58,0.5
GWETROOT,2015,-1,37.5,0.48,0.47,0.47,0.52,0.55,0.52,0.48,0.47,0.46,0.47,0.52,0.56,0.5
GWETROOT,2015,-1,38.125,0.47,0.47,0.48,0.49,0.49,0.48,0.47,0.47,0.47,0.47,0.51,0.51,0.48
GWETROOT,2015,-1,38.75,0.47,0.47,0.47,0.49,0.49,0.47,0.47,0.47,0.47,0.47,0.51,0.5,0.48
GWETROOT,2015,-1,39.375,0.46,0.46,0.47,0.48,0.49,0.48,0.47,0.47,0.46,0.47,0.5,0.48,0.47
GWETROOT,2015,-1,40,0.54,0.53,0.54,0.56,0.58,0.56,0.54,0.54,0.54,0.54,0.59,0.56,0.55
GWETROOT,2015,-1,40.625,0.48,0.47,0.47,0.48,0.57,0.53,0.51,0.5,0.47,0.48,0.53,0.49,0.5
GWETROOT,2015,-1,41.25,0.48,0.47,0.47,0.48,0.56,0.53,0.51,0.5,0.47,0.48,0.52,0.48,0.5
GWETROOT,2015,-1.5,34.375,0.61,0.57,0.58,0.77,0.76,0.65,0.59,0.57,0.58,0.59,0.68,0.79,0.65
GWETROOT,2015,-1.5,35,0.6,0.54,0.54,0.67,0.69,0.64,0.57,0.55,0.54,0.55,0.64,0.76,0.61
GWETROOT,2015,-1.5,35.625,0.57,0.49,0.47,0.59,0.66,0.65,0.56,0.51,0.47,0.48,0.58,0.68,0.56
GWETROOT,2015,-1.5,36.25,0.42,0.4,0.39,0.44,0.5,0.5,0.43,0.4,0.39,0.39,0.43,0.5,0.43
GWETROOT,2015,-1.5,36.875,0.59,0.61,0.6,0.61,0.64,0.61,0.59,0.59,0.59,0.59,0.62,0.66,0.61
GWETROOT,2015,-1.5,37.5,0.46,0.47,0.46,0.49,0.53,0.49,0.46,0.45,0.45,0.45,0.51,0.58,0.48
GWETROOT,2015,-1.5,38.125,0.44,0.43,0.43,0.46,0.47,0.45,0.44,0.43,0.42,0.43,0.48,0.51,0.45
GWETROOT,2015,-1.5,38.75,0.47,0.47,0.48,0.49,0.49,0.48,0.47,0.47,0.47,0.48,0.51,0.5,0.48
GWETROOT,2015,-1.5,39.375,0.47,0.47,0.48,0.49,0.5,0.48,0.47,0.47,0.47,0.48,0.51,0.49,0.48
GWETROOT,2015,-1.5,40,0.54,0.53,0.54,0.56,0.6,0.57,0.55,0.55,0.54,0.54,0.6,0.56,0.56
GWETROOT,2015,-1.5,40.625,0.49,0.48,0.49,0.5,0.6,0.56,0.54,0.53,0.49,0.5,0.55,0.5,0.52
GWETROOT,2015,-1.5,41.25,0.48,0.47,0.47,0.48,0.58,0.56,0.53,0.51,0.48,0.48,0.53,0.49,0.51
GWETROOT,2015,-1.80E-13,34.375,0.5,0.42,0.41,0.65,0.75,0.71,0.6,0.55,0.55,0.6,0.8,0.85,0.62
GWETROOT,2015,-1.80E-13,35,0.57,0.52,0.5,0.71,0.81,0.83,0.77,0.74,0.73,0.74,0.9,0.93,0.73
GWETROOT,2015,-1.80E-13,35.625,0.48,0.45,0.44,0.56,0.65,0.66,0.62,0.61,0.56,0.57,0.69,0.74,0.59
GWETROOT,2015,-1.80E-13,36.25,0.44,0.43,0.43,0.53,0.58,0.57,0.53,0.52,0.49,0.5,0.59,0.63,0.52
GWETROOT,2015,-1.80E-13,36.875,0.41,0.39,0.38,0.47,0.52,0.5,0.47,0.46,0.41,0.44,0.52,0.57,0.46
GWETROOT,2015,-1.80E-13,37.5,0.45,0.42,0.42,0.51,0.57,0.53,0.49,0.48,0.43,0.47,0.56,0.62,0.5
GWETROOT,2015,-1.80E-13,38.125,0.42,0.41,0.41,0.45,0.47,0.43,0.42,0.41,0.4,0.41,0.46,0.5,0.43
GWETROOT,2015,-1.80E-13,38.75,0.36,0.35,0.35,0.39,0.4,0.37,0.36,0.35,0.35,0.36,0.39,0.42,0.37
GWETROOT,2015,-1.80E-13,39.375,0.35,0.33,0.33,0.36,0.37,0.35,0.34,0.33,0.33,0.34,0.37,0.38,0.35
GWETROOT,2015,-1.80E-13,40,0.37,0.34,0.34,0.37,0.39,0.37,0.36,0.35,0.34,0.35,0.39,0.39,0.36
GWETROOT,2015,-1.80E-13,40.625,0.4,0.39,0.39,0.4,0.44,0.41,0.4,0.4,0.39,0.4,0.42,0.41,0.4
GWETROOT,2015,-1.80E-13,41.25,0.43,0.42,0.42,0.43,0.47,0.44,0.43,0.42,0.42,0.42,0.45,0.43,0.43
GWETROOT,2015,-2,34.375,0.65,0.6,0.61,0.77,0.71,0.62,0.6,0.6,0.6,0.61,0.71,0.74,0.65
GWETROOT,2015,-2,35,0.64,0.56,0.55,0.68,0.69,0.62,0.56,0.55,0.55,0.56,0.68,0.74,0.62
GWETROOT,2015,-2,35.625,0.57,0.51,0.5,0.59,0.66,0.62,0.55,0.51,0.49,0.51,0.6,0.67,0.57
GWETROOT,2015,-2,36.25,0.39,0.38,0.37,0.41,0.46,0.43,0.38,0.36,0.36,0.36,0.41,0.47,0.4
GWETROOT,2015,-2,36.875,0.59,0.61,0.6,0.62,0.64,0.61,0.59,0.59,0.58,0.59,0.63,0.69,0.61
GWETROOT,2015,-2,37.5,0.49,0.51,0.5,0.52,0.55,0.51,0.49,0.49,0.48,0.49,0.55,0.61,0.52
GWETROOT,2015,-2,38.125,0.43,0.41,0.41,0.43,0.44,0.43,0.41,0.41,0.4,0.41,0.46,0.49,0.43
GWETROOT,2015,-2,38.75,0.5,0.48,0.49,0.5,0.5,0.5,0.49,0.48,0.48,0.49,0.53,0.52,0.5
GWETROOT,2015,-2,39.375,0.51,0.5,0.51,0.53,0.54,0.53,0.51,0.51,0.5,0.51,0.56,0.54,0.52
GWETROOT,2015,-2,40,0.47,0.46,0.47,0.49,0.53,0.52,0.49,0.48,0.47,0.48,0.54,0.49,0.49
GWETROOT,2015,-2,40.625,0.47,0.46,0.47,0.48,0.59,0.57,0.54,0.53,0.49,0.49,0.54,0.49,0.51
GWETROOT,2015,-2,41.25,0.38,0.37,0.38,0.39,0.51,0.49,0.46,0.45,0.41,0.41,0.45,0.41,0.43
GWETROOT,2015,-2.5,34.375,0.61,0.52,0.5,0.64,0.6,0.51,0.49,0.49,0.49,0.5,0.63,0.66,0.55
GWETROOT,2015,-2.5,35,0.63,0.52,0.48,0.59,0.64,0.54,0.49,0.47,0.47,0.48,0.64,0.68,0.55
GWETROOT,2015,-2.5,35.625,0.56,0.51,0.48,0.55,0.63,0.55,0.49,0.47,0.47,0.48,0.55,0.61,0.53
GWETROOT,2015,-2.5,36.25,0.48,0.46,0.45,0.5,0.55,0.49,0.45,0.43,0.43,0.43,0.49,0.53,0.47
GWETROOT,2015,-2.5,36.875,0.59,0.6,0.59,0.63,0.68,0.62,0.58,0.58,0.57,0.58,0.64,0.71,0.61
GWETROOT,2015,-2.5,37.5,0.57,0.57,0.56,0.63,0.71,0.63,0.57,0.55,0.54,0.55,0.64,0.71,0.6
GWETROOT,2015,-2.5,38.125,0.53,0.49,0.49,0.51,0.52,0.5,0.49,0.48,0.48,0.49,0.55,0.57,0.51
GWETROOT,2015,-2.5,38.75,0.54,0.51,0.52,0.54,0.54,0.53,0.52,0.52,0.51,0.52,0.58,0.56,0.53
GWETROOT,2015,-2.5,39.375,0.62,0.6,0.61,0.63,0.67,0.66,0.62,0.61,0.6,0.62,0.68,0.64,0.63
GWETROOT,2015,-2.5,40,0.42,0.39,0.4,0.42,0.48,0.47,0.43,0.42,0.4,0.41,0.48,0.44,0.43
GWETROOT,2015,-2.5,40.625,0.42,0.4,0.4,0.42,0.53,0.51,0.47,0.46,0.42,0.43,0.48,0.44,0.45
GWETROOT,2015,-2.5,41.25,,,,,,,,,,,,,
GWETROOT,2015,-3,34.375,0.62,0.5,0.47,0.55,0.59,0.49,0.46,0.46,0.46,0.46,0.57,0.63,0.52
GWETROOT,2015,-3,35,0.63,0.54,0.49,0.58,0.65,0.54,0.48,0.46,0.46,0.47,0.57,0.63,0.54
GWETROOT,2015,-3,35.625,0.68,0.65,0.6,0.78,0.9,0.82,0.68,0.58,0.51,0.51,0.66,0.74,0.68
GWETROOT,2015,-3,36.25,0.63,0.6,0.58,0.68,0.73,0.64,0.58,0.55,0.55,0.56,0.63,0.67,0.62
GWETROOT,2015,-3,36.875,0.69,0.73,0.72,0.93,0.95,0.91,0.83,0.79,0.67,0.72,0.85,0.94,0.81
GWETROOT,2015,-3,37.5,0.57,0.58,0.56,0.71,0.86,0.8,0.7,0.64,0.56,0.55,0.65,0.76,0.66
GWETROOT,2015,-3,38.125,0.54,0.5,0.49,0.53,0.55,0.53,0.51,0.5,0.48,0.49,0.55,0.56,0.52
GWETROOT,2015,-3,38.75,0.53,0.51,0.52,0.53,0.55,0.53,0.52,0.51,0.51,0.52,0.57,0.56,0.53
GWETROOT,2015,-3,39.375,0.63,0.61,0.61,0.63,0.69,0.68,0.65,0.63,0.61,0.63,0.7,0.64,0.64
GWETROOT,2015,-3,40,0.42,0.39,0.39,0.42,0.49,0.49,0.44,0.42,0.39,0.41,0.49,0.44,0.43
GWETROOT,2015,-3,40.625,0.45,0.41,0.4,0.42,0.54,0.55,0.48,0.45,0.41,0.43,0.51,0.47,0.46
GWETROOT,2015,-3,41.25,,,,,,,,,,,,,
GWETROOT,2015,-3.5,34.375,0.6,0.51,0.47,0.54,0.56,0.47,0.46,0.46,0.46,0.46,0.54,0.62,0.51
GWETROOT,2015,-3.5,35,0.59,0.53,0.5,0.54,0.6,0.52,0.48,0.46,0.46,0.46,0.52,0.56,0.52
GWETROOT,2015,-3.5,35.625,0.57,0.55,0.53,0.59,0.64,0.58,0.53,0.5,0.48,0.48,0.53,0.55,0.54
GWETROOT,2015,-3.5,36.25,0.57,0.54,0.51,0.58,0.62,0.54,0.5,0.48,0.48,0.49,0.53,0.58,0.53
GWETROOT,2015,-3.5,36.875,0.52,0.51,0.5,0.61,0.73,0.63,0.55,0.5,0.46,0.48,0.55,0.63,0.56
GWETROOT,2015,-3.5,37.5,0.48,0.48,0.47,0.51,0.55,0.51,0.48,0.47,0.46,0.47,0.51,0.53,0.49
GWETROOT,2015,-3.5,38.125,0.5,0.48,0.48,0.51,0.53,0.51,0.5,0.49,0.47,0.49,0.53,0.52,0.5
GWETROOT,2015,-3.5,38.75,0.53,0.5,0.51,0.55,0.58,0.56,0.55,0.54,0.51,0.54,0.58,0.58,0.54
GWETROOT,2015,-3.5,39.375,0.61,0.58,0.6,0.62,0.7,0.7,0.65,0.63,0.59,0.62,0.68,0.63,0.63
GWETROOT,2015,-3.5,40,0.51,0.49,0.5,0.53,0.59,0.58,0.53,0.52,0.49,0.51,0.58,0.53,0.53
GWETROOT,2015,-3.5,40.625,0.46,0.41,0.4,0.42,0.56,0.57,0.49,0.45,0.41,0.43,0.51,0.47,0.47
GWETROOT,2015,-3.5,41.25,,,,,,,,,,,,,
GWETROOT,2015,-4,34.375,0.58,0.51,0.48,0.54,0.53,0.47,0.46,0.46,0.46,0.46,0.53,0.6,0.51
GWETROOT,2015,-4,35,0.61,0.57,0.54,0.58,0.61,0.55,0.53,0.52,0.51,0.51,0.55,0.59,0.56
GWETROOT,2015,-4,35.625,0.59,0.57,0.55,0.57,0.6,0.55,0.53,0.51,0.5,0.5,0.52,0.54,0.54
GWETROOT,2015,-4,36.25,0.56,0.53,0.5,0.52,0.56,0.51,0.48,0.47,0.47,0.47,0.49,0.52,0.51
GWETROOT,2015,-4,36.875,0.51,0.49,0.48,0.49,0.52,0.48,0.47,0.47,0.46,0.47,0.49,0.5,0.49
GWETROOT,2015,-4,37.5,0.52,0.5,0.5,0.52,0.55,0.51,0.5,0.5,0.49,0.5,0.52,0.52,0.51
GWETROOT,2015,-4,38.125,0.56,0.55,0.55,0.58,0.59,0.56,0.56,0.55,0.54,0.56,0.57,0.57,0.56
GWETROOT,2015,-4,38.75,0.52,0.5,0.51,0.54,0.58,0.55,0.54,0.53,0.5,0.53,0.55,0.54,0.53
GWETROOT,2015,-4,39.375,0.46,0.45,0.47,0.49,0.58,0.55,0.51,0.49,0.46,0.48,0.54,0.48,0.5
GWETROOT,2015,-4,40,0.46,0.43,0.45,0.48,0.58,0.54,0.49,0.47,0.43,0.47,0.53,0.46,0.48
GWETROOT,2015,-4,40.625,,,,,,,,,,,,,
GWETROOT,2015,-4,41.25,,,,,,,,,,,,,
GWETROOT,2015,-4.5,34.375,0.5,0.44,0.42,0.49,0.46,0.41,0.4,0.4,0.4,0.4,0.5,0.55,0.45
GWETROOT,2015,-4.5,35,0.52,0.48,0.46,0.5,0.52,0.46,0.45,0.44,0.43,0.43,0.47,0.52,0.47
GWETROOT,2015,-4.5,35.625,0.51,0.48,0.45,0.47,0.49,0.45,0.43,0.42,0.41,0.41,0.43,0.45,0.45
GWETROOT,2015,-4.5,36.25,0.55,0.52,0.5,0.52,0.55,0.5,0.48,0.47,0.47,0.47,0.49,0.51,0.5
GWETROOT,2015,-4.5,36.875,0.54,0.49,0.49,0.51,0.53,0.49,0.48,0.47,0.47,0.47,0.49,0.49,0.49
GWETROOT,2015,-4.5,37.5,0.54,0.49,0.49,0.51,0.54,0.5,0.49,0.49,0.47,0.48,0.5,0.5,0.5
GWETROOT,2015,-4.5,38.125,0.66,0.61,0.61,0.65,0.7,0.67,0.65,0.64,0.6,0.62,0.64,0.65,0.64
GWETROOT,2015,-4.5,38.75,0.62,0.57,0.58,0.63,0.7,0.66,0.63,0.62,0.58,0.6,0.63,0.62,0.62
GWETROOT,2015,-4.5,39.375,0.45,0.42,0.44,0.47,0.59,0.54,0.5,0.47,0.44,0.46,0.51,0.46,0.48
GWETROOT,2015,-4.5,40,0.43,0.4,0.42,0.44,0.59,0.51,0.46,0.44,0.41,0.43,0.5,0.44,0.46
GWETROOT,2015,-4.5,40.625,,,,,,,,,,,,,
GWETROOT,2015,-4.5,41.25,,,,,,,,,,,,,
GWETROOT,2015,0.5,34.375,0.48,0.43,0.42,0.56,0.62,0.65,0.6,0.62,0.61,0.6,0.72,0.73,0.59
GWETROOT,2015,0.5,35,0.57,0.5,0.47,0.6,0.7,0.76,0.76,0.78,0.75,0.73,0.8,0.81,0.69
GWETROOT,2015,0.5,35.625,0.42,0.4,0.39,0.53,0.65,0.65,0.61,0.59,0.52,0.51,0.6,0.63,0.54
GWETROOT,2015,0.5,36.25,0.41,0.4,0.4,0.47,0.54,0.52,0.49,0.48,0.44,0.44,0.5,0.52,0.47
GWETROOT,2015,0.5,36.875,0.51,0.49,0.49,0.54,0.56,0.52,0.51,0.52,0.5,0.5,0.56,0.6,0.53
GWETROOT,2015,0.5,37.5,0.36,0.35,0.35,0.41,0.43,0.39,0.37,0.36,0.34,0.36,0.42,0.48,0.39
GWETROOT,2015,0.5,38.125,0.35,0.34,0.34,0.39,0.4,0.36,0.34,0.34,0.33,0.34,0.38,0.43,0.36
GWETROOT,2015,0.5,38.75,0.34,0.33,0.33,0.37,0.39,0.35,0.34,0.33,0.33,0.34,0.37,0.41,0.35
GWETROOT,2015,0.5,39.375,0.37,0.35,0.35,0.39,0.4,0.37,0.35,0.35,0.35,0.36,0.39,0.42,0.37
GWETROOT,2015,0.5,40,0.36,0.33,0.33,0.37,0.39,0.36,0.34,0.33,0.33,0.34,0.38,0.4,0.36
GWETROOT,2015,0.5,40.625,0.36,0.34,0.34,0.38,0.38,0.36,0.35,0.35,0.34,0.35,0.37,0.38,0.36
GWETROOT,2015,0.5,41.25,0.38,0.37,0.37,0.39,0.39,0.38,0.37,0.37,0.36,0.37,0.39,0.39,0.38
GWETROOT,2015,1,34.375,0.66,0.57,0.53,0.64,0.67,0.71,0.67,0.66,0.66,0.66,0.78,0.8,0.67
GWETROOT,2015,1,35,0.62,0.52,0.47,0.58,0.66,0.71,0.71,0.73,0.68,0.66,0.72,0.75,0.65
GWETROOT,2015,1,35.625,0.39,0.36,0.36,0.4,0.47,0.44,0.41,0.4,0.37,0.37,0.39,0.4,0.4
GWETROOT,2015,1,36.25,0.35,0.35,0.35,0.43,0.5,0.47,0.44,0.42,0.37,0.39,0.43,0.45,0.41
GWETROOT,2015,1,36.875,0.36,0.34,0.34,0.38,0.41,0.38,0.36,0.36,0.34,0.34,0.37,0.42,0.37
GWETROOT,2015,1,37.5,0.35,0.33,0.33,0.4,0.42,0.37,0.35,0.33,0.33,0.34,0.37,0.43,0.36
GWETROOT,2015,1,38.125,0.33,0.33,0.33,0.38,0.38,0.35,0.34,0.33,0.33,0.33,0.36,0.38,0.35
GWETROOT,2015,1,38.75,0.35,0.35,0.35,0.39,0.39,0.36,0.35,0.35,0.35,0.35,0.38,0.39,0.36
GWETROOT,2015,1,39.375,0.37,0.36,0.36,0.4,0.41,0.37,0.36,0.36,0.36,0.37,0.4,0.42,0.38
GWETROOT,2015,1,40,0.35,0.33,0.33,0.38,0.39,0.35,0.33,0.33,0.33,0.34,0.38,0.4,0.35
GWETROOT,2015,1,40.625,0.38,0.35,0.35,0.41,0.4,0.37,0.36,0.36,0.35,0.36,0.39,0.4,0.37
GWETROOT,2015,1,41.25,0.43,0.42,0.42,0.47,0.45,0.43,0.43,0.42,0.42,0.43,0.44,0.45,0.43
GWETROOT,2015,1.5,34.375,0.47,0.46,0.47,0.53,0.54,0.57,0.53,0.53,0.53,0.53,0.58,0.56,0.53
GWETROOT,2015,1.5,35,0.43,0.4,0.4,0.52,0.57,0.57,0.55,0.54,0.48,0.48,0.55,0.55,0.5
GWETROOT,2015,1.5,35.625,0.33,0.33,0.33,0.4,0.47,0.41,0.38,0.36,0.33,0.34,0.36,0.39,0.37
GWETROOT,2015,1.5,36.25,0.36,0.36,0.36,0.41,0.45,0.41,0.39,0.38,0.36,0.36,0.38,0.4,0.39
GWETROOT,2015,1.5,36.875,0.35,0.33,0.33,0.4,0.41,0.36,0.34,0.33,0.33,0.34,0.36,0.38,0.36
GWETROOT,2015,1.5,37.5,0.34,0.33,0.33,0.39,0.4,0.35,0.34,0.33,0.33,0.34,0.35,0.37,0.35
GWETROOT,2015,1.5,38.125,0.35,0.34,0.35,0.39,0.38,0.35,0.35,0.34,0.34,0.35,0.36,0.37,0.36
GWETROOT,2015,1.5,38.75,0.45,0.45,0.46,0.49,0.47,0.46,0.45,0.45,0.45,0.46,0.47,0.47,0.46
GWETROOT,2015,1.5,39.375,0.38,0.35,0.36,0.41,0.42,0.38,0.36,0.36,0.35,0.36,0.4,0.42,0.38
GWETROOT,2015,1.5,40,0.38,0.37,0.38,0.43,0.44,0.39,0.37,0.37,0.37,0.38,0.42,0.44,0.4
GWETROOT,2015,1.5,40.625,0.44,0.41,0.42,0.5,0.48,0.43,0.42,0.41,0.41,0.42,0.45,0.48,0.44
GWETROOT,2015,1.5,41.25,0.36,0.33,0.35,0.45,0.43,0.38,0.35,0.33,0.33,0.35,0.37,0.39,0.37
GWETROOT,2015,2,34.375,0.46,0.46,0.46,0.52,0.51,0.53,0.5,0.5,0.48,0.49,0.52,0.5,0.49
GWETROOT,2015,2,35,0.4,0.4,0.39,0.47,0.49,0.48,0.47,0.45,0.41,0.41,0.46,0.45,0.44
GWETROOT,2015,2,35.625,0.33,0.33,0.33,0.37,0.41,0.36,0.34,0.33,0.33,0.33,0.34,0.35,0.35
GWETROOT,2015,2,36.25,0.37,0.37,0.37,0.4,0.42,0.39,0.37,0.37,0.37,0.37,0.38,0.38,0.38
GWETROOT,2015,2,36.875,0.37,0.35,0.35,0.4,0.41,0.37,0.36,0.35,0.35,0.36,0.37,0.38,0.37
GWETROOT,2015,2,37.5,0.34,0.33,0.33,0.39,0.4,0.35,0.33,0.33,0.33,0.34,0.35,0.37,0.35
GWETROOT,2015,2,38.125,0.39,0.39,0.39,0.44,0.44,0.4,0.39,0.39,0.38,0.39,0.41,0.43,0.4
GWETROOT,2015,2,38.75,0.39,0.38,0.39,0.43,0.44,0.4,0.39,0.38,0.38,0.39,0.41,0.42,0.4
GWETROOT,2015,2,39.375,0.36,0.33,0.34,0.42,0.43,0.37,0.34,0.33,0.33,0.35,0.38,0.41,0.37
GWETROOT,2015,2,40,0.4,0.37,0.38,0.47,0.49,0.42,0.38,0.37,0.37,0.39,0.43,0.46,0.41
GWETROOT,2015,2,40.625,0.57,0.56,0.57,0.67,0.63,0.57,0.56,0.56,0.56,0.58,0.6,0.6,0.59
GWETROOT,2015,2,41.25,0.44,0.41,0.42,0.54,0.5,0.44,0.42,0.41,0.41,0.43,0.46,0.47,0.45
GWETROOT,2015,2.5,34.375,0.43,0.42,0.42,0.47,0.46,0.48,0.45,0.45,0.43,0.43,0.47,0.44,0.45
GWETROOT,2015,2.5,35,0.37,0.37,0.36,0.4,0.42,0.42,0.43,0.4,0.37,0.37,0.41,0.41,0.39
GWETROOT,2015,2.5,35.625,0.33,0.33,0.33,0.34,0.37,0.34,0.33,0.33,0.33,0.33,0.34,0.34,0.34
GWETROOT,2015,2.5,36.25,0.36,0.36,0.35,0.37,0.38,0.36,0.36,0.36,0.35,0.36,0.36,0.36,0.36
GWETROOT,2015,2.5,36.875,0.37,0.37,0.35,0.36,0.37,0.35,0.35,0.35,0.34,0.35,0.36,0.36,0.36
GWETROOT,2015,2.5,37.5,0.38,0.37,0.37,0.4,0.4,0.37,0.37,0.37,0.37,0.37,0.38,0.39,0.38
GWETROOT,2015,2.5,38.125,0.37,0.36,0.36,0.4,0.41,0.37,0.36,0.36,0.35,0.36,0.39,0.41,0.38
GWETROOT,2015,2.5,38.75,0.37,0.36,0.36,0.4,0.41,0.37,0.36,0.36,0.35,0.36,0.39,0.41,0.38
GWETROOT,2015,2.5,39.375,0.36,0.33,0.34,0.4,0.42,0.37,0.34,0.34,0.33,0.35,0.4,0.42,0.37
GWETROOT,2015,2.5,40,0.4,0.37,0.38,0.46,0.48,0.42,0.39,0.38,0.37,0.39,0.44,0.47,0.41
GWETROOT,2015,2.5,40.625,0.49,0.47,0.47,0.56,0.54,0.5,0.48,0.48,0.47,0.48,0.53,0.52,0.5
GWETROOT,2015,2.5,41.25,0.28,0.26,0.26,0.32,0.31,0.29,0.27,0.27,0.25,0.27,0.3,0.31,0.28
GWETROOT,2015,3,34.375,0.46,0.45,0.45,0.49,0.51,0.55,0.53,0.53,0.48,0.47,0.55,0.51,0.5
GWETROOT,2015,3,35,0.35,0.33,0.33,0.36,0.4,0.39,0.39,0.37,0.34,0.34,0.42,0.42,0.37
GWETROOT,2015,3,35.625,0.33,0.33,0.33,0.33,0.36,0.33,0.33,0.33,0.33,0.33,0.34,0.34,0.33
GWETROOT,2015,3,36.25,0.33,0.33,0.33,0.34,0.35,0.34,0.33,0.33,0.33,0.33,0.34,0.34,0.34
GWETROOT,2015,3,36.875,0.33,0.33,0.33,0.33,0.34,0.33,0.33,0.33,0.33,0.33,0.34,0.33,0.33
GWETROOT,2015,3,37.5,0.3,0.3,0.3,0.31,0.31,0.3,0.3,0.3,0.3,0.3,0.31,0.32,0.3
GWETROOT,2015,3,38.125,0.34,0.34,0.34,0.37,0.38,0.35,0.34,0.34,0.34,0.35,0.37,0.39,0.35
GWETROOT,2015,3,38.75,0.39,0.39,0.39,0.42,0.43,0.4,0.39,0.39,0.39,0.4,0.42,0.43,0.4
GWETROOT,2015,3,39.375,0.34,0.33,0.33,0.37,0.39,0.36,0.34,0.34,0.33,0.35,0.39,0.4,0.36
GWETROOT,2015,3,40,0.38,0.36,0.37,0.42,0.44,0.4,0.37,0.38,0.37,0.38,0.44,0.44,0.4
GWETROOT,2015,3,40.625,0.39,0.38,0.37,0.42,0.43,0.41,0.39,0.4,0.38,0.39,0.45,0.43,0.4
GWETROOT,2015,3,41.25,0.3,0.29,0.29,0.33,0.33,0.31,0.3,0.31,0.29,0.31,0.35,0.33,0.31
GWETROOT,2015,3.5,34.375,0.39,0.35,0.34,0.43,0.47,0.5,0.49,0.46,0.38,0.37,0.54,0.54,0.44
GWETROOT,2015,3.5,35,0.35,0.33,0.33,0.37,0.41,0.4,0.37,0.35,0.33,0.34,0.48,0.51,0.38
GWETROOT,2015,3.5,35.625,0.33,0.33,0.33,0.34,0.36,0.33,0.33,0.33,0.33,0.33,0.36,0.37,0.34
GWETROOT,2015,3.5,36.25,0.33,0.33,0.33,0.34,0.36,0.34,0.33,0.33,0.33,0.34,0.36,0.36,0.34
GWETROOT,2015,3.5,36.875,0.33,0.33,0.33,0.34,0.34,0.33,0.33,0.33,0.33,0.33,0.35,0.35,0.34
GWETROOT,2015,3.5,37.5,0.37,0.37,0.37,0.39,0.4,0.38,0.37,0.37,0.37,0.38,0.39,0.39,0.38
GWETROOT,2015,3.5,38.125,0.33,0.33,0.33,0.37,0.4,0.36,0.34,0.33,0.33,0.34,0.38,0.39,0.35
GWETROOT,2015,3.5,38.75,0.35,0.35,0.35,0.39,0.43,0.39,0.37,0.36,0.35,0.37,0.42,0.4,0.38
GWETROOT,2015,3.5,39.375,0.38,0.37,0.38,0.42,0.45,0.42,0.4,0.4,0.38,0.41,0.46,0.44,0.41
GWETROOT,2015,3.5,40,0.38,0.38,0.38,0.42,0.44,0.41,0.39,0.4,0.38,0.41,0.47,0.44,0.41
GWETROOT,2015,3.5,40.625,0.52,0.51,0.51,0.55,0.54,0.53,0.52,0.53,0.51,0.53,0.59,0.54,0.53
GWETROOT,2015,3.5,41.25,0.35,0.34,0.33,0.37,0.37,0.36,0.35,0.36,0.34,0.36,0.41,0.38,0.36
GWETROOT,2015,4,34.375,0.49,0.46,0.46,0.54,0.56,0.57,0.52,0.5,0.47,0.48,0.65,0.67,0.53
GWETROOT,2015,4,35,0.45,0.42,0.42,0.48,0.5,0.49,0.44,0.43,0.42,0.43,0.59,0.62,0.47
GWETROOT,2015,4,35.625,0.34,0.33,0.33,0.35,0.38,0.36,0.34,0.33,0.33,0.34,0.42,0.45,0.36
GWETROOT,2015,4,36.25,0.33,0.33,0.33,0.34,0.36,0.34,0.33,0.33,0.33,0.33,0.39,0.39,0.34
GWETROOT,2015,4,36.875,0.33,0.33,0.33,0.35,0.36,0.35,0.33,0.33,0.33,0.34,0.36,0.36,0.34
GWETROOT,2015,4,37.5,0.37,0.37,0.37,0.39,0.4,0.38,0.37,0.37,0.37,0.38,0.4,0.39,0.38
GWETROOT,2015,4,38.125,0.42,0.42,0.42,0.46,0.51,0.48,0.45,0.45,0.43,0.45,0.49,0.48,0.46
GWETROOT,2015,4,38.75,0.58,0.58,0.58,0.62,0.65,0.62,0.59,0.59,0.58,0.61,0.64,0.61,0.6
GWETROOT,2015,4,39.375,0.58,0.57,0.58,0.61,0.64,0.6,0.59,0.59,0.58,0.62,0.64,0.61,0.6
GWETROOT,2015,4,40,0.45,0.45,0.45,0.49,0.5,0.48,0.46,0.48,0.45,0.49,0.54,0.49,0.48
GWETROOT,2015,4,40.625,0.52,0.51,0.51,0.56,0.56,0.54,0.52,0.54,0.52,0.54,0.61,0.55,0.54
GWETROOT,2015,4,41.25,0.36,0.35,0.35,0.39,0.39,0.37,0.35,0.36,0.35,0.37,0.43,0.4,0.37
GWETROOT,2015,4.5,34.375,0.59,0.58,0.58,0.62,0.62,0.61,0.59,0.59,0.58,0.61,0.66,0.64,0.61
GWETROOT,2015,4.5,35,0.51,0.48,0.48,0.55,0.54,0.55,0.5,0.49,0.48,0.51,0.62,0.66,0.53
GWETROOT,2015,4.5,35.625,0.36,0.33,0.33,0.38,0.4,0.41,0.36,0.33,0.33,0.35,0.45,0.51,0.38
GWETROOT,2015,4.5,36.25,0.34,0.33,0.33,0.36,0.37,0.37,0.34,0.33,0.33,0.34,0.4,0.41,0.35
GWETROOT,2015,4.5,36.875,0.33,0.33,0.33,0.35,0.39,0.39,0.35,0.34,0.33,0.34,0.38,0.37,0.35
GWETROOT,2015,4.5,37.5,0.51,0.51,0.51,0.54,0.56,0.55,0.52,0.52,0.51,0.52,0.54,0.53,0.53
GWETROOT,2015,4.5,38.125,0.57,0.57,0.58,0.61,0.64,0.61,0.59,0.58,0.58,0.6,0.63,0.61,0.6
GWETROOT,2015,4.5,38.75,0.54,0.54,0.55,0.59,0.62,0.58,0.56,0.56,0.54,0.57,0.6,0.58,0.57
GWETROOT,2015,4.5,39.375,0.47,0.46,0.47,0.52,0.54,0.51,0.48,0.49,0.47,0.5,0.53,0.5,0.5
GWETROOT,2015,4.5,40,0.4,0.4,0.41,0.45,0.48,0.44,0.41,0.41,0.4,0.43,0.46,0.43,0.43
GWETROOT,2015,4.5,40.625,0.38,0.37,0.38,0.44,0.46,0.42,0.39,0.4,0.38,0.41,0.47,0.42,0.41
GWETROOT,2015,4.5,41.25,0.35,0.33,0.34,0.39,0.42,0.39,0.35,0.37,0.33,0.37,0.45,0.41,0.38
GWETROOT,2016,-0.5,34.375,0.83,0.67,0.57,0.68,0.81,0.67,0.56,0.53,0.53,0.57,0.64,0.58,0.64
GWETROOT,2016,-0.5,35,0.82,0.71,0.63,0.71,0.86,0.77,0.71,0.65,0.61,0.63,0.66,0.61,0.7
GWETROOT,2016,-0.5,35.625,0.58,0.51,0.48,0.53,0.62,0.57,0.58,0.55,0.52,0.5,0.51,0.47,0.54
GWETROOT,2016,-0.5,36.25,0.56,0.5,0.47,0.51,0.6,0.55,0.55,0.53,0.5,0.48,0.51,0.47,0.52
GWETROOT,2016,-0.5,36.875,0.54,0.48,0.46,0.5,0.58,0.54,0.51,0.49,0.45,0.43,0.49,0.47,0.5
GWETROOT,2016,-0.5,37.5,0.57,0.52,0.51,0.54,0.59,0.55,0.53,0.51,0.49,0.48,0.54,0.53,0.53
GWETROOT,2016,-0.5,38.125,0.5,0.48,0.47,0.5,0.5,0.48,0.47,0.47,0.47,0.47,0.51,0.49,0.48
GWETROOT,2016,-0.5,38.75,0.45,0.44,0.43,0.46,0.46,0.44,0.43,0.43,0.43,0.43,0.47,0.45,0.44
GWETROOT,2016,-0.5,39.375,0.4,0.39,0.39,0.41,0.42,0.4,0.39,0.39,0.39,0.39,0.41,0.39,0.4
GWETROOT,2016,-0.5,40,0.44,0.43,0.43,0.45,0.47,0.44,0.43,0.43,0.43,0.43,0.45,0.44,0.44
GWETROOT,2016,-0.5,40.625,0.46,0.45,0.45,0.47,0.51,0.47,0.46,0.46,0.45,0.45,0.47,0.46,0.46
GWETROOT,2016,-0.5,41.25,0.47,0.47,0.47,0.49,0.52,0.48,0.47,0.47,0.47,0.47,0.48,0.47,0.48
GWETROOT,2016,-1,34.375,0.79,0.67,0.57,0.59,0.62,0.54,0.5,0.48,0.48,0.5,0.52,0.49,0.56
GWETROOT,2016,-1,35,0.8,0.72,0.63,0.68,0.76,0.69,0.62,0.58,0.57,0.58,0.58,0.55,0.65
GWETROOT,2016,-1,35.625,0.59,0.54,0.5,0.58,0.66,0.59,0.55,0.52,0.51,0.51,0.5,0.48,0.54
GWETROOT,2016,-1,36.25,0.47,0.42,0.4,0.44,0.52,0.47,0.45,0.41,0.39,0.39,0.41,0.4,0.43
GWETROOT,2016,-1,36.875,0.55,0.5,0.48,0.5,0.53,0.5,0.48,0.46,0.46,0.46,0.53,0.54,0.5
GWETROOT,2016,-1,37.5,0.54,0.5,0.48,0.5,0.52,0.5,0.48,0.47,0.46,0.46,0.52,0.52,0.5
GWETROOT,2016,-1,38.125,0.49,0.48,0.47,0.49,0.49,0.48,0.47,0.47,0.47,0.47,0.5,0.49,0.48
GWETROOT,2016,-1,38.75,0.47,0.47,0.47,0.49,0.48,0.47,0.47,0.47,0.47,0.47,0.5,0.48,0.48
GWETROOT,2016,-1,39.375,0.46,0.46,0.46,0.48,0.48,0.46,0.46,0.46,0.46,0.46,0.47,0.46,0.46
GWETROOT,2016,-1,40,0.54,0.53,0.53,0.55,0.56,0.54,0.54,0.54,0.53,0.53,0.55,0.54,0.54
GWETROOT,2016,-1,40.625,0.47,0.47,0.47,0.49,0.54,0.49,0.48,0.48,0.47,0.47,0.49,0.47,0.48
GWETROOT,2016,-1,41.25,0.47,0.47,0.47,0.49,0.54,0.49,0.48,0.48,0.47,0.47,0.48,0.47,0.48
GWETROOT,2016,-1.5,34.375,0.75,0.66,0.61,0.65,0.69,0.6,0.57,0.57,0.58,0.59,0.59,0.57,0.62
GWETROOT,2016,-1.5,35,0.75,0.69,0.6,0.66,0.7,0.6,0.56,0.54,0.54,0.56,0.55,0.54,0.61
GWETROOT,2016,-1.5,35.625,0.68,0.64,0.56,0.62,0.68,0.58,0.52,0.48,0.47,0.47,0.51,0.5,0.56
GWETROOT,2016,-1.5,36.25,0.5,0.48,0.44,0.47,0.51,0.45,0.42,0.39,0.39,0.39,0.41,0.4,0.44
GWETROOT,2016,-1.5,36.875,0.66,0.62,0.6,0.62,0.63,0.6,0.59,0.59,0.59,0.59,0.63,0.62,0.61
GWETROOT,2016,-1.5,37.5,0.55,0.5,0.46,0.5,0.52,0.48,0.46,0.45,0.45,0.44,0.51,0.52,0.49
GWETROOT,2016,-1.5,38.125,0.48,0.46,0.44,0.47,0.47,0.45,0.44,0.43,0.42,0.41,0.47,0.47,0.45
GWETROOT,2016,-1.5,38.75,0.48,0.47,0.47,0.49,0.48,0.47,0.47,0.47,0.47,0.47,0.5,0.48,0.48
GWETROOT,2016,-1.5,39.375,0.47,0.47,0.47,0.49,0.49,0.47,0.47,0.47,0.47,0.47,0.49,0.47,0.47
GWETROOT,2016,-1.5,40,0.54,0.53,0.53,0.56,0.58,0.54,0.54,0.54,0.53,0.53,0.55,0.53,0.54
GWETROOT,2016,-1.5,40.625,0.49,0.48,0.48,0.51,0.57,0.52,0.5,0.5,0.49,0.48,0.5,0.48,0.5
GWETROOT,2016,-1.5,41.25,0.47,0.47,0.47,0.49,0.56,0.51,0.49,0.48,0.47,0.47,0.48,0.47,0.49
GWETROOT,2016,-1.80E-13,34.375,0.72,0.61,0.55,0.63,0.72,0.64,0.57,0.53,0.51,0.54,0.56,0.49,0.59
GWETROOT,2016,-1.80E-13,35,0.82,0.73,0.66,0.75,0.88,0.82,0.81,0.79,0.76,0.76,0.74,0.68,0.77
GWETROOT,2016,-1.80E-13,35.625,0.71,0.64,0.59,0.62,0.71,0.68,0.69,0.68,0.64,0.62,0.61,0.57,0.65
GWETROOT,2016,-1.80E-13,36.25,0.59,0.53,0.5,0.54,0.62,0.58,0.59,0.57,0.53,0.51,0.52,0.49,0.55
GWETROOT,2016,-1.80E-13,36.875,0.56,0.51,0.49,0.52,0.6,0.56,0.55,0.53,0.49,0.45,0.49,0.49,0.52
GWETROOT,2016,-1.80E-13,37.5,0.59,0.52,0.5,0.52,0.61,0.55,0.52,0.51,0.47,0.44,0.5,0.51,0.52
GWETROOT,2016,-1.80E-13,38.125,0.47,0.44,0.43,0.45,0.47,0.43,0.42,0.41,0.4,0.4,0.46,0.45,0.44
GWETROOT,2016,-1.80E-13,38.75,0.39,0.37,0.36,0.38,0.39,0.36,0.36,0.35,0.35,0.35,0.39,0.38,0.37
GWETROOT,2016,-1.80E-13,39.375,0.35,0.33,0.33,0.35,0.36,0.34,0.33,0.33,0.33,0.33,0.36,0.35,0.34
GWETROOT,2016,-1.80E-13,40,0.36,0.34,0.34,0.36,0.38,0.35,0.34,0.34,0.34,0.34,0.36,0.36,0.35
GWETROOT,2016,-1.80E-13,40.625,0.39,0.39,0.38,0.4,0.43,0.4,0.39,0.39,0.39,0.38,0.41,0.4,0.4
GWETROOT,2016,-1.80E-13,41.25,0.42,0.41,0.41,0.43,0.46,0.42,0.42,0.42,0.42,0.41,0.44,0.43,0.42
GWETROOT,2016,-2,34.375,0.71,0.66,0.64,0.66,0.68,0.6,0.59,0.59,0.6,0.6,0.61,0.6,0.63
GWETROOT,2016,-2,35,0.73,0.69,0.61,0.66,0.68,0.58,0.55,0.55,0.55,0.55,0.57,0.56,0.61
GWETROOT,2016,-2,35.625,0.66,0.63,0.58,0.62,0.66,0.57,0.52,0.5,0.49,0.5,0.53,0.52,0.56
GWETROOT,2016,-2,36.25,0.46,0.45,0.41,0.44,0.46,0.39,0.37,0.36,0.35,0.36,0.37,0.37,0.4
GWETROOT,2016,-2,36.875,0.67,0.63,0.59,0.65,0.66,0.6,0.58,0.58,0.58,0.59,0.62,0.61,0.61
GWETROOT,2016,-2,37.5,0.58,0.54,0.49,0.55,0.56,0.5,0.48,0.48,0.48,0.48,0.54,0.54,0.52
GWETROOT,2016,-2,38.125,0.47,0.44,0.42,0.45,0.46,0.43,0.41,0.41,0.4,0.39,0.44,0.45,0.43
GWETROOT,2016,-2,38.75,0.49,0.48,0.48,0.51,0.51,0.48,0.48,0.48,0.48,0.48,0.51,0.5,0.49
GWETROOT,2016,-2,39.375,0.51,0.5,0.5,0.53,0.53,0.51,0.5,0.5,0.5,0.5,0.52,0.5,0.51
GWETROOT,2016,-2,40,0.47,0.46,0.46,0.49,0.51,0.48,0.47,0.47,0.46,0.46,0.48,0.46,0.47
GWETROOT,2016,-2,40.625,0.47,0.46,0.46,0.49,0.57,0.52,0.5,0.49,0.47,0.46,0.48,0.46,0.49
GWETROOT,2016,-2,41.25,0.39,0.37,0.37,0.39,0.49,0.45,0.43,0.41,0.39,0.37,0.39,0.37,0.4
GWETROOT,2016,-2.5,34.375,0.64,0.61,0.61,0.61,0.63,0.52,0.49,0.48,0.49,0.49,0.51,0.5,0.55
GWETROOT,2016,-2.5,35,0.66,0.66,0.59,0.63,0.65,0.53,0.48,0.47,0.47,0.47,0.49,0.49,0.55
GWETROOT,2016,-2.5,35.625,0.61,0.63,0.55,0.63,0.62,0.52,0.48,0.47,0.47,0.47,0.48,0.48,0.53
GWETROOT,2016,-2.5,36.25,0.53,0.53,0.49,0.55,0.54,0.48,0.45,0.43,0.43,0.43,0.44,0.44,0.48
GWETROOT,2016,-2.5,36.875,0.69,0.67,0.6,0.67,0.67,0.6,0.58,0.57,0.57,0.57,0.6,0.61,0.62
GWETROOT,2016,-2.5,37.5,0.66,0.63,0.56,0.67,0.68,0.59,0.55,0.54,0.54,0.54,0.57,0.62,0.6
GWETROOT,2016,-2.5,38.125,0.54,0.51,0.49,0.53,0.53,0.49,0.48,0.48,0.48,0.48,0.51,0.52,0.5
GWETROOT,2016,-2.5,38.75,0.53,0.52,0.51,0.56,0.54,0.52,0.51,0.51,0.51,0.51,0.54,0.53,0.52
GWETROOT,2016,-2.5,39.375,0.6,0.6,0.6,0.64,0.65,0.61,0.6,0.6,0.6,0.6,0.61,0.61,0.61
GWETROOT,2016,-2.5,40,0.4,0.39,0.38,0.42,0.45,0.41,0.4,0.39,0.39,0.38,0.4,0.4,0.4
GWETROOT,2016,-2.5,40.625,0.41,0.4,0.39,0.42,0.5,0.46,0.44,0.42,0.4,0.39,0.4,0.4,0.42
GWETROOT,2016,-2.5,41.25,,,,,,,,,,,,,
GWETROOT,2016,-3,34.375,0.63,0.65,0.58,0.61,0.61,0.5,0.46,0.46,0.46,0.46,0.48,0.48,0.53
GWETROOT,2016,-3,35,0.66,0.7,0.59,0.7,0.7,0.56,0.48,0.46,0.46,0.46,0.48,0.49,0.56
GWETROOT,2016,-3,35.625,0.81,0.86,0.74,0.9,0.91,0.78,0.67,0.57,0.5,0.5,0.5,0.56,0.69
GWETROOT,2016,-3,36.25,0.68,0.69,0.61,0.73,0.71,0.62,0.57,0.55,0.55,0.55,0.56,0.56,0.61
GWETROOT,2016,-3,36.875,0.89,0.86,0.73,0.92,0.93,0.85,0.8,0.72,0.67,0.64,0.65,0.87,0.79
GWETROOT,2016,-3,37.5,0.74,0.72,0.62,0.76,0.81,0.71,0.65,0.59,0.54,0.51,0.52,0.63,0.65
GWETROOT,2016,-3,38.125,0.53,0.51,0.48,0.55,0.54,0.51,0.49,0.48,0.48,0.47,0.49,0.52,0.5
GWETROOT,2016,-3,38.75,0.53,0.51,0.51,0.56,0.53,0.51,0.51,0.51,0.51,0.51,0.52,0.54,0.52
GWETROOT,2016,-3,39.375,0.61,0.6,0.6,0.65,0.65,0.62,0.61,0.6,0.6,0.6,0.61,0.62,0.61
GWETROOT,2016,-3,40,0.4,0.38,0.38,0.42,0.45,0.41,0.4,0.39,0.38,0.37,0.38,0.39,0.4
GWETROOT,2016,-3,40.625,0.42,0.39,0.38,0.43,0.51,0.46,0.43,0.41,0.39,0.38,0.38,0.39,0.41
GWETROOT,2016,-3,41.25,,,,,,,,,,,,,
GWETROOT,2016,-3.5,34.375,0.63,0.64,0.55,0.61,0.58,0.48,0.46,0.46,0.46,0.46,0.48,0.49,0.52
GWETROOT,2016,-3.5,35,0.6,0.62,0.54,0.68,0.64,0.53,0.48,0.46,0.46,0.46,0.48,0.49,0.54
GWETROOT,2016,-3.5,35.625,0.58,0.58,0.54,0.67,0.64,0.58,0.53,0.5,0.48,0.48,0.49,0.49,0.55
GWETROOT,2016,-3.5,36.25,0.61,0.61,0.54,0.66,0.61,0.53,0.49,0.48,0.48,0.48,0.49,0.49,0.54
GWETROOT,2016,-3.5,36.875,0.63,0.63,0.54,0.72,0.72,0.6,0.53,0.48,0.46,0.46,0.48,0.51,0.56
GWETROOT,2016,-3.5,37.5,0.53,0.53,0.48,0.57,0.55,0.5,0.48,0.47,0.46,0.46,0.47,0.48,0.5
GWETROOT,2016,-3.5,38.125,0.49,0.48,0.47,0.53,0.51,0.49,0.48,0.48,0.47,0.47,0.48,0.5,0.49
GWETROOT,2016,-3.5,38.75,0.54,0.52,0.51,0.58,0.56,0.53,0.51,0.51,0.51,0.49,0.5,0.53,0.52
GWETROOT,2016,-3.5,39.375,0.59,0.58,0.58,0.64,0.66,0.61,0.6,0.59,0.58,0.58,0.59,0.6,0.6
GWETROOT,2016,-3.5,40,0.49,0.48,0.48,0.53,0.55,0.5,0.49,0.48,0.48,0.47,0.48,0.49,0.49
GWETROOT,2016,-3.5,40.625,0.42,0.4,0.38,0.43,0.53,0.47,0.43,0.41,0.39,0.38,0.38,0.4,0.42
GWETROOT,2016,-3.5,41.25,,,,,,,,,,,,,
GWETROOT,2016,-4,34.375,0.64,0.65,0.55,0.59,0.55,0.48,0.46,0.46,0.46,0.46,0.48,0.49,0.52
GWETROOT,2016,-4,35,0.62,0.64,0.58,0.71,0.64,0.57,0.54,0.52,0.51,0.51,0.53,0.53,0.57
GWETROOT,2016,-4,35.625,0.57,0.57,0.54,0.64,0.59,0.55,0.53,0.51,0.5,0.5,0.5,0.5,0.54
GWETROOT,2016,-4,36.25,0.54,0.55,0.5,0.6,0.55,0.5,0.48,0.47,0.47,0.47,0.47,0.48,0.51
GWETROOT,2016,-4,36.875,0.51,0.53,0.48,0.55,0.52,0.48,0.47,0.46,0.46,0.46,0.47,0.47,0.49
GWETROOT,2016,-4,37.5,0.52,0.52,0.5,0.57,0.53,0.51,0.5,0.49,0.49,0.49,0.5,0.51,0.51
GWETROOT,2016,-4,38.125,0.55,0.55,0.54,0.59,0.57,0.55,0.54,0.54,0.54,0.54,0.55,0.57,0.55
GWETROOT,2016,-4,38.75,0.51,0.5,0.49,0.55,0.54,0.52,0.5,0.5,0.5,0.49,0.5,0.52,0.51
GWETROOT,2016,-4,39.375,0.46,0.45,0.45,0.51,0.53,0.48,0.46,0.46,0.45,0.44,0.45,0.46,0.47
GWETROOT,2016,-4,40,0.43,0.42,0.41,0.49,0.5,0.44,0.42,0.42,0.41,0.4,0.41,0.43,0.43
GWETROOT,2016,-4,40.625,,,,,,,,,,,,,
GWETROOT,2016,-4,41.25,,,,,,,,,,,,,
GWETROOT,2016,-4.5,34.375,0.56,0.56,0.49,0.53,0.47,0.44,0.42,0.41,0.4,0.4,0.42,0.42,0.46
GWETROOT,2016,-4.5,35,0.55,0.56,0.51,0.62,0.55,0.5,0.47,0.45,0.44,0.44,0.44,0.45,0.5
GWETROOT,2016,-4.5,35.625,0.48,0.47,0.45,0.53,0.47,0.45,0.43,0.42,0.41,0.41,0.41,0.42,0.45
GWETROOT,2016,-4.5,36.25,0.54,0.53,0.5,0.6,0.53,0.5,0.48,0.47,0.47,0.47,0.47,0.48,0.5
GWETROOT,2016,-4.5,36.875,0.51,0.51,0.48,0.55,0.51,0.48,0.48,0.47,0.47,0.47,0.47,0.49,0.49
GWETROOT,2016,-4.5,37.5,0.51,0.52,0.48,0.56,0.52,0.5,0.48,0.48,0.47,0.47,0.48,0.49,0.5
GWETROOT,2016,-4.5,38.125,0.63,0.62,0.6,0.68,0.67,0.64,0.62,0.6,0.6,0.59,0.6,0.63,0.62
GWETROOT,2016,-4.5,38.75,0.59,0.58,0.57,0.65,0.64,0.61,0.58,0.58,0.57,0.57,0.57,0.59,0.59
GWETROOT,2016,-4.5,39.375,0.43,0.42,0.42,0.5,0.51,0.45,0.44,0.43,0.42,0.41,0.41,0.43,0.44
GWETROOT,2016,-4.5,40,0.42,0.43,0.4,0.48,0.51,0.44,0.42,0.41,0.4,0.39,0.38,0.4,0.42
GWETROOT,2016,-4.5,40.625,,,,,,,,,,,,,
GWETROOT,2016,-4.5,41.25,,,,,,,,,,,,,
GWETROOT,2016,0.5,34.375,0.66,0.57,0.52,0.59,0.65,0.59,0.59,0.55,0.56,0.58,0.52,0.45,0.57
GWETROOT,2016,0.5,35,0.74,0.65,0.57,0.65,0.78,0.76,0.83,0.85,0.83,0.81,0.75,0.67,0.74
GWETROOT,2016,0.5,35.625,0.57,0.51,0.47,0.56,0.69,0.65,0.68,0.67,0.6,0.55,0.52,0.48,0.58
GWETROOT,2016,0.5,36.25,0.49,0.44,0.43,0.46,0.54,0.5,0.53,0.51,0.46,0.43,0.44,0.42,0.47
GWETROOT,2016,0.5,36.875,0.57,0.53,0.52,0.53,0.58,0.54,0.54,0.52,0.51,0.49,0.52,0.53,0.53
GWETROOT,2016,0.5,37.5,0.47,0.41,0.39,0.39,0.46,0.41,0.39,0.37,0.35,0.35,0.4,0.41,0.4
GWETROOT,2016,0.5,38.125,0.41,0.38,0.35,0.37,0.41,0.37,0.34,0.34,0.33,0.33,0.39,0.39,0.37
GWETROOT,2016,0.5,38.75,0.4,0.36,0.34,0.36,0.38,0.35,0.33,0.33,0.33,0.33,0.37,0.37,0.35
GWETROOT,2016,0.5,39.375,0.39,0.36,0.35,0.37,0.39,0.36,0.35,0.35,0.35,0.35,0.38,0.38,0.37
GWETROOT,2016,0.5,40,0.35,0.33,0.33,0.36,0.39,0.35,0.33,0.33,0.33,0.33,0.37,0.37,0.35
GWETROOT,2016,0.5,40.625,0.35,0.34,0.34,0.37,0.39,0.36,0.35,0.34,0.34,0.34,0.38,0.38,0.36
GWETROOT,2016,0.5,41.25,0.37,0.36,0.36,0.38,0.4,0.38,0.37,0.37,0.36,0.36,0.4,0.39,0.38
GWETROOT,2016,1,34.375,0.73,0.64,0.58,0.67,0.72,0.68,0.67,0.63,0.61,0.61,0.59,0.53,0.64
GWETROOT,2016,1,35,0.67,0.58,0.53,0.61,0.8,0.78,0.89,0.89,0.84,0.79,0.7,0.62,0.73
GWETROOT,2016,1,35.625,0.39,0.37,0.36,0.38,0.43,0.41,0.45,0.43,0.39,0.37,0.37,0.36,0.39
GWETROOT,2016,1,36.25,0.42,0.38,0.36,0.41,0.49,0.44,0.48,0.45,0.4,0.38,0.38,0.37,0.41
GWETROOT,2016,1,36.875,0.42,0.39,0.37,0.36,0.38,0.37,0.39,0.38,0.35,0.34,0.36,0.37,0.37
GWETROOT,2016,1,37.5,0.42,0.38,0.36,0.36,0.4,0.37,0.35,0.34,0.33,0.33,0.38,0.39,0.37
GWETROOT,2016,1,38.125,0.37,0.35,0.34,0.35,0.36,0.34,0.33,0.33,0.33,0.33,0.36,0.36,0.35
GWETROOT,2016,1,38.75,0.38,0.36,0.35,0.36,0.37,0.35,0.35,0.35,0.35,0.35,0.38,0.37,0.36
GWETROOT,2016,1,39.375,0.38,0.36,0.36,0.38,0.39,0.36,0.36,0.36,0.36,0.36,0.39,0.39,0.37
GWETROOT,2016,1,40,0.34,0.33,0.33,0.36,0.39,0.34,0.33,0.33,0.33,0.33,0.37,0.39,0.35
GWETROOT,2016,1,40.625,0.36,0.35,0.35,0.38,0.42,0.37,0.36,0.36,0.35,0.35,0.39,0.42,0.37
GWETROOT,2016,1,41.25,0.42,0.42,0.42,0.44,0.46,0.43,0.42,0.42,0.42,0.42,0.45,0.46,0.43
GWETROOT,2016,1.5,34.375,0.51,0.48,0.47,0.54,0.56,0.55,0.56,0.55,0.53,0.54,0.51,0.48,0.52
GWETROOT,2016,1.5,35,0.49,0.44,0.42,0.5,0.66,0.59,0.64,0.65,0.58,0.54,0.5,0.45,0.54
GWETROOT,2016,1.5,35.625,0.37,0.34,0.33,0.36,0.43,0.39,0.4,0.39,0.35,0.33,0.34,0.33,0.36
GWETROOT,2016,1.5,36.25,0.38,0.36,0.36,0.38,0.41,0.39,0.4,0.39,0.37,0.36,0.36,0.36,0.38
GWETROOT,2016,1.5,36.875,0.37,0.35,0.34,0.35,0.36,0.34,0.34,0.33,0.33,0.33,0.35,0.37,0.35
GWETROOT,2016,1.5,37.5,0.36,0.34,0.33,0.34,0.35,0.34,0.33,0.33,0.33,0.33,0.35,0.36,0.34
GWETROOT,2016,1.5,38.125,0.36,0.35,0.34,0.35,0.36,0.34,0.34,0.34,0.34,0.34,0.37,0.37,0.35
GWETROOT,2016,1.5,38.75,0.46,0.45,0.45,0.46,0.46,0.45,0.45,0.45,0.45,0.45,0.48,0.47,0.46
GWETROOT,2016,1.5,39.375,0.38,0.36,0.37,0.38,0.4,0.36,0.36,0.36,0.35,0.35,0.4,0.43,0.38
GWETROOT,2016,1.5,40,0.39,0.37,0.38,0.39,0.41,0.37,0.37,0.37,0.37,0.37,0.41,0.43,0.39
GWETROOT,2016,1.5,40.625,0.42,0.42,0.43,0.44,0.49,0.43,0.42,0.42,0.41,0.41,0.46,0.51,0.44
GWETROOT,2016,1.5,41.25,0.34,0.33,0.34,0.36,0.42,0.37,0.34,0.34,0.33,0.33,0.38,0.42,0.36
GWETROOT,2016,2,34.375,0.47,0.46,0.46,0.5,0.54,0.52,0.53,0.54,0.5,0.5,0.48,0.47,0.5
GWETROOT,2016,2,35,0.42,0.4,0.4,0.44,0.56,0.5,0.51,0.51,0.45,0.43,0.42,0.4,0.45
GWETROOT,2016,2,35.625,0.33,0.33,0.33,0.34,0.37,0.35,0.35,0.35,0.33,0.33,0.33,0.33,0.34
GWETROOT,2016,2,36.25,0.37,0.37,0.37,0.38,0.39,0.38,0.38,0.37,0.37,0.37,0.37,0.37,0.37
GWETROOT,2016,2,36.875,0.37,0.36,0.36,0.36,0.37,0.36,0.36,0.35,0.35,0.35,0.37,0.37,0.36
GWETROOT,2016,2,37.5,0.35,0.33,0.33,0.34,0.35,0.33,0.33,0.33,0.33,0.33,0.35,0.36,0.34
GWETROOT,2016,2,38.125,0.4,0.39,0.39,0.4,0.4,0.39,0.39,0.38,0.38,0.38,0.42,0.42,0.4
GWETROOT,2016,2,38.75,0.4,0.39,0.39,0.4,0.4,0.39,0.38,0.38,0.38,0.38,0.41,0.42,0.39
GWETROOT,2016,2,39.375,0.36,0.34,0.35,0.36,0.39,0.34,0.33,0.33,0.33,0.33,0.38,0.44,0.36
GWETROOT,2016,2,40,0.4,0.38,0.38,0.4,0.44,0.39,0.37,0.37,0.37,0.37,0.43,0.49,0.4
GWETROOT,2016,2,40.625,0.56,0.56,0.57,0.59,0.64,0.57,0.56,0.56,0.56,0.56,0.61,0.66,0.58
GWETROOT,2016,2,41.25,0.42,0.42,0.43,0.44,0.51,0.44,0.42,0.41,0.41,0.4,0.46,0.53,0.44
GWETROOT,2016,2.5,34.375,0.43,0.42,0.42,0.44,0.53,0.47,0.48,0.49,0.45,0.46,0.44,0.43,0.46
GWETROOT,2016,2.5,35,0.38,0.37,0.37,0.4,0.52,0.46,0.46,0.46,0.41,0.39,0.38,0.37,0.41
GWETROOT,2016,2.5,35.625,0.33,0.33,0.33,0.34,0.38,0.34,0.34,0.34,0.33,0.33,0.33,0.33,0.34
GWETROOT,2016,2.5,36.25,0.36,0.36,0.36,0.36,0.37,0.36,0.36,0.36,0.35,0.35,0.36,0.36,0.36
GWETROOT,2016,2.5,36.875,0.35,0.35,0.35,0.35,0.36,0.35,0.35,0.35,0.35,0.35,0.35,0.35,0.35
GWETROOT,2016,2.5,37.5,0.38,0.37,0.37,0.38,0.38,0.37,0.37,0.37,0.37,0.37,0.38,0.39,0.38
GWETROOT,2016,2.5,38.125,0.38,0.36,0.36,0.37,0.38,0.36,0.36,0.36,0.36,0.36,0.39,0.4,0.37
GWETROOT,2016,2.5,38.75,0.38,0.36,0.36,0.37,0.38,0.36,0.36,0.36,0.36,0.36,0.39,0.4,0.37
GWETROOT,2016,2.5,39.375,0.37,0.34,0.34,0.36,0.39,0.35,0.34,0.34,0.33,0.34,0.38,0.42,0.36
GWETROOT,2016,2.5,40,0.41,0.38,0.38,0.41,0.44,0.39,0.38,0.38,0.37,0.37,0.42,0.48,0.4
GWETROOT,2016,2.5,40.625,0.48,0.48,0.48,0.51,0.56,0.49,0.48,0.47,0.47,0.46,0.5,0.56,0.5
GWETROOT,2016,2.5,41.25,0.28,0.26,0.27,0.29,0.33,0.29,0.27,0.26,0.25,0.24,0.27,0.32,0.28
GWETROOT,2016,3,34.375,0.46,0.45,0.45,0.47,0.6,0.54,0.54,0.54,0.52,0.53,0.48,0.45,0.5
GWETROOT,2016,3,35,0.36,0.33,0.33,0.36,0.49,0.41,0.41,0.4,0.36,0.36,0.34,0.33,0.37
GWETROOT,2016,3,35.625,0.33,0.33,0.33,0.33,0.35,0.34,0.33,0.33,0.33,0.33,0.33,0.33,0.33
GWETROOT,2016,3,36.25,0.33,0.33,0.33,0.34,0.35,0.34,0.33,0.33,0.33,0.33,0.33,0.33,0.33
GWETROOT,2016,3,36.875,0.33,0.33,0.33,0.34,0.34,0.33,0.33,0.33,0.33,0.33,0.33,0.33,0.33
GWETROOT,2016,3,37.5,0.3,0.3,0.3,0.31,0.31,0.3,0.3,0.3,0.3,0.3,0.3,0.31,0.3
GWETROOT,2016,3,38.125,0.35,0.34,0.34,0.35,0.35,0.34,0.34,0.34,0.34,0.34,0.36,0.37,0.35
GWETROOT,2016,3,38.75,0.4,0.39,0.39,0.41,0.41,0.39,0.39,0.39,0.39,0.39,0.42,0.42,0.4
GWETROOT,2016,3,39.375,0.35,0.33,0.33,0.36,0.38,0.34,0.33,0.33,0.33,0.33,0.36,0.38,0.35
GWETROOT,2016,3,40,0.39,0.37,0.37,0.41,0.43,0.38,0.37,0.37,0.37,0.37,0.4,0.44,0.39
GWETROOT,2016,3,40.625,0.4,0.38,0.38,0.41,0.46,0.41,0.39,0.38,0.37,0.37,0.39,0.44,0.4
GWETROOT,2016,3,41.25,0.31,0.3,0.3,0.32,0.35,0.31,0.3,0.3,0.29,0.29,0.3,0.32,0.31
GWETROOT,2016,3.5,34.375,0.43,0.36,0.35,0.38,0.56,0.48,0.52,0.52,0.46,0.46,0.41,0.36,0.44
GWETROOT,2016,3.5,35,0.4,0.34,0.34,0.38,0.47,0.4,0.4,0.39,0.35,0.35,0.34,0.33,0.37
GWETROOT,2016,3.5,35.625,0.33,0.33,0.34,0.35,0.38,0.34,0.33,0.33,0.33,0.33,0.33,0.33,0.34
GWETROOT,2016,3.5,36.25,0.33,0.33,0.34,0.36,0.37,0.34,0.33,0.33,0.33,0.33,0.33,0.34,0.34
GWETROOT,2016,3.5,36.875,0.33,0.33,0.33,0.35,0.35,0.33,0.33,0.33,0.33,0.33,0.34,0.37,0.34
GWETROOT,2016,3.5,37.5,0.37,0.37,0.37,0.39,0.39,0.38,0.37,0.37,0.37,0.37,0.38,0.4,0.38
GWETROOT,2016,3.5,38.125,0.34,0.33,0.34,0.36,0.38,0.34,0.33,0.33,0.33,0.33,0.35,0.39,0.35
GWETROOT,2016,3.5,38.75,0.36,0.35,0.35,0.39,0.41,0.37,0.36,0.35,0.35,0.35,0.37,0.38,0.37
GWETROOT,2016,3.5,39.375,0.39,0.38,0.38,0.44,0.46,0.41,0.39,0.38,0.38,0.38,0.41,0.42,0.4
GWETROOT,2016,3.5,40,0.39,0.38,0.39,0.43,0.46,0.4,0.38,0.38,0.38,0.38,0.41,0.43,0.4
GWETROOT,2016,3.5,40.625,0.52,0.51,0.52,0.56,0.59,0.53,0.52,0.52,0.51,0.51,0.53,0.55,0.53
GWETROOT,2016,3.5,41.25,0.36,0.34,0.34,0.37,0.4,0.36,0.35,0.34,0.34,0.33,0.35,0.37,0.35
GWETROOT,2016,4,34.375,0.55,0.48,0.46,0.51,0.58,0.53,0.57,0.57,0.51,0.52,0.5,0.47,0.52
GWETROOT,2016,4,35,0.49,0.43,0.45,0.53,0.56,0.48,0.48,0.45,0.43,0.43,0.43,0.42,0.47
GWETROOT,2016,4,35.625,0.37,0.33,0.37,0.44,0.49,0.4,0.37,0.34,0.33,0.34,0.33,0.33,0.37
GWETROOT,2016,4,36.25,0.34,0.33,0.35,0.4,0.43,0.37,0.34,0.33,0.33,0.33,0.33,0.34,0.35
GWETROOT,2016,4,36.875,0.33,0.33,0.34,0.37,0.41,0.36,0.34,0.33,0.33,0.33,0.34,0.37,0.35
GWETROOT,2016,4,37.5,0.37,0.37,0.38,0.4,0.43,0.39,0.38,0.37,0.37,0.37,0.38,0.4,0.38
GWETROOT,2016,4,38.125,0.44,0.42,0.43,0.48,0.52,0.46,0.44,0.43,0.42,0.43,0.44,0.46,0.45
GWETROOT,2016,4,38.75,0.59,0.58,0.59,0.64,0.67,0.6,0.59,0.59,0.59,0.59,0.6,0.61,0.6
GWETROOT,2016,4,39.375,0.58,0.58,0.58,0.64,0.66,0.59,0.58,0.58,0.58,0.59,0.6,0.61,0.6
GWETROOT,2016,4,40,0.46,0.45,0.46,0.51,0.55,0.48,0.46,0.46,0.46,0.46,0.47,0.48,0.48
GWETROOT,2016,4,40.625,0.52,0.51,0.52,0.57,0.61,0.54,0.52,0.52,0.52,0.52,0.54,0.56,0.54
GWETROOT,2016,4,41.25,0.36,0.35,0.36,0.41,0.44,0.38,0.36,0.35,0.35,0.36,0.37,0.38,0.37
GWETROOT,2016,4.5,34.375,0.6,0.58,0.59,0.63,0.62,0.61,0.61,0.61,0.59,0.6,0.59,0.58,0.6
GWETROOT,2016,4.5,35,0.54,0.49,0.52,0.65,0.65,0.55,0.53,0.5,0.48,0.49,0.49,0.48,0.53
GWETROOT,2016,4.5,35.625,0.4,0.34,0.4,0.56,0.59,0.45,0.39,0.34,0.33,0.34,0.34,0.33,0.4
GWETROOT,2016,4.5,36.25,0.34,0.33,0.38,0.46,0.52,0.42,0.37,0.33,0.33,0.34,0.34,0.34,0.38
GWETROOT,2016,4.5,36.875,0.33,0.33,0.36,0.41,0.5,0.42,0.39,0.35,0.33,0.34,0.34,0.35,0.37
GWETROOT,2016,4.5,37.5,0.51,0.51,0.53,0.57,0.61,0.54,0.52,0.51,0.51,0.52,0.52,0.53,0.53
GWETROOT,2016,4.5,38.125,0.58,0.57,0.59,0.65,0.69,0.62,0.59,0.58,0.58,0.59,0.59,0.6,0.6
GWETROOT,2016,4.5,38.75,0.55,0.54,0.56,0.62,0.66,0.58,0.55,0.55,0.55,0.56,0.56,0.57,0.57
GWETROOT,2016,4.5,39.375,0.47,0.47,0.47,0.54,0.58,0.51,0.48,0.47,0.47,0.48,0.49,0.5,0.49
GWETROOT,2016,4.5,40,0.41,0.4,0.4,0.47,0.53,0.45,0.41,0.41,0.4,0.42,0.42,0.43,0.43
GWETROOT,2016,4.5,40.625,0.38,0.37,0.38,0.45,0.49,0.42,0.38,0.38,0.38,0.39,0.4,0.42,0.4
GWETROOT,2016,4.5,41.25,0.36,0.33,0.34,0.42,0.47,0.39,0.36,0.34,0.33,0.34,0.36,0.39,0.37
GWETROOT,2017,-0.5,34.375,0.5,0.53,0.61,0.7,0.87,0.78,0.65,0.56,0.57,0.58,0.75,0.68,0.65
GWETROOT,2017,-0.5,35,0.51,0.52,0.55,0.63,0.77,0.74,0.68,0.64,0.67,0.7,0.85,0.78,0.67
GWETROOT,2017,-0.5,35.625,0.43,0.42,0.41,0.45,0.51,0.46,0.49,0.5,0.55,0.54,0.59,0.53,0.49
GWETROOT,2017,-0.5,36.25,0.41,0.4,0.39,0.43,0.49,0.44,0.47,0.47,0.51,0.51,0.57,0.52,0.47
GWETROOT,2017,-0.5,36.875,0.42,0.41,0.39,0.43,0.5,0.46,0.45,0.46,0.47,0.5,0.57,0.52,0.47
GWETROOT,2017,-0.5,37.5,0.48,0.47,0.46,0.49,0.55,0.51,0.5,0.51,0.51,0.53,0.59,0.54,0.51
GWETROOT,2017,-0.5,38.125,0.47,0.47,0.47,0.48,0.49,0.47,0.47,0.47,0.47,0.48,0.52,0.48,0.48
GWETROOT,2017,-0.5,38.75,0.43,0.44,0.43,0.44,0.45,0.43,0.43,0.43,0.43,0.44,0.48,0.44,0.44
GWETROOT,2017,-0.5,39.375,0.39,0.39,0.39,0.4,0.43,0.41,0.39,0.39,0.39,0.39,0.44,0.39,0.4
GWETROOT,2017,-0.5,40,0.43,0.43,0.43,0.44,0.48,0.46,0.44,0.44,0.43,0.43,0.48,0.44,0.44
GWETROOT,2017,-0.5,40.625,0.45,0.45,0.45,0.47,0.55,0.54,0.49,0.47,0.46,0.46,0.48,0.46,0.48
GWETROOT,2017,-0.5,41.25,0.47,0.47,0.46,0.49,0.56,0.55,0.49,0.48,0.47,0.47,0.49,0.47,0.49
GWETROOT,2017,-1,34.375,0.47,0.49,0.55,0.59,0.63,0.6,0.53,0.49,0.51,0.52,0.61,0.61,0.55
GWETROOT,2017,-1,35,0.51,0.52,0.54,0.58,0.61,0.61,0.59,0.57,0.59,0.6,0.66,0.64,0.59
GWETROOT,2017,-1,35.625,0.46,0.46,0.47,0.48,0.51,0.49,0.51,0.51,0.54,0.53,0.56,0.52,0.5
GWETROOT,2017,-1,36.25,0.36,0.35,0.34,0.35,0.43,0.4,0.41,0.41,0.43,0.43,0.45,0.41,0.4
GWETROOT,2017,-1,36.875,0.47,0.46,0.46,0.47,0.53,0.48,0.46,0.46,0.46,0.47,0.53,0.5,0.48
GWETROOT,2017,-1,37.5,0.48,0.47,0.47,0.48,0.52,0.48,0.47,0.47,0.47,0.48,0.53,0.5,0.49
GWETROOT,2017,-1,38.125,0.47,0.47,0.47,0.48,0.49,0.47,0.47,0.47,0.47,0.48,0.5,0.48,0.48
GWETROOT,2017,-1,38.75,0.47,0.47,0.47,0.48,0.49,0.47,0.47,0.47,0.47,0.48,0.5,0.47,0.48
GWETROOT,2017,-1,39.375,0.46,0.46,0.46,0.47,0.49,0.47,0.46,0.47,0.46,0.46,0.49,0.46,0.47
GWETROOT,2017,-1,40,0.53,0.53,0.53,0.55,0.58,0.55,0.54,0.54,0.54,0.54,0.57,0.53,0.54
GWETROOT,2017,-1,40.625,0.47,0.47,0.47,0.49,0.57,0.57,0.51,0.49,0.48,0.47,0.5,0.47,0.5
GWETROOT,2017,-1,41.25,0.47,0.47,0.46,0.49,0.57,0.57,0.52,0.5,0.48,0.47,0.49,0.47,0.5
GWETROOT,2017,-1.5,34.375,0.57,0.6,0.71,0.68,0.67,0.62,0.58,0.57,0.59,0.59,0.64,0.67,0.62
GWETROOT,2017,-1.5,35,0.54,0.56,0.61,0.59,0.61,0.59,0.55,0.54,0.56,0.56,0.6,0.6,0.58
GWETROOT,2017,-1.5,35.625,0.47,0.48,0.48,0.51,0.59,0.54,0.5,0.49,0.49,0.5,0.57,0.53,0.51
GWETROOT,2017,-1.5,36.25,0.38,0.39,0.39,0.39,0.47,0.42,0.4,0.4,0.4,0.4,0.43,0.4,0.41
GWETROOT,2017,-1.5,36.875,0.59,0.59,0.59,0.6,0.65,0.6,0.59,0.59,0.59,0.59,0.62,0.6,0.6
GWETROOT,2017,-1.5,37.5,0.46,0.45,0.45,0.47,0.54,0.49,0.46,0.46,0.45,0.46,0.53,0.5,0.48
GWETROOT,2017,-1.5,38.125,0.44,0.44,0.42,0.44,0.49,0.45,0.44,0.43,0.43,0.43,0.49,0.47,0.45
GWETROOT,2017,-1.5,38.75,0.47,0.47,0.47,0.48,0.5,0.47,0.47,0.47,0.47,0.48,0.51,0.48,0.48
GWETROOT,2017,-1.5,39.375,0.47,0.47,0.47,0.48,0.5,0.48,0.47,0.47,0.47,0.47,0.51,0.47,0.48
GWETROOT,2017,-1.5,40,0.53,0.53,0.53,0.56,0.61,0.58,0.54,0.54,0.54,0.54,0.57,0.53,0.55
GWETROOT,2017,-1.5,40.625,0.48,0.48,0.48,0.51,0.6,0.6,0.54,0.53,0.5,0.49,0.51,0.48,0.52
GWETROOT,2017,-1.5,41.25,0.46,0.46,0.46,0.49,0.59,0.6,0.54,0.51,0.48,0.47,0.49,0.47,0.5
GWETROOT,2017,-1.80E-13,34.375,0.41,0.47,0.5,0.55,0.73,0.67,0.6,0.55,0.59,0.6,0.7,0.61,0.58
GWETROOT,2017,-1.80E-13,35,0.58,0.58,0.58,0.62,0.78,0.75,0.75,0.77,0.84,0.86,0.92,0.81,0.74
GWETROOT,2017,-1.80E-13,35.625,0.5,0.49,0.47,0.5,0.61,0.57,0.6,0.62,0.68,0.68,0.76,0.72,0.6
GWETROOT,2017,-1.80E-13,36.25,0.45,0.45,0.44,0.48,0.56,0.51,0.54,0.55,0.59,0.58,0.63,0.57,0.53
GWETROOT,2017,-1.80E-13,36.875,0.43,0.41,0.39,0.42,0.52,0.48,0.48,0.49,0.52,0.53,0.6,0.56,0.49
GWETROOT,2017,-1.80E-13,37.5,0.45,0.43,0.42,0.45,0.56,0.51,0.49,0.5,0.52,0.54,0.64,0.59,0.51
GWETROOT,2017,-1.80E-13,38.125,0.42,0.42,0.4,0.42,0.44,0.42,0.41,0.41,0.41,0.42,0.49,0.45,0.43
GWETROOT,2017,-1.80E-13,38.75,0.36,0.36,0.35,0.36,0.38,0.36,0.35,0.35,0.35,0.36,0.42,0.38,0.36
GWETROOT,2017,-1.80E-13,39.375,0.33,0.33,0.33,0.34,0.37,0.35,0.33,0.33,0.33,0.34,0.41,0.36,0.35
GWETROOT,2017,-1.80E-13,40,0.34,0.34,0.34,0.35,0.4,0.38,0.35,0.35,0.34,0.34,0.43,0.37,0.36
GWETROOT,2017,-1.80E-13,40.625,0.39,0.39,0.38,0.4,0.46,0.45,0.42,0.4,0.39,0.39,0.44,0.4,0.41
GWETROOT,2017,-1.80E-13,41.25,0.41,0.42,0.41,0.44,0.5,0.47,0.43,0.43,0.42,0.42,0.47,0.42,0.44
GWETROOT,2017,-2,34.375,0.6,0.63,0.73,0.67,0.65,0.61,0.6,0.6,0.6,0.61,0.64,0.67,0.63
GWETROOT,2017,-2,35,0.55,0.59,0.66,0.62,0.64,0.58,0.55,0.55,0.56,0.57,0.62,0.61,0.59
GWETROOT,2017,-2,35.625,0.5,0.51,0.51,0.53,0.64,0.57,0.52,0.51,0.5,0.51,0.58,0.56,0.54
GWETROOT,2017,-2,36.25,0.35,0.37,0.36,0.37,0.46,0.4,0.37,0.36,0.36,0.36,0.4,0.39,0.38
GWETROOT,2017,-2,36.875,0.58,0.59,0.59,0.61,0.69,0.62,0.59,0.59,0.59,0.59,0.64,0.62,0.61
GWETROOT,2017,-2,37.5,0.49,0.49,0.48,0.52,0.6,0.53,0.49,0.49,0.49,0.49,0.55,0.54,0.51
GWETROOT,2017,-2,38.125,0.41,0.41,0.4,0.43,0.47,0.44,0.42,0.41,0.41,0.41,0.47,0.46,0.43
GWETROOT,2017,-2,38.75,0.48,0.48,0.48,0.5,0.52,0.49,0.48,0.49,0.49,0.49,0.54,0.5,0.5
GWETROOT,2017,-2,39.375,0.5,0.5,0.5,0.52,0.55,0.52,0.5,0.51,0.5,0.5,0.55,0.51,0.51
GWETROOT,2017,-2,40,0.46,0.46,0.46,0.49,0.54,0.51,0.48,0.48,0.47,0.47,0.5,0.47,0.48
GWETROOT,2017,-2,40.625,0.46,0.46,0.46,0.49,0.6,0.61,0.55,0.52,0.49,0.48,0.5,0.47,0.51
GWETROOT,2017,-2,41.25,0.37,0.37,0.37,0.4,0.53,0.57,0.49,0.45,0.42,0.4,0.41,0.38,0.43
GWETROOT,2017,-2.5,34.375,0.49,0.54,0.61,0.58,0.56,0.51,0.49,0.49,0.49,0.52,0.59,0.62,0.54
GWETROOT,2017,-2.5,35,0.47,0.53,0.58,0.55,0.59,0.52,0.48,0.47,0.47,0.5,0.57,0.61,0.53
GWETROOT,2017,-2.5,35.625,0.47,0.48,0.48,0.49,0.62,0.54,0.48,0.47,0.47,0.48,0.55,0.58,0.51
GWETROOT,2017,-2.5,36.25,0.43,0.45,0.44,0.45,0.54,0.48,0.45,0.44,0.43,0.44,0.5,0.51,0.46
GWETROOT,2017,-2.5,36.875,0.58,0.58,0.58,0.61,0.69,0.62,0.58,0.58,0.58,0.58,0.65,0.66,0.61
GWETROOT,2017,-2.5,37.5,0.56,0.55,0.54,0.6,0.74,0.63,0.56,0.56,0.55,0.55,0.68,0.71,0.6
GWETROOT,2017,-2.5,38.125,0.49,0.49,0.48,0.52,0.57,0.52,0.49,0.49,0.48,0.48,0.57,0.57,0.51
GWETROOT,2017,-2.5,38.75,0.51,0.52,0.51,0.54,0.58,0.52,0.52,0.52,0.52,0.52,0.59,0.56,0.53
GWETROOT,2017,-2.5,39.375,0.6,0.6,0.6,0.62,0.68,0.64,0.61,0.61,0.6,0.6,0.66,0.62,0.62
GWETROOT,2017,-2.5,40,0.38,0.38,0.38,0.41,0.49,0.46,0.42,0.42,0.4,0.39,0.44,0.41,0.42
GWETROOT,2017,-2.5,40.625,0.39,0.39,0.39,0.42,0.54,0.56,0.48,0.46,0.43,0.41,0.44,0.41,0.44
GWETROOT,2017,-2.5,41.25,,,,,,,,,,,,,
GWETROOT,2017,-3,34.375,0.47,0.49,0.55,0.52,0.52,0.47,0.46,0.46,0.46,0.47,0.6,0.62,0.51
GWETROOT,2017,-3,35,0.47,0.53,0.57,0.54,0.59,0.51,0.47,0.46,0.46,0.48,0.61,0.66,0.53
GWETROOT,2017,-3,35.625,0.55,0.6,0.65,0.65,0.86,0.75,0.62,0.58,0.55,0.55,0.72,0.82,0.66
GWETROOT,2017,-3,36.25,0.56,0.57,0.58,0.59,0.66,0.6,0.56,0.56,0.56,0.56,0.64,0.7,0.6
GWETROOT,2017,-3,36.875,0.78,0.77,0.74,0.79,0.95,0.89,0.78,0.83,0.76,0.73,0.93,0.93,0.82
GWETROOT,2017,-3,37.5,0.58,0.57,0.56,0.59,0.81,0.75,0.65,0.64,0.59,0.55,0.74,0.86,0.66
GWETROOT,2017,-3,38.125,0.49,0.49,0.48,0.51,0.61,0.55,0.51,0.5,0.49,0.49,0.57,0.6,0.52
GWETROOT,2017,-3,38.75,0.51,0.51,0.51,0.54,0.6,0.53,0.51,0.51,0.51,0.51,0.58,0.57,0.53
GWETROOT,2017,-3,39.375,0.6,0.6,0.6,0.62,0.72,0.66,0.62,0.62,0.61,0.6,0.66,0.64,0.63
GWETROOT,2017,-3,40,0.37,0.38,0.37,0.4,0.52,0.47,0.42,0.42,0.4,0.39,0.44,0.42,0.42
GWETROOT,2017,-3,40.625,0.37,0.38,0.37,0.4,0.57,0.57,0.48,0.45,0.43,0.41,0.45,0.43,0.44
GWETROOT,2017,-3,41.25,,,,,,,,,,,,,
GWETROOT,2017,-3.5,34.375,0.47,0.5,0.58,0.53,0.51,0.47,0.46,0.46,0.46,0.47,0.57,0.62,0.51
GWETROOT,2017,-3.5,35,0.47,0.51,0.54,0.52,0.55,0.5,0.47,0.46,0.46,0.47,0.55,0.57,0.51
GWETROOT,2017,-3.5,35.625,0.49,0.51,0.53,0.53,0.6,0.55,0.51,0.5,0.48,0.48,0.56,0.59,0.53
GWETROOT,2017,-3.5,36.25,0.5,0.51,0.52,0.52,0.59,0.52,0.49,0.49,0.48,0.49,0.56,0.61,0.52
GWETROOT,2017,-3.5,36.875,0.5,0.51,0.53,0.53,0.7,0.61,0.53,0.52,0.49,0.47,0.59,0.67,0.55
GWETROOT,2017,-3.5,37.5,0.47,0.47,0.47,0.49,0.56,0.52,0.48,0.48,0.47,0.47,0.51,0.53,0.49
GWETROOT,2017,-3.5,38.125,0.47,0.48,0.47,0.5,0.59,0.52,0.49,0.49,0.48,0.48,0.52,0.54,0.5
GWETROOT,2017,-3.5,38.75,0.49,0.49,0.49,0.53,0.64,0.56,0.53,0.54,0.52,0.52,0.58,0.59,0.54
GWETROOT,2017,-3.5,39.375,0.58,0.58,0.58,0.61,0.74,0.69,0.62,0.62,0.6,0.59,0.64,0.62,0.62
GWETROOT,2017,-3.5,40,0.47,0.47,0.47,0.5,0.63,0.56,0.51,0.51,0.5,0.49,0.54,0.52,0.51
GWETROOT,2017,-3.5,40.625,0.38,0.38,0.37,0.41,0.6,0.6,0.5,0.46,0.43,0.41,0.46,0.44,0.45
GWETROOT,2017,-3.5,41.25,,,,,,,,,,,,,
GWETROOT,2017,-4,34.375,0.48,0.5,0.57,0.52,0.5,0.46,0.46,0.46,0.46,0.47,0.55,0.62,0.5
GWETROOT,2017,-4,35,0.52,0.56,0.58,0.56,0.57,0.53,0.51,0.51,0.51,0.51,0.56,0.58,0.54
GWETROOT,2017,-4,35.625,0.5,0.53,0.54,0.53,0.56,0.53,0.51,0.5,0.5,0.49,0.53,0.54,0.52
GWETROOT,2017,-4,36.25,0.48,0.51,0.51,0.5,0.54,0.49,0.47,0.47,0.47,0.47,0.51,0.51,0.49
GWETROOT,2017,-4,36.875,0.47,0.49,0.49,0.48,0.53,0.49,0.47,0.47,0.46,0.47,0.5,0.49,0.48
GWETROOT,2017,-4,37.5,0.49,0.51,0.5,0.52,0.57,0.52,0.5,0.5,0.49,0.5,0.53,0.53,0.51
GWETROOT,2017,-4,38.125,0.54,0.55,0.54,0.57,0.62,0.57,0.55,0.55,0.55,0.55,0.58,0.58,0.56
GWETROOT,2017,-4,38.75,0.49,0.5,0.49,0.53,0.61,0.55,0.52,0.53,0.51,0.51,0.55,0.54,0.53
GWETROOT,2017,-4,39.375,0.44,0.45,0.44,0.48,0.62,0.54,0.48,0.49,0.47,0.46,0.51,0.48,0.49
GWETROOT,2017,-4,40,0.39,0.4,0.39,0.44,0.6,0.5,0.44,0.46,0.43,0.43,0.51,0.46,0.45
GWETROOT,2017,-4,40.625,,,,,,,,,,,,,
GWETROOT,2017,-4,41.25,,,,,,,,,,,,,
GWETROOT,2017,-4.5,34.375,0.43,0.45,0.49,0.44,0.43,0.41,0.4,0.4,0.4,0.41,0.5,0.6,0.45
GWETROOT,2017,-4.5,35,0.45,0.5,0.52,0.48,0.49,0.45,0.44,0.43,0.43,0.43,0.47,0.49,0.46
GWETROOT,2017,-4.5,35.625,0.42,0.45,0.46,0.44,0.46,0.42,0.42,0.42,0.41,0.41,0.43,0.43,0.43
GWETROOT,2017,-4.5,36.25,0.48,0.51,0.51,0.5,0.53,0.48,0.47,0.47,0.47,0.47,0.5,0.49,0.49
GWETROOT,2017,-4.5,36.875,0.47,0.5,0.5,0.5,0.54,0.49,0.48,0.48,0.47,0.48,0.51,0.5,0.49
GWETROOT,2017,-4.5,37.5,0.48,0.5,0.5,0.52,0.57,0.52,0.49,0.49,0.48,0.48,0.53,0.51,0.51
GWETROOT,2017,-4.5,38.125,0.59,0.6,0.6,0.65,0.75,0.71,0.66,0.65,0.62,0.61,0.66,0.65,0.65
GWETROOT,2017,-4.5,38.75,0.56,0.57,0.56,0.62,0.74,0.69,0.64,0.63,0.6,0.59,0.64,0.63,0.62
GWETROOT,2017,-4.5,39.375,0.4,0.41,0.4,0.46,0.62,0.53,0.47,0.47,0.45,0.44,0.5,0.45,0.47
GWETROOT,2017,-4.5,40,0.38,0.38,0.39,0.46,0.63,0.54,0.46,0.45,0.43,0.43,0.49,0.43,0.46
GWETROOT,2017,-4.5,40.625,,,,,,,,,,,,,
GWETROOT,2017,-4.5,41.25,,,,,,,,,,,,,
GWETROOT,2017,0.5,34.375,0.41,0.45,0.46,0.46,0.59,0.54,0.56,0.57,0.66,0.67,0.69,0.61,0.56
GWETROOT,2017,0.5,35,0.56,0.54,0.52,0.52,0.64,0.63,0.69,0.79,0.9,0.91,0.9,0.77,0.7
GWETROOT,2017,0.5,35.625,0.42,0.44,0.43,0.45,0.58,0.54,0.55,0.62,0.66,0.63,0.68,0.59,0.55
GWETROOT,2017,0.5,36.25,0.41,0.42,0.41,0.42,0.53,0.48,0.51,0.53,0.53,0.51,0.54,0.48,0.48
GWETROOT,2017,0.5,36.875,0.5,0.5,0.49,0.5,0.58,0.53,0.53,0.53,0.53,0.56,0.6,0.55,0.53
GWETROOT,2017,0.5,37.5,0.36,0.35,0.35,0.37,0.45,0.4,0.38,0.38,0.39,0.41,0.49,0.45,0.4
GWETROOT,2017,0.5,38.125,0.36,0.34,0.33,0.35,0.37,0.35,0.34,0.34,0.34,0.35,0.42,0.39,0.36
GWETROOT,2017,0.5,38.75,0.34,0.33,0.33,0.34,0.36,0.34,0.33,0.33,0.33,0.34,0.41,0.38,0.35
GWETROOT,2017,0.5,39.375,0.35,0.35,0.35,0.36,0.4,0.37,0.35,0.35,0.35,0.36,0.46,0.4,0.37
GWETROOT,2017,0.5,40,0.34,0.34,0.33,0.34,0.4,0.37,0.34,0.34,0.34,0.34,0.46,0.39,0.36
GWETROOT,2017,0.5,40.625,0.35,0.35,0.34,0.36,0.41,0.39,0.36,0.35,0.34,0.35,0.43,0.37,0.37
GWETROOT,2017,0.5,41.25,0.37,0.37,0.36,0.39,0.43,0.41,0.38,0.38,0.37,0.37,0.43,0.37,0.39
GWETROOT,2017,1,34.375,0.49,0.52,0.54,0.54,0.66,0.62,0.62,0.63,0.67,0.69,0.73,0.64,0.61
GWETROOT,2017,1,35,0.52,0.52,0.52,0.52,0.63,0.62,0.67,0.82,0.91,0.89,0.88,0.73,0.69
GWETROOT,2017,1,35.625,0.36,0.36,0.36,0.36,0.44,0.41,0.42,0.44,0.45,0.43,0.44,0.38,0.4
GWETROOT,2017,1,36.25,0.35,0.37,0.36,0.37,0.46,0.43,0.44,0.48,0.48,0.45,0.48,0.4,0.42
GWETROOT,2017,1,36.875,0.34,0.35,0.34,0.34,0.43,0.39,0.38,0.38,0.38,0.38,0.42,0.38,0.38
GWETROOT,2017,1,37.5,0.35,0.34,0.33,0.34,0.4,0.36,0.34,0.34,0.34,0.36,0.43,0.39,0.36
GWETROOT,2017,1,38.125,0.34,0.33,0.33,0.34,0.35,0.33,0.33,0.33,0.33,0.34,0.39,0.36,0.34
GWETROOT,2017,1,38.75,0.35,0.35,0.35,0.35,0.37,0.35,0.35,0.35,0.35,0.36,0.4,0.37,0.36
GWETROOT,2017,1,39.375,0.36,0.36,0.36,0.37,0.42,0.38,0.36,0.36,0.36,0.37,0.45,0.39,0.38
GWETROOT,2017,1,40,0.34,0.33,0.33,0.35,0.42,0.36,0.33,0.33,0.33,0.34,0.45,0.37,0.36
GWETROOT,2017,1,40.625,0.37,0.36,0.35,0.37,0.42,0.39,0.36,0.36,0.36,0.36,0.47,0.39,0.38
GWETROOT,2017,1,41.25,0.42,0.42,0.42,0.43,0.46,0.44,0.43,0.42,0.42,0.43,0.48,0.43,0.43
GWETROOT,2017,1.5,34.375,0.46,0.49,0.51,0.51,0.55,0.52,0.53,0.53,0.56,0.57,0.56,0.5,0.52
GWETROOT,2017,1.5,35,0.41,0.44,0.45,0.46,0.54,0.5,0.53,0.63,0.68,0.65,0.64,0.51,0.54
GWETROOT,2017,1.5,35.625,0.33,0.34,0.33,0.34,0.39,0.36,0.37,0.4,0.41,0.38,0.42,0.36,0.37
GWETROOT,2017,1.5,36.25,0.36,0.36,0.36,0.36,0.4,0.38,0.38,0.4,0.41,0.4,0.42,0.37,0.38
GWETROOT,2017,1.5,36.875,0.34,0.34,0.33,0.34,0.36,0.35,0.34,0.33,0.34,0.35,0.41,0.37,0.35
GWETROOT,2017,1.5,37.5,0.33,0.34,0.33,0.34,0.35,0.34,0.33,0.33,0.33,0.35,0.4,0.36,0.34
GWETROOT,2017,1.5,38.125,0.35,0.35,0.34,0.35,0.35,0.34,0.34,0.34,0.34,0.36,0.4,0.36,0.35
GWETROOT,2017,1.5,38.75,0.45,0.45,0.45,0.46,0.46,0.45,0.45,0.45,0.45,0.47,0.5,0.46,0.46
GWETROOT,2017,1.5,39.375,0.37,0.36,0.35,0.38,0.43,0.39,0.36,0.36,0.36,0.37,0.48,0.4,0.38
GWETROOT,2017,1.5,40,0.38,0.37,0.37,0.39,0.43,0.39,0.37,0.37,0.37,0.39,0.49,0.41,0.39
GWETROOT,2017,1.5,40.625,0.43,0.41,0.41,0.44,0.49,0.44,0.42,0.42,0.41,0.43,0.58,0.47,0.45
GWETROOT,2017,1.5,41.25,0.35,0.33,0.33,0.35,0.39,0.37,0.35,0.34,0.33,0.35,0.51,0.41,0.37
GWETROOT,2017,2,34.375,0.46,0.47,0.48,0.48,0.51,0.48,0.5,0.5,0.52,0.52,0.52,0.47,0.49
GWETROOT,2017,2,35,0.39,0.41,0.41,0.41,0.48,0.44,0.45,0.49,0.51,0.5,0.51,0.43,0.45
GWETROOT,2017,2,35.625,0.33,0.33,0.33,0.33,0.36,0.33,0.34,0.35,0.35,0.35,0.37,0.33,0.34
GWETROOT,2017,2,36.25,0.37,0.37,0.37,0.37,0.39,0.37,0.37,0.37,0.38,0.38,0.39,0.37,0.38
GWETROOT,2017,2,36.875,0.35,0.36,0.35,0.36,0.37,0.37,0.36,0.35,0.36,0.37,0.41,0.38,0.37
GWETROOT,2017,2,37.5,0.33,0.34,0.33,0.34,0.34,0.35,0.33,0.33,0.33,0.35,0.41,0.36,0.34
GWETROOT,2017,2,38.125,0.39,0.39,0.39,0.4,0.4,0.39,0.38,0.38,0.39,0.4,0.46,0.41,0.4
GWETROOT,2017,2,38.75,0.39,0.39,0.38,0.4,0.41,0.39,0.38,0.38,0.39,0.4,0.46,0.41,0.4
GWETROOT,2017,2,39.375,0.36,0.34,0.33,0.38,0.45,0.38,0.34,0.33,0.34,0.35,0.48,0.39,0.37
GWETROOT,2017,2,40,0.4,0.38,0.37,0.42,0.5,0.43,0.38,0.37,0.38,0.39,0.54,0.44,0.42
GWETROOT,2017,2,40.625,0.57,0.56,0.56,0.6,0.65,0.58,0.56,0.56,0.56,0.58,0.75,0.6,0.59
GWETROOT,2017,2,41.25,0.43,0.41,0.4,0.46,0.53,0.46,0.43,0.41,0.41,0.43,0.62,0.48,0.46
GWETROOT,2017,2.5,34.375,0.42,0.42,0.43,0.42,0.47,0.43,0.46,0.46,0.47,0.48,0.48,0.43,0.45
GWETROOT,2017,2.5,35,0.36,0.37,0.37,0.37,0.48,0.42,0.42,0.44,0.44,0.45,0.49,0.41,0.42
GWETROOT,2017,2.5,35.625,0.33,0.33,0.33,0.33,0.43,0.36,0.34,0.34,0.33,0.36,0.38,0.33,0.35
GWETROOT,2017,2.5,36.25,0.35,0.36,0.35,0.36,0.39,0.36,0.36,0.36,0.36,0.37,0.38,0.36,0.36
GWETROOT,2017,2.5,36.875,0.34,0.35,0.35,0.35,0.35,0.35,0.35,0.35,0.35,0.36,0.39,0.35,0.35
GWETROOT,2017,2.5,37.5,0.37,0.37,0.37,0.37,0.38,0.37,0.37,0.37,0.37,0.39,0.43,0.38,0.38
GWETROOT,2017,2.5,38.125,0.36,0.36,0.36,0.37,0.39,0.36,0.36,0.36,0.36,0.37,0.45,0.39,0.37
GWETROOT,2017,2.5,38.75,0.36,0.36,0.36,0.37,0.39,0.36,0.36,0.36,0.36,0.37,0.44,0.38,0.37
GWETROOT,2017,2.5,39.375,0.35,0.34,0.33,0.37,0.43,0.37,0.34,0.34,0.34,0.35,0.45,0.37,0.37
GWETROOT,2017,2.5,40,0.39,0.38,0.37,0.41,0.49,0.43,0.39,0.38,0.38,0.39,0.53,0.43,0.41
GWETROOT,2017,2.5,40.625,0.48,0.47,0.46,0.5,0.55,0.5,0.48,0.48,0.47,0.48,0.62,0.51,0.5
GWETROOT,2017,2.5,41.25,0.28,0.26,0.25,0.28,0.33,0.29,0.28,0.26,0.26,0.26,0.37,0.3,0.29
GWETROOT,2017,3,34.375,0.45,0.45,0.45,0.45,0.54,0.49,0.54,0.54,0.55,0.58,0.58,0.49,0.51
GWETROOT,2017,3,35,0.33,0.34,0.33,0.33,0.47,0.38,0.37,0.4,0.38,0.44,0.48,0.38,0.39
GWETROOT,2017,3,35.625,0.33,0.33,0.33,0.33,0.35,0.33,0.33,0.33,0.33,0.36,0.36,0.33,0.34
GWETROOT,2017,3,36.25,0.33,0.34,0.33,0.33,0.37,0.34,0.34,0.33,0.33,0.37,0.37,0.33,0.34
GWETROOT,2017,3,36.875,0.33,0.33,0.33,0.33,0.33,0.33,0.33,0.33,0.33,0.36,0.35,0.33,0.33
GWETROOT,2017,3,37.5,0.3,0.3,0.3,0.3,0.31,0.3,0.3,0.3,0.3,0.32,0.33,0.3,0.31
GWETROOT,2017,3,38.125,0.34,0.34,0.34,0.35,0.37,0.34,0.34,0.34,0.34,0.35,0.4,0.35,0.35
GWETROOT,2017,3,38.75,0.39,0.39,0.39,0.4,0.43,0.4,0.39,0.39,0.39,0.41,0.47,0.4,0.4
GWETROOT,2017,3,39.375,0.33,0.33,0.33,0.34,0.38,0.35,0.33,0.34,0.34,0.35,0.43,0.36,0.35
GWETROOT,2017,3,40,0.37,0.37,0.37,0.39,0.43,0.39,0.37,0.37,0.37,0.39,0.48,0.4,0.39
GWETROOT,2017,3,40.625,0.39,0.38,0.37,0.39,0.44,0.4,0.39,0.38,0.38,0.39,0.46,0.4,0.4
GWETROOT,2017,3,41.25,0.3,0.29,0.28,0.3,0.33,0.31,0.3,0.3,0.29,0.3,0.35,0.31,0.31
GWETROOT,2017,3.5,34.375,0.34,0.36,0.37,0.36,0.47,0.41,0.44,0.49,0.48,0.55,0.53,0.41,0.43
GWETROOT,2017,3.5,35,0.33,0.35,0.34,0.33,0.42,0.36,0.36,0.4,0.37,0.42,0.45,0.37,0.38
GWETROOT,2017,3.5,35.625,0.33,0.33,0.33,0.33,0.37,0.33,0.34,0.33,0.33,0.42,0.43,0.35,0.35
GWETROOT,2017,3.5,36.25,0.33,0.33,0.33,0.33,0.36,0.33,0.34,0.33,0.33,0.39,0.4,0.34,0.35
GWETROOT,2017,3.5,36.875,0.33,0.33,0.33,0.33,0.35,0.33,0.33,0.33,0.33,0.37,0.37,0.33,0.34
GWETROOT,2017,3.5,37.5,0.37,0.37,0.37,0.38,0.4,0.38,0.37,0.37,0.37,0.4,0.41,0.37,0.38
GWETROOT,2017,3.5,38.125,0.33,0.33,0.33,0.34,0.39,0.35,0.33,0.33,0.33,0.36,0.41,0.35,0.35
GWETROOT,2017,3.5,38.75,0.35,0.35,0.35,0.36,0.43,0.39,0.36,0.36,0.36,0.39,0.46,0.38,0.38
GWETROOT,2017,3.5,39.375,0.38,0.38,0.38,0.4,0.45,0.41,0.39,0.39,0.39,0.42,0.51,0.42,0.41
GWETROOT,2017,3.5,40,0.38,0.38,0.38,0.4,0.43,0.4,0.38,0.38,0.39,0.41,0.48,0.4,0.4
GWETROOT,2017,3.5,40.625,0.51,0.51,0.51,0.53,0.55,0.53,0.52,0.52,0.52,0.53,0.58,0.52,0.53
GWETROOT,2017,3.5,41.25,0.34,0.34,0.33,0.35,0.38,0.36,0.35,0.34,0.34,0.35,0.4,0.36,0.35
GWETROOT,2017,4,34.375,0.45,0.47,0.48,0.47,0.51,0.48,0.5,0.53,0.53,0.56,0.56,0.49,0.5
GWETROOT,2017,4,35,0.42,0.45,0.43,0.43,0.47,0.43,0.46,0.47,0.45,0.48,0.5,0.44,0.45
GWETROOT,2017,4,35.625,0.33,0.35,0.33,0.33,0.39,0.35,0.36,0.35,0.33,0.44,0.47,0.37,0.37
GWETROOT,2017,4,36.25,0.33,0.33,0.33,0.33,0.37,0.33,0.35,0.33,0.33,0.43,0.44,0.35,0.35
GWETROOT,2017,4,36.875,0.33,0.33,0.33,0.34,0.36,0.33,0.33,0.33,0.33,0.41,0.43,0.36,0.35
GWETROOT,2017,4,37.5,0.37,0.37,0.37,0.38,0.4,0.38,0.37,0.37,0.37,0.43,0.45,0.38,0.39
GWETROOT,2017,4,38.125,0.42,0.43,0.42,0.44,0.5,0.46,0.44,0.44,0.44,0.47,0.55,0.47,0.46
GWETROOT,2017,4,38.75,0.58,0.59,0.58,0.61,0.65,0.6,0.59,0.59,0.59,0.63,0.7,0.61,0.61
GWETROOT,2017,4,39.375,0.58,0.58,0.58,0.61,0.64,0.59,0.58,0.59,0.59,0.61,0.69,0.6,0.6
GWETROOT,2017,4,40,0.45,0.45,0.45,0.48,0.51,0.47,0.46,0.46,0.46,0.49,0.54,0.47,0.47
GWETROOT,2017,4,40.625,0.51,0.52,0.51,0.55,0.57,0.53,0.52,0.52,0.52,0.55,0.62,0.54,0.54
GWETROOT,2017,4,41.25,0.35,0.35,0.35,0.39,0.42,0.38,0.36,0.35,0.35,0.38,0.47,0.4,0.38
GWETROOT,2017,4.5,34.375,0.58,0.59,0.6,0.6,0.6,0.58,0.59,0.6,0.59,0.62,0.61,0.58,0.6
GWETROOT,2017,4.5,35,0.48,0.5,0.49,0.5,0.52,0.49,0.54,0.52,0.51,0.54,0.55,0.49,0.51
GWETROOT,2017,4.5,35.625,0.33,0.35,0.33,0.34,0.41,0.36,0.4,0.38,0.34,0.43,0.49,0.38,0.38
GWETROOT,2017,4.5,36.25,0.33,0.33,0.33,0.34,0.38,0.34,0.36,0.34,0.33,0.45,0.47,0.37,0.36
GWETROOT,2017,4.5,36.875,0.33,0.33,0.33,0.34,0.38,0.34,0.34,0.33,0.33,0.44,0.47,0.38,0.36
GWETROOT,2017,4.5,37.5,0.5,0.51,0.51,0.52,0.55,0.52,0.51,0.51,0.51,0.59,0.61,0.53,0.53
GWETROOT,2017,4.5,38.125,0.57,0.58,0.57,0.6,0.65,0.6,0.58,0.58,0.58,0.63,0.71,0.62,0.61
GWETROOT,2017,4.5,38.75,0.54,0.55,0.54,0.57,0.62,0.57,0.55,0.55,0.55,0.59,0.68,0.59,0.58
GWETROOT,2017,4.5,39.375,0.47,0.47,0.47,0.49,0.53,0.49,0.47,0.48,0.48,0.51,0.58,0.5,0.5
GWETROOT,2017,4.5,40,0.4,0.4,0.4,0.43,0.47,0.42,0.41,0.41,0.41,0.45,0.51,0.43,0.43
GWETROOT,2017,4.5,40.625,0.38,0.38,0.37,0.42,0.46,0.4,0.38,0.38,0.38,0.43,0.56,0.43,0.41
GWETROOT,2017,4.5,41.25,0.34,0.33,0.33,0.37,0.43,0.38,0.35,0.34,0.34,0.39,0.58,0.44,0.39
GWETROOT,2018,-0.5,34.375,0.56,0.56,0.79,0.91,0.93,0.86,0.73,0.63,0.6,0.62,0.69,0.75,0.72
GWETROOT,2018,-0.5,35,0.65,0.56,0.74,0.9,0.98,0.95,0.87,0.8,0.77,0.72,0.76,0.81,0.79
GWETROOT,2018,-0.5,35.625,0.48,0.44,0.57,0.69,0.82,0.9,0.86,0.81,0.77,0.72,0.69,0.7,0.71
GWETROOT,2018,-0.5,36.25,0.46,0.42,0.55,0.67,0.8,0.86,0.82,0.77,0.74,0.68,0.65,0.66,0.67
GWETROOT,2018,-0.5,36.875,0.46,0.42,0.54,0.72,0.86,0.84,0.79,0.72,0.68,0.62,0.6,0.6,0.66
GWETROOT,2018,-0.5,37.5,0.49,0.47,0.59,0.74,0.88,0.84,0.77,0.69,0.62,0.57,0.56,0.59,0.65
GWETROOT,2018,-0.5,38.125,0.47,0.47,0.53,0.6,0.6,0.54,0.52,0.49,0.48,0.48,0.5,0.53,0.52
GWETROOT,2018,-0.5,38.75,0.43,0.43,0.49,0.56,0.54,0.48,0.45,0.44,0.44,0.44,0.45,0.49,0.47
GWETROOT,2018,-0.5,39.375,0.39,0.39,0.43,0.46,0.45,0.42,0.42,0.4,0.39,0.4,0.4,0.41,0.41
GWETROOT,2018,-0.5,40,0.43,0.43,0.47,0.51,0.52,0.49,0.47,0.45,0.44,0.45,0.44,0.46,0.46
GWETROOT,2018,-0.5,40.625,0.45,0.45,0.48,0.55,0.62,0.57,0.55,0.5,0.48,0.48,0.47,0.47,0.51
GWETROOT,2018,-0.5,41.25,0.47,0.47,0.5,0.57,0.65,0.58,0.56,0.51,0.49,0.49,0.48,0.48,0.52
GWETROOT,2018,-1,34.375,0.53,0.51,0.68,0.84,0.9,0.82,0.72,0.62,0.56,0.51,0.56,0.66,0.66
GWETROOT,2018,-1,35,0.58,0.55,0.68,0.84,0.93,0.89,0.82,0.77,0.71,0.63,0.63,0.72,0.73
GWETROOT,2018,-1,35.625,0.49,0.47,0.55,0.68,0.8,0.78,0.72,0.68,0.63,0.55,0.53,0.56,0.62
GWETROOT,2018,-1,36.25,0.37,0.35,0.47,0.59,0.76,0.75,0.69,0.62,0.55,0.47,0.44,0.46,0.54
GWETROOT,2018,-1,36.875,0.46,0.45,0.59,0.74,0.87,0.78,0.67,0.56,0.5,0.47,0.5,0.57,0.6
GWETROOT,2018,-1,37.5,0.47,0.46,0.57,0.68,0.78,0.7,0.61,0.54,0.5,0.48,0.49,0.55,0.57
GWETROOT,2018,-1,38.125,0.47,0.47,0.51,0.54,0.53,0.51,0.49,0.48,0.47,0.48,0.48,0.51,0.5
GWETROOT,2018,-1,38.75,0.47,0.47,0.5,0.55,0.52,0.48,0.47,0.47,0.47,0.47,0.48,0.5,0.49
GWETROOT,2018,-1,39.375,0.46,0.46,0.49,0.51,0.5,0.48,0.47,0.46,0.46,0.47,0.47,0.47,0.48
GWETROOT,2018,-1,40,0.53,0.53,0.56,0.6,0.61,0.57,0.56,0.54,0.54,0.55,0.54,0.55,0.56
GWETROOT,2018,-1,40.625,0.47,0.47,0.49,0.59,0.67,0.62,0.6,0.54,0.51,0.5,0.49,0.48,0.54
GWETROOT,2018,-1,41.25,0.47,0.47,0.49,0.58,0.69,0.64,0.61,0.53,0.5,0.5,0.48,0.48,0.54
GWETROOT,2018,-1.5,34.375,0.62,0.61,0.8,0.85,0.83,0.69,0.61,0.59,0.58,0.58,0.62,0.74,0.68
GWETROOT,2018,-1.5,35,0.58,0.56,0.72,0.82,0.87,0.74,0.64,0.58,0.56,0.54,0.58,0.68,0.66
GWETROOT,2018,-1.5,35.625,0.5,0.47,0.62,0.75,0.91,0.81,0.68,0.59,0.54,0.5,0.51,0.56,0.62
GWETROOT,2018,-1.5,36.25,0.39,0.39,0.52,0.61,0.73,0.62,0.51,0.45,0.42,0.39,0.4,0.43,0.49
GWETROOT,2018,-1.5,36.875,0.59,0.58,0.73,0.77,0.82,0.7,0.62,0.59,0.59,0.6,0.6,0.64,0.65
GWETROOT,2018,-1.5,37.5,0.46,0.45,0.58,0.68,0.75,0.63,0.54,0.48,0.46,0.46,0.48,0.52,0.54
GWETROOT,2018,-1.5,38.125,0.44,0.43,0.49,0.56,0.58,0.53,0.5,0.47,0.45,0.44,0.45,0.48,0.49
GWETROOT,2018,-1.5,38.75,0.47,0.47,0.51,0.54,0.52,0.48,0.48,0.47,0.47,0.47,0.48,0.49,0.49
GWETROOT,2018,-1.5,39.375,0.47,0.47,0.49,0.53,0.52,0.49,0.48,0.47,0.47,0.48,0.47,0.48,0.49
GWETROOT,2018,-1.5,40,0.53,0.53,0.57,0.64,0.66,0.62,0.59,0.55,0.55,0.56,0.55,0.54,0.57
GWETROOT,2018,-1.5,40.625,0.48,0.48,0.51,0.62,0.72,0.68,0.66,0.58,0.54,0.53,0.51,0.49,0.57
GWETROOT,2018,-1.5,41.25,0.46,0.46,0.49,0.61,0.76,0.73,0.67,0.56,0.51,0.5,0.49,0.48,0.56
GWETROOT,2018,-1.80E-13,34.375,0.53,0.47,0.65,0.75,0.8,0.79,0.7,0.63,0.63,0.62,0.68,0.69,0.66
GWETROOT,2018,-1.80E-13,35,0.7,0.61,0.75,0.87,0.98,0.98,0.94,0.9,0.88,0.81,0.82,0.8,0.84
GWETROOT,2018,-1.80E-13,35.625,0.64,0.56,0.63,0.78,0.94,0.97,0.94,0.87,0.83,0.76,0.74,0.73,0.78
GWETROOT,2018,-1.80E-13,36.25,0.51,0.47,0.56,0.7,0.83,0.9,0.87,0.8,0.75,0.67,0.63,0.62,0.69
GWETROOT,2018,-1.80E-13,36.875,0.5,0.45,0.55,0.71,0.85,0.83,0.76,0.67,0.61,0.56,0.55,0.55,0.63
GWETROOT,2018,-1.80E-13,37.5,0.5,0.45,0.55,0.76,0.92,0.88,0.8,0.7,0.62,0.55,0.55,0.55,0.65
GWETROOT,2018,-1.80E-13,38.125,0.42,0.41,0.48,0.6,0.65,0.56,0.5,0.45,0.43,0.42,0.45,0.47,0.49
GWETROOT,2018,-1.80E-13,38.75,0.36,0.35,0.41,0.49,0.49,0.42,0.39,0.37,0.36,0.36,0.38,0.4,0.4
GWETROOT,2018,-1.80E-13,39.375,0.33,0.33,0.38,0.42,0.43,0.38,0.36,0.34,0.34,0.34,0.35,0.36,0.36
GWETROOT,2018,-1.80E-13,40,0.35,0.34,0.39,0.45,0.47,0.43,0.4,0.37,0.35,0.35,0.36,0.36,0.39
GWETROOT,2018,-1.80E-13,40.625,0.39,0.39,0.43,0.5,0.53,0.48,0.45,0.42,0.4,0.4,0.4,0.4,0.43
GWETROOT,2018,-1.80E-13,41.25,0.42,0.42,0.47,0.53,0.56,0.49,0.47,0.44,0.43,0.43,0.43,0.43,0.46
GWETROOT,2018,-2,34.375,0.67,0.63,0.79,0.84,0.8,0.64,0.6,0.61,0.6,0.6,0.64,0.73,0.68
GWETROOT,2018,-2,35,0.62,0.58,0.76,0.82,0.81,0.66,0.59,0.56,0.55,0.56,0.59,0.69,0.65
GWETROOT,2018,-2,35.625,0.53,0.5,0.65,0.74,0.84,0.72,0.62,0.55,0.53,0.52,0.54,0.57,0.61
GWETROOT,2018,-2,36.25,0.37,0.36,0.49,0.54,0.6,0.48,0.41,0.37,0.36,0.37,0.38,0.41,0.43
GWETROOT,2018,-2,36.875,0.59,0.58,0.72,0.78,0.83,0.7,0.62,0.59,0.59,0.6,0.61,0.64,0.65
GWETROOT,2018,-2,37.5,0.49,0.48,0.65,0.73,0.78,0.63,0.55,0.5,0.49,0.5,0.51,0.56,0.57
GWETROOT,2018,-2,38.125,0.42,0.41,0.5,0.56,0.58,0.51,0.47,0.44,0.42,0.43,0.43,0.47,0.47
GWETROOT,2018,-2,38.75,0.48,0.48,0.54,0.57,0.56,0.51,0.5,0.49,0.49,0.5,0.5,0.52,0.51
GWETROOT,2018,-2,39.375,0.5,0.5,0.54,0.58,0.6,0.55,0.53,0.51,0.51,0.52,0.51,0.52,0.53
GWETROOT,2018,-2,40,0.46,0.46,0.5,0.57,0.62,0.58,0.54,0.49,0.48,0.5,0.48,0.47,0.51
GWETROOT,2018,-2,40.625,0.46,0.46,0.49,0.61,0.76,0.75,0.7,0.59,0.53,0.53,0.5,0.48,0.57
GWETROOT,2018,-2,41.25,0.37,0.37,0.39,0.54,0.77,0.73,0.65,0.52,0.45,0.44,0.42,0.4,0.5
GWETROOT,2018,-2.5,34.375,0.66,0.59,0.74,0.8,0.76,0.58,0.51,0.49,0.49,0.5,0.59,0.72,0.62
GWETROOT,2018,-2.5,35,0.66,0.58,0.73,0.82,0.8,0.62,0.53,0.48,0.47,0.49,0.56,0.66,0.62
GWETROOT,2018,-2.5,35.625,0.59,0.52,0.69,0.73,0.76,0.61,0.51,0.47,0.47,0.51,0.56,0.58,0.58
GWETROOT,2018,-2.5,36.25,0.5,0.46,0.58,0.61,0.63,0.53,0.48,0.45,0.43,0.46,0.48,0.5,0.51
GWETROOT,2018,-2.5,36.875,0.61,0.58,0.77,0.84,0.86,0.72,0.64,0.58,0.58,0.61,0.63,0.66,0.67
GWETROOT,2018,-2.5,37.5,0.61,0.55,0.77,0.84,0.88,0.72,0.63,0.56,0.54,0.61,0.65,0.68,0.67
GWETROOT,2018,-2.5,38.125,0.51,0.48,0.64,0.67,0.69,0.62,0.56,0.52,0.49,0.52,0.53,0.57,0.57
GWETROOT,2018,-2.5,38.75,0.52,0.51,0.63,0.63,0.64,0.57,0.55,0.53,0.52,0.55,0.55,0.58,0.57
GWETROOT,2018,-2.5,39.375,0.6,0.6,0.65,0.68,0.75,0.71,0.67,0.63,0.62,0.64,0.63,0.63,0.65
GWETROOT,2018,-2.5,40,0.39,0.38,0.42,0.47,0.61,0.57,0.52,0.45,0.42,0.45,0.42,0.42,0.46
GWETROOT,2018,-2.5,40.625,0.4,0.39,0.42,0.52,0.76,0.75,0.67,0.54,0.47,0.48,0.45,0.43,0.52
GWETROOT,2018,-2.5,41.25,,,,,,,,,,,,,
GWETROOT,2018,-3,34.375,0.72,0.63,0.73,0.79,0.73,0.57,0.48,0.46,0.46,0.48,0.56,0.76,0.61
GWETROOT,2018,-3,35,0.79,0.66,0.78,0.89,0.87,0.68,0.56,0.48,0.46,0.51,0.6,0.74,0.67
GWETROOT,2018,-3,35.625,0.92,0.83,0.93,0.97,0.95,0.84,0.71,0.6,0.54,0.63,0.81,0.88,0.8
GWETROOT,2018,-3,36.25,0.73,0.63,0.75,0.8,0.8,0.68,0.61,0.56,0.55,0.61,0.65,0.67,0.67
GWETROOT,2018,-3,36.875,0.86,0.72,0.93,0.97,0.98,0.92,0.89,0.78,0.71,0.87,0.92,0.94,0.88
GWETROOT,2018,-3,37.5,0.78,0.64,0.88,0.94,0.97,0.88,0.79,0.68,0.61,0.69,0.78,0.81,0.79
GWETROOT,2018,-3,38.125,0.53,0.49,0.67,0.68,0.71,0.65,0.6,0.55,0.52,0.57,0.58,0.6,0.6
GWETROOT,2018,-3,38.75,0.51,0.51,0.68,0.63,0.65,0.58,0.56,0.53,0.52,0.57,0.56,0.58,0.57
GWETROOT,2018,-3,39.375,0.6,0.6,0.65,0.67,0.78,0.75,0.71,0.66,0.64,0.69,0.65,0.65,0.67
GWETROOT,2018,-3,40,0.38,0.38,0.42,0.45,0.63,0.59,0.53,0.45,0.43,0.46,0.43,0.43,0.47
GWETROOT,2018,-3,40.625,0.4,0.38,0.42,0.47,0.76,0.77,0.67,0.53,0.47,0.49,0.46,0.44,0.52
GWETROOT,2018,-3,41.25,,,,,,,,,,,,,
GWETROOT,2018,-3.5,34.375,0.76,0.69,0.79,0.82,0.74,0.58,0.49,0.46,0.46,0.48,0.54,0.75,0.63
GWETROOT,2018,-3.5,35,0.72,0.63,0.75,0.82,0.81,0.67,0.56,0.49,0.47,0.5,0.55,0.68,0.64
GWETROOT,2018,-3.5,35.625,0.63,0.56,0.68,0.74,0.78,0.69,0.61,0.55,0.51,0.55,0.6,0.63,0.63
GWETROOT,2018,-3.5,36.25,0.67,0.57,0.69,0.73,0.74,0.61,0.53,0.49,0.49,0.55,0.6,0.63,0.61
GWETROOT,2018,-3.5,36.875,0.66,0.54,0.7,0.79,0.86,0.74,0.63,0.54,0.49,0.58,0.68,0.69,0.66
GWETROOT,2018,-3.5,37.5,0.52,0.47,0.67,0.7,0.72,0.62,0.57,0.51,0.49,0.52,0.52,0.53,0.57
GWETROOT,2018,-3.5,38.125,0.49,0.47,0.59,0.57,0.61,0.54,0.53,0.5,0.49,0.55,0.52,0.52,0.53
GWETROOT,2018,-3.5,38.75,0.53,0.5,0.66,0.65,0.7,0.64,0.63,0.59,0.57,0.64,0.61,0.6,0.61
GWETROOT,2018,-3.5,39.375,0.58,0.58,0.63,0.66,0.79,0.78,0.75,0.68,0.64,0.7,0.64,0.63,0.67
GWETROOT,2018,-3.5,40,0.48,0.47,0.52,0.55,0.68,0.63,0.57,0.52,0.51,0.58,0.54,0.53,0.55
GWETROOT,2018,-3.5,40.625,0.4,0.38,0.43,0.46,0.78,0.79,0.69,0.54,0.47,0.5,0.47,0.44,0.53
GWETROOT,2018,-3.5,41.25,,,,,,,,,,,,,
GWETROOT,2018,-4,34.375,0.72,0.69,0.77,0.8,0.74,0.62,0.53,0.49,0.46,0.47,0.52,0.66,0.62
GWETROOT,2018,-4,35,0.68,0.61,0.72,0.76,0.76,0.67,0.6,0.55,0.53,0.55,0.57,0.65,0.64
GWETROOT,2018,-4,35.625,0.61,0.55,0.64,0.68,0.7,0.63,0.58,0.55,0.52,0.55,0.57,0.6,0.6
GWETROOT,2018,-4,36.25,0.58,0.52,0.61,0.65,0.66,0.58,0.53,0.49,0.48,0.52,0.54,0.57,0.56
GWETROOT,2018,-4,36.875,0.54,0.49,0.61,0.63,0.65,0.57,0.53,0.49,0.47,0.51,0.52,0.53,0.55
GWETROOT,2018,-4,37.5,0.55,0.5,0.62,0.64,0.67,0.59,0.56,0.53,0.51,0.55,0.54,0.55,0.57
GWETROOT,2018,-4,38.125,0.55,0.54,0.63,0.63,0.66,0.61,0.59,0.56,0.55,0.6,0.57,0.58,0.59
GWETROOT,2018,-4,38.75,0.5,0.49,0.56,0.57,0.63,0.57,0.55,0.52,0.52,0.58,0.54,0.53,0.55
GWETROOT,2018,-4,39.375,0.45,0.44,0.49,0.54,0.71,0.67,0.62,0.54,0.5,0.55,0.51,0.48,0.54
GWETROOT,2018,-4,40,0.42,0.4,0.45,0.53,0.64,0.57,0.5,0.46,0.45,0.54,0.49,0.47,0.49
GWETROOT,2018,-4,40.625,,,,,,,,,,,,,
GWETROOT,2018,-4,41.25,,,,,,,,,,,,,
GWETROOT,2018,-4.5,34.375,0.66,0.63,0.69,0.72,0.68,0.62,0.55,0.49,0.45,0.44,0.48,0.58,0.58
GWETROOT,2018,-4.5,35,0.57,0.5,0.59,0.63,0.61,0.55,0.51,0.48,0.46,0.47,0.49,0.56,0.54
GWETROOT,2018,-4.5,35.625,0.5,0.44,0.52,0.55,0.54,0.49,0.47,0.45,0.43,0.45,0.45,0.49,0.48
GWETROOT,2018,-4.5,36.25,0.57,0.49,0.59,0.62,0.62,0.55,0.52,0.49,0.48,0.52,0.53,0.55,0.54
GWETROOT,2018,-4.5,36.875,0.56,0.48,0.61,0.61,0.63,0.56,0.54,0.51,0.49,0.53,0.53,0.53,0.55
GWETROOT,2018,-4.5,37.5,0.55,0.48,0.61,0.62,0.66,0.59,0.57,0.53,0.51,0.55,0.54,0.54,0.56
GWETROOT,2018,-4.5,38.125,0.64,0.59,0.69,0.72,0.82,0.76,0.73,0.67,0.64,0.69,0.67,0.66,0.69
GWETROOT,2018,-4.5,38.75,0.59,0.56,0.64,0.69,0.79,0.72,0.68,0.63,0.61,0.67,0.64,0.63,0.65
GWETROOT,2018,-4.5,39.375,0.42,0.41,0.46,0.55,0.66,0.6,0.54,0.48,0.47,0.52,0.48,0.46,0.5
GWETROOT,2018,-4.5,40,0.41,0.39,0.44,0.57,0.7,0.66,0.59,0.51,0.47,0.49,0.45,0.44,0.51
GWETROOT,2018,-4.5,40.625,,,,,,,,,,,,,
GWETROOT,2018,-4.5,41.25,,,,,,,,,,,,,
GWETROOT,2018,0.5,34.375,0.53,0.46,0.62,0.69,0.74,0.77,0.73,0.72,0.75,0.71,0.71,0.69,0.68
GWETROOT,2018,0.5,35,0.67,0.57,0.66,0.76,0.92,0.99,0.98,0.96,0.92,0.81,0.77,0.72,0.81
GWETROOT,2018,0.5,35.625,0.5,0.44,0.49,0.67,0.82,0.91,0.91,0.84,0.78,0.68,0.62,0.56,0.69
GWETROOT,2018,0.5,36.25,0.43,0.41,0.48,0.62,0.71,0.75,0.71,0.6,0.54,0.48,0.46,0.45,0.55
GWETROOT,2018,0.5,36.875,0.51,0.5,0.58,0.69,0.78,0.76,0.7,0.61,0.55,0.52,0.53,0.53,0.61
GWETROOT,2018,0.5,37.5,0.39,0.36,0.44,0.6,0.69,0.64,0.55,0.47,0.41,0.38,0.4,0.41,0.48
GWETROOT,2018,0.5,38.125,0.35,0.34,0.4,0.51,0.53,0.45,0.4,0.36,0.34,0.34,0.38,0.38,0.4
GWETROOT,2018,0.5,38.75,0.34,0.33,0.38,0.46,0.47,0.41,0.37,0.34,0.33,0.33,0.36,0.36,0.37
GWETROOT,2018,0.5,39.375,0.36,0.35,0.42,0.5,0.53,0.44,0.39,0.36,0.35,0.35,0.37,0.37,0.4
GWETROOT,2018,0.5,40,0.34,0.33,0.43,0.52,0.53,0.44,0.39,0.35,0.34,0.34,0.36,0.35,0.39
GWETROOT,2018,0.5,40.625,0.34,0.34,0.43,0.51,0.51,0.43,0.39,0.36,0.35,0.35,0.36,0.36,0.39
GWETROOT,2018,0.5,41.25,0.37,0.37,0.42,0.48,0.49,0.44,0.42,0.4,0.38,0.38,0.39,0.38,0.41
GWETROOT,2018,1,34.375,0.56,0.51,0.63,0.72,0.79,0.82,0.78,0.77,0.77,0.77,0.78,0.73,0.72
GWETROOT,2018,1,35,0.59,0.51,0.6,0.75,0.92,0.97,0.97,0.92,0.88,0.8,0.74,0.67,0.78
GWETROOT,2018,1,35.625,0.36,0.36,0.41,0.49,0.55,0.55,0.51,0.43,0.41,0.37,0.37,0.38,0.43
GWETROOT,2018,1,36.25,0.36,0.35,0.41,0.52,0.59,0.59,0.53,0.45,0.42,0.39,0.39,0.39,0.45
GWETROOT,2018,1,36.875,0.35,0.34,0.41,0.5,0.53,0.5,0.46,0.4,0.37,0.35,0.36,0.37,0.41
GWETROOT,2018,1,37.5,0.35,0.33,0.4,0.53,0.55,0.48,0.42,0.37,0.34,0.34,0.37,0.38,0.41
GWETROOT,2018,1,38.125,0.33,0.33,0.38,0.43,0.41,0.38,0.35,0.33,0.33,0.33,0.35,0.35,0.36
GWETROOT,2018,1,38.75,0.35,0.35,0.39,0.44,0.42,0.39,0.37,0.35,0.35,0.35,0.37,0.36,0.37
GWETROOT,2018,1,39.375,0.36,0.36,0.42,0.51,0.51,0.43,0.39,0.36,0.36,0.37,0.38,0.38,0.4
GWETROOT,2018,1,40,0.33,0.33,0.46,0.6,0.58,0.45,0.39,0.34,0.33,0.34,0.36,0.36,0.41
GWETROOT,2018,1,40.625,0.35,0.35,0.46,0.6,0.6,0.47,0.41,0.37,0.36,0.36,0.39,0.39,0.43
GWETROOT,2018,1,41.25,0.42,0.42,0.46,0.54,0.58,0.51,0.47,0.44,0.43,0.43,0.45,0.45,0.47
GWETROOT,2018,1.5,34.375,0.47,0.46,0.55,0.6,0.68,0.71,0.67,0.63,0.59,0.57,0.53,0.52,0.58
GWETROOT,2018,1.5,35,0.43,0.41,0.51,0.63,0.79,0.84,0.82,0.72,0.63,0.57,0.52,0.48,0.61
GWETROOT,2018,1.5,35.625,0.33,0.33,0.37,0.47,0.51,0.5,0.45,0.38,0.36,0.34,0.34,0.35,0.39
GWETROOT,2018,1.5,36.25,0.36,0.36,0.39,0.46,0.51,0.5,0.46,0.4,0.38,0.37,0.36,0.38,0.41
GWETROOT,2018,1.5,36.875,0.34,0.33,0.38,0.49,0.53,0.47,0.42,0.37,0.34,0.34,0.35,0.35,0.39
GWETROOT,2018,1.5,37.5,0.33,0.33,0.38,0.47,0.48,0.42,0.38,0.34,0.33,0.34,0.34,0.35,0.37
GWETROOT,2018,1.5,38.125,0.35,0.34,0.38,0.43,0.41,0.38,0.36,0.35,0.34,0.35,0.35,0.36,0.37
GWETROOT,2018,1.5,38.75,0.45,0.45,0.48,0.53,0.51,0.47,0.46,0.45,0.45,0.46,0.46,0.46,0.47
GWETROOT,2018,1.5,39.375,0.36,0.35,0.44,0.57,0.58,0.48,0.42,0.37,0.36,0.37,0.39,0.4,0.42
GWETROOT,2018,1.5,40,0.37,0.37,0.44,0.58,0.59,0.49,0.42,0.38,0.37,0.38,0.4,0.41,0.43
GWETROOT,2018,1.5,40.625,0.42,0.41,0.49,0.68,0.71,0.56,0.48,0.43,0.41,0.42,0.47,0.48,0.5
GWETROOT,2018,1.5,41.25,0.34,0.33,0.37,0.53,0.58,0.45,0.39,0.35,0.33,0.34,0.41,0.43,0.4
GWETROOT,2018,2,34.375,0.46,0.46,0.51,0.55,0.6,0.6,0.56,0.52,0.5,0.5,0.48,0.48,0.52
GWETROOT,2018,2,35,0.4,0.39,0.45,0.54,0.61,0.62,0.58,0.49,0.44,0.43,0.42,0.42,0.48
GWETROOT,2018,2,35.625,0.33,0.33,0.36,0.42,0.45,0.45,0.4,0.34,0.33,0.33,0.33,0.35,0.37
GWETROOT,2018,2,36.25,0.37,0.37,0.39,0.44,0.48,0.46,0.41,0.38,0.37,0.37,0.37,0.38,0.4
GWETROOT,2018,2,36.875,0.35,0.35,0.39,0.48,0.51,0.46,0.41,0.37,0.35,0.36,0.36,0.37,0.4
GWETROOT,2018,2,37.5,0.33,0.33,0.38,0.48,0.5,0.43,0.38,0.34,0.33,0.34,0.34,0.35,0.38
GWETROOT,2018,2,38.125,0.39,0.39,0.42,0.51,0.49,0.44,0.41,0.39,0.39,0.4,0.41,0.4,0.42
GWETROOT,2018,2,38.75,0.39,0.38,0.42,0.5,0.49,0.45,0.42,0.4,0.39,0.4,0.41,0.4,0.42
GWETROOT,2018,2,39.375,0.34,0.33,0.4,0.57,0.6,0.49,0.42,0.36,0.34,0.35,0.4,0.41,0.42
GWETROOT,2018,2,40,0.38,0.37,0.45,0.64,0.68,0.55,0.46,0.4,0.38,0.39,0.44,0.46,0.47
GWETROOT,2018,2,40.625,0.56,0.56,0.63,0.78,0.8,0.66,0.59,0.56,0.56,0.58,0.63,0.62,0.63
GWETROOT,2018,2,41.25,0.42,0.41,0.48,0.66,0.69,0.54,0.47,0.42,0.41,0.43,0.51,0.5,0.5
GWETROOT,2018,2.5,34.375,0.43,0.42,0.46,0.5,0.52,0.52,0.48,0.45,0.45,0.45,0.43,0.44,0.46
GWETROOT,2018,2.5,35,0.37,0.37,0.41,0.5,0.56,0.56,0.5,0.43,0.39,0.38,0.38,0.39,0.44
GWETROOT,2018,2.5,35.625,0.33,0.33,0.35,0.42,0.47,0.48,0.41,0.34,0.33,0.33,0.33,0.35,0.37
GWETROOT,2018,2.5,36.25,0.35,0.35,0.38,0.42,0.44,0.42,0.37,0.36,0.35,0.35,0.36,0.37,0.38
GWETROOT,2018,2.5,36.875,0.34,0.34,0.4,0.46,0.49,0.44,0.39,0.35,0.35,0.35,0.35,0.36,0.39
GWETROOT,2018,2.5,37.5,0.37,0.37,0.41,0.5,0.5,0.43,0.39,0.37,0.37,0.38,0.38,0.38,0.4
GWETROOT,2018,2.5,38.125,0.36,0.35,0.41,0.53,0.51,0.44,0.39,0.36,0.36,0.38,0.4,0.38,0.41
GWETROOT,2018,2.5,38.75,0.36,0.35,0.41,0.52,0.5,0.43,0.39,0.37,0.36,0.38,0.4,0.39,0.41
GWETROOT,2018,2.5,39.375,0.33,0.34,0.4,0.56,0.57,0.47,0.4,0.35,0.34,0.36,0.41,0.4,0.41
GWETROOT,2018,2.5,40,0.38,0.37,0.45,0.63,0.66,0.54,0.46,0.4,0.38,0.4,0.47,0.46,0.47
GWETROOT,2018,2.5,40.625,0.47,0.47,0.53,0.64,0.67,0.56,0.5,0.48,0.47,0.49,0.55,0.54,0.53
GWETROOT,2018,2.5,41.25,0.27,0.25,0.3,0.39,0.4,0.32,0.29,0.27,0.26,0.27,0.32,0.32,0.31
GWETROOT,2018,3,34.375,0.45,0.45,0.52,0.57,0.66,0.68,0.61,0.54,0.51,0.5,0.47,0.46,0.54
GWETROOT,2018,3,35,0.33,0.33,0.41,0.52,0.58,0.56,0.46,0.38,0.36,0.36,0.34,0.35,0.42
GWETROOT,2018,3,35.625,0.33,0.33,0.36,0.42,0.42,0.4,0.34,0.33,0.33,0.33,0.33,0.35,0.36
GWETROOT,2018,3,36.25,0.33,0.33,0.36,0.42,0.42,0.4,0.35,0.33,0.33,0.33,0.34,0.35,0.36
GWETROOT,2018,3,36.875,0.33,0.33,0.37,0.42,0.43,0.38,0.34,0.33,0.33,0.33,0.33,0.34,0.36
GWETROOT,2018,3,37.5,0.3,0.3,0.34,0.43,0.4,0.34,0.31,0.3,0.3,0.31,0.31,0.31,0.33
GWETROOT,2018,3,38.125,0.34,0.34,0.41,0.54,0.52,0.44,0.39,0.35,0.34,0.37,0.4,0.37,0.4
GWETROOT,2018,3,38.75,0.39,0.39,0.46,0.59,0.56,0.48,0.43,0.4,0.39,0.43,0.46,0.42,0.45
GWETROOT,2018,3,39.375,0.33,0.33,0.4,0.53,0.53,0.44,0.39,0.35,0.33,0.37,0.41,0.38,0.4
GWETROOT,2018,3,40,0.36,0.36,0.44,0.57,0.58,0.48,0.43,0.38,0.37,0.4,0.45,0.42,0.44
GWETROOT,2018,3,40.625,0.38,0.37,0.42,0.5,0.52,0.45,0.41,0.39,0.38,0.39,0.45,0.44,0.43
GWETROOT,2018,3,41.25,0.29,0.29,0.32,0.37,0.37,0.33,0.31,0.3,0.29,0.31,0.34,0.33,0.32
GWETROOT,2018,3.5,34.375,0.35,0.34,0.49,0.58,0.66,0.67,0.54,0.45,0.45,0.45,0.41,0.39,0.48
GWETROOT,2018,3.5,35,0.33,0.33,0.42,0.55,0.61,0.57,0.45,0.37,0.34,0.36,0.34,0.36,0.42
GWETROOT,2018,3.5,35.625,0.33,0.33,0.38,0.51,0.51,0.46,0.38,0.33,0.33,0.33,0.33,0.35,0.38
GWETROOT,2018,3.5,36.25,0.33,0.33,0.37,0.5,0.5,0.45,0.37,0.33,0.33,0.33,0.34,0.35,0.38
GWETROOT,2018,3.5,36.875,0.33,0.33,0.38,0.49,0.51,0.44,0.38,0.33,0.33,0.34,0.35,0.34,0.38
GWETROOT,2018,3.5,37.5,0.37,0.37,0.42,0.51,0.51,0.44,0.4,0.38,0.37,0.39,0.4,0.39,0.41
GWETROOT,2018,3.5,38.125,0.33,0.33,0.4,0.53,0.53,0.47,0.42,0.36,0.33,0.38,0.42,0.39,0.41
GWETROOT,2018,3.5,38.75,0.35,0.35,0.42,0.55,0.57,0.5,0.45,0.39,0.36,0.4,0.44,0.4,0.43
GWETROOT,2018,3.5,39.375,0.38,0.38,0.46,0.59,0.64,0.54,0.48,0.42,0.39,0.42,0.46,0.43,0.47
GWETROOT,2018,3.5,40,0.38,0.38,0.45,0.58,0.61,0.49,0.43,0.4,0.38,0.41,0.44,0.42,0.45
GWETROOT,2018,3.5,40.625,0.51,0.51,0.55,0.63,0.63,0.55,0.52,0.51,0.51,0.53,0.56,0.54,0.55
GWETROOT,2018,3.5,41.25,0.34,0.33,0.36,0.42,0.43,0.38,0.36,0.35,0.34,0.35,0.39,0.38,0.37
GWETROOT,2018,4,34.375,0.46,0.45,0.56,0.63,0.67,0.65,0.56,0.5,0.51,0.53,0.5,0.49,0.54
GWETROOT,2018,4,35,0.42,0.43,0.5,0.61,0.68,0.64,0.53,0.45,0.43,0.45,0.43,0.45,0.5
GWETROOT,2018,4,35.625,0.33,0.33,0.38,0.58,0.63,0.58,0.45,0.36,0.33,0.34,0.34,0.36,0.42
GWETROOT,2018,4,36.25,0.33,0.33,0.38,0.56,0.57,0.49,0.39,0.34,0.33,0.34,0.34,0.35,0.4
GWETROOT,2018,4,36.875,0.33,0.33,0.38,0.52,0.56,0.47,0.39,0.34,0.33,0.34,0.35,0.34,0.39
GWETROOT,2018,4,37.5,0.37,0.37,0.41,0.55,0.57,0.48,0.42,0.38,0.37,0.38,0.39,0.38,0.42
GWETROOT,2018,4,38.125,0.43,0.42,0.5,0.64,0.66,0.59,0.53,0.47,0.44,0.46,0.49,0.47,0.51
GWETROOT,2018,4,38.75,0.58,0.58,0.65,0.77,0.81,0.75,0.68,0.61,0.59,0.61,0.64,0.61,0.66
GWETROOT,2018,4,39.375,0.58,0.58,0.65,0.77,0.79,0.7,0.64,0.59,0.58,0.6,0.63,0.6,0.64
GWETROOT,2018,4,40,0.45,0.45,0.52,0.63,0.65,0.55,0.49,0.46,0.45,0.47,0.48,0.47,0.51
GWETROOT,2018,4,40.625,0.51,0.51,0.56,0.64,0.64,0.56,0.53,0.52,0.51,0.53,0.55,0.53,0.55
GWETROOT,2018,4,41.25,0.36,0.35,0.37,0.45,0.45,0.4,0.36,0.35,0.35,0.37,0.4,0.38,0.38
GWETROOT,2018,4.5,34.375,0.58,0.59,0.61,0.64,0.64,0.62,0.6,0.59,0.59,0.61,0.59,0.6,0.61
GWETROOT,2018,4.5,35,0.48,0.5,0.56,0.66,0.73,0.68,0.57,0.5,0.49,0.53,0.51,0.52,0.56
GWETROOT,2018,4.5,35.625,0.33,0.35,0.43,0.65,0.73,0.67,0.5,0.39,0.34,0.36,0.36,0.39,0.46
GWETROOT,2018,4.5,36.25,0.33,0.34,0.39,0.6,0.64,0.55,0.42,0.35,0.33,0.34,0.34,0.36,0.42
GWETROOT,2018,4.5,36.875,0.33,0.33,0.38,0.57,0.63,0.53,0.43,0.36,0.33,0.34,0.34,0.34,0.41
GWETROOT,2018,4.5,37.5,0.51,0.51,0.55,0.69,0.74,0.65,0.57,0.52,0.51,0.52,0.52,0.51,0.57
GWETROOT,2018,4.5,38.125,0.57,0.58,0.64,0.77,0.81,0.75,0.67,0.61,0.58,0.59,0.61,0.59,0.65
GWETROOT,2018,4.5,38.75,0.54,0.55,0.62,0.74,0.79,0.72,0.64,0.58,0.55,0.56,0.58,0.56,0.62
GWETROOT,2018,4.5,39.375,0.47,0.47,0.54,0.65,0.66,0.58,0.52,0.48,0.47,0.48,0.5,0.48,0.53
GWETROOT,2018,4.5,40,0.4,0.4,0.48,0.59,0.6,0.51,0.45,0.42,0.4,0.41,0.43,0.41,0.46
GWETROOT,2018,4.5,40.625,0.38,0.37,0.41,0.5,0.51,0.44,0.39,0.38,0.37,0.39,0.41,0.4,0.41
GWETROOT,2018,4.5,41.25,0.36,0.33,0.35,0.45,0.47,0.4,0.36,0.33,0.33,0.35,0.38,0.38,0.37
GWETROOT,2019,-0.5,34.375,0.64,0.52,0.58,0.6,0.72,0.77,0.71,0.69,0.69,0.81,0.94,0.96,0.72
GWETROOT,2019,-0.5,35,0.71,0.58,0.55,0.55,0.7,0.78,0.77,0.73,0.75,0.83,0.94,0.99,0.74
GWETROOT,2019,-0.5,35.625,0.65,0.56,0.49,0.48,0.54,0.57,0.56,0.54,0.58,0.61,0.65,0.85,0.59
GWETROOT,2019,-0.5,36.25,0.61,0.53,0.47,0.45,0.51,0.54,0.53,0.52,0.54,0.59,0.63,0.82,0.56
GWETROOT,2019,-0.5,36.875,0.53,0.45,0.41,0.4,0.42,0.44,0.41,0.41,0.42,0.52,0.57,0.68,0.47
GWETROOT,2019,-0.5,37.5,0.54,0.49,0.47,0.47,0.49,0.51,0.49,0.48,0.49,0.57,0.62,0.73,0.53
GWETROOT,2019,-0.5,38.125,0.5,0.47,0.47,0.48,0.48,0.47,0.47,0.47,0.47,0.51,0.57,0.63,0.5
GWETROOT,2019,-0.5,38.75,0.45,0.43,0.43,0.44,0.45,0.44,0.43,0.43,0.43,0.47,0.53,0.58,0.46
GWETROOT,2019,-0.5,39.375,0.39,0.39,0.39,0.4,0.45,0.43,0.41,0.4,0.4,0.44,0.47,0.52,0.42
GWETROOT,2019,-0.5,40,0.44,0.43,0.43,0.44,0.5,0.48,0.46,0.44,0.45,0.49,0.53,0.58,0.47
GWETROOT,2019,-0.5,40.625,0.46,0.45,0.45,0.46,0.57,0.55,0.51,0.48,0.48,0.52,0.54,0.58,0.5
GWETROOT,2019,-0.5,41.25,0.47,0.47,0.47,0.48,0.59,0.56,0.52,0.49,0.49,0.53,0.54,0.59,0.52
GWETROOT,2019,-1,34.375,0.58,0.51,0.5,0.52,0.61,0.6,0.56,0.54,0.56,0.56,0.68,0.93,0.6
GWETROOT,2019,-1,35,0.65,0.57,0.54,0.55,0.62,0.68,0.66,0.61,0.62,0.62,0.71,0.93,0.65
GWETROOT,2019,-1,35.625,0.51,0.48,0.46,0.49,0.53,0.59,0.57,0.53,0.55,0.55,0.57,0.83,0.56
GWETROOT,2019,-1,36.25,0.41,0.37,0.35,0.36,0.42,0.49,0.47,0.44,0.44,0.47,0.48,0.66,0.45
GWETROOT,2019,-1,36.875,0.53,0.47,0.45,0.46,0.48,0.49,0.47,0.46,0.46,0.52,0.58,0.68,0.5
GWETROOT,2019,-1,37.5,0.51,0.47,0.46,0.47,0.49,0.5,0.48,0.47,0.47,0.53,0.58,0.64,0.51
GWETROOT,2019,-1,38.125,0.49,0.47,0.47,0.48,0.49,0.47,0.47,0.47,0.47,0.5,0.53,0.55,0.49
GWETROOT,2019,-1,38.75,0.48,0.47,0.47,0.48,0.48,0.47,0.47,0.47,0.47,0.5,0.53,0.55,0.49
GWETROOT,2019,-1,39.375,0.46,0.46,0.46,0.47,0.5,0.47,0.47,0.46,0.47,0.49,0.51,0.52,0.48
GWETROOT,2019,-1,40,0.54,0.53,0.53,0.55,0.59,0.56,0.55,0.54,0.55,0.59,0.61,0.63,0.56
GWETROOT,2019,-1,40.625,0.47,0.47,0.47,0.48,0.6,0.58,0.54,0.51,0.51,0.54,0.56,0.61,0.53
GWETROOT,2019,-1,41.25,0.47,0.47,0.47,0.48,0.6,0.58,0.54,0.51,0.5,0.53,0.55,0.59,0.52
GWETROOT,2019,-1.5,34.375,0.68,0.61,0.61,0.61,0.68,0.63,0.6,0.58,0.6,0.61,0.69,0.92,0.65
GWETROOT,2019,-1.5,35,0.63,0.56,0.56,0.56,0.62,0.64,0.61,0.56,0.58,0.58,0.66,0.91,0.62
GWETROOT,2019,-1.5,35.625,0.53,0.47,0.48,0.48,0.57,0.62,0.58,0.52,0.51,0.58,0.65,0.85,0.57
GWETROOT,2019,-1.5,36.25,0.41,0.39,0.39,0.4,0.46,0.5,0.46,0.42,0.4,0.44,0.49,0.6,0.45
GWETROOT,2019,-1.5,36.875,0.61,0.59,0.59,0.6,0.61,0.62,0.6,0.59,0.59,0.64,0.67,0.71,0.62
GWETROOT,2019,-1.5,37.5,0.49,0.45,0.45,0.45,0.48,0.48,0.46,0.45,0.45,0.54,0.61,0.67,0.5
GWETROOT,2019,-1.5,38.125,0.46,0.43,0.42,0.43,0.45,0.44,0.43,0.42,0.42,0.5,0.55,0.6,0.46
GWETROOT,2019,-1.5,38.75,0.48,0.47,0.47,0.48,0.49,0.47,0.47,0.47,0.47,0.52,0.53,0.54,0.49
GWETROOT,2019,-1.5,39.375,0.47,0.47,0.47,0.48,0.5,0.48,0.47,0.47,0.47,0.51,0.52,0.53,0.49
GWETROOT,2019,-1.5,40,0.54,0.53,0.53,0.55,0.6,0.57,0.56,0.54,0.56,0.59,0.62,0.63,0.57
GWETROOT,2019,-1.5,40.625,0.49,0.48,0.48,0.5,0.6,0.59,0.56,0.53,0.53,0.56,0.58,0.61,0.54
GWETROOT,2019,-1.5,41.25,0.47,0.46,0.46,0.48,0.59,0.61,0.56,0.52,0.51,0.54,0.56,0.6,0.53
GWETROOT,2019,-1.80E-13,34.375,0.62,0.53,0.53,0.54,0.65,0.68,0.66,0.63,0.63,0.74,0.88,0.91,0.67
GWETROOT,2019,-1.80E-13,35,0.71,0.6,0.57,0.56,0.71,0.79,0.82,0.84,0.87,0.92,0.97,0.98,0.78
GWETROOT,2019,-1.80E-13,35.625,0.67,0.58,0.52,0.49,0.56,0.61,0.62,0.62,0.64,0.7,0.77,0.92,0.64
GWETROOT,2019,-1.80E-13,36.25,0.56,0.5,0.47,0.47,0.53,0.56,0.55,0.54,0.56,0.6,0.63,0.77,0.56
GWETROOT,2019,-1.80E-13,36.875,0.51,0.44,0.4,0.39,0.43,0.45,0.43,0.42,0.43,0.52,0.57,0.69,0.47
GWETROOT,2019,-1.80E-13,37.5,0.51,0.45,0.42,0.42,0.45,0.47,0.45,0.44,0.45,0.57,0.64,0.77,0.5
GWETROOT,2019,-1.80E-13,38.125,0.45,0.42,0.41,0.41,0.42,0.42,0.4,0.4,0.4,0.47,0.53,0.62,0.45
GWETROOT,2019,-1.80E-13,38.75,0.38,0.36,0.35,0.36,0.37,0.36,0.35,0.35,0.35,0.41,0.46,0.52,0.39
GWETROOT,2019,-1.80E-13,39.375,0.34,0.33,0.33,0.34,0.39,0.39,0.36,0.34,0.34,0.4,0.42,0.49,0.37
GWETROOT,2019,-1.80E-13,40,0.35,0.34,0.34,0.34,0.41,0.43,0.39,0.36,0.36,0.43,0.45,0.53,0.39
GWETROOT,2019,-1.80E-13,40.625,0.39,0.38,0.38,0.39,0.48,0.48,0.44,0.41,0.41,0.49,0.48,0.53,0.44
GWETROOT,2019,-1.80E-13,41.25,0.42,0.42,0.41,0.42,0.52,0.49,0.45,0.43,0.43,0.52,0.49,0.53,0.46
GWETROOT,2019,-2,34.375,0.71,0.65,0.64,0.63,0.66,0.61,0.6,0.6,0.61,0.63,0.67,0.89,0.66
GWETROOT,2019,-2,35,0.67,0.62,0.6,0.57,0.62,0.6,0.57,0.55,0.57,0.6,0.65,0.88,0.63
GWETROOT,2019,-2,35.625,0.54,0.51,0.5,0.5,0.57,0.58,0.54,0.52,0.51,0.59,0.66,0.75,0.56
GWETROOT,2019,-2,36.25,0.38,0.36,0.36,0.36,0.41,0.41,0.38,0.36,0.36,0.42,0.46,0.53,0.4
GWETROOT,2019,-2,36.875,0.6,0.58,0.58,0.59,0.62,0.61,0.59,0.59,0.59,0.67,0.71,0.75,0.62
GWETROOT,2019,-2,37.5,0.52,0.49,0.48,0.49,0.52,0.51,0.48,0.48,0.48,0.59,0.65,0.7,0.53
GWETROOT,2019,-2,38.125,0.44,0.42,0.41,0.41,0.43,0.42,0.4,0.4,0.39,0.48,0.53,0.58,0.44
GWETROOT,2019,-2,38.75,0.49,0.48,0.48,0.49,0.51,0.49,0.48,0.48,0.48,0.56,0.56,0.58,0.51
GWETROOT,2019,-2,39.375,0.5,0.5,0.5,0.51,0.54,0.52,0.51,0.5,0.51,0.56,0.58,0.58,0.53
GWETROOT,2019,-2,40,0.47,0.46,0.46,0.49,0.53,0.51,0.49,0.48,0.48,0.52,0.57,0.58,0.5
GWETROOT,2019,-2,40.625,0.47,0.46,0.46,0.48,0.59,0.61,0.57,0.52,0.52,0.56,0.6,0.62,0.54
GWETROOT,2019,-2,41.25,0.38,0.37,0.37,0.38,0.49,0.54,0.49,0.45,0.44,0.47,0.49,0.51,0.45
GWETROOT,2019,-2.5,34.375,0.76,0.67,0.6,0.57,0.58,0.5,0.49,0.49,0.53,0.61,0.68,0.9,0.62
GWETROOT,2019,-2.5,35,0.69,0.68,0.6,0.52,0.54,0.5,0.47,0.47,0.5,0.55,0.61,0.87,0.58
GWETROOT,2019,-2.5,35.625,0.54,0.52,0.48,0.48,0.52,0.49,0.47,0.47,0.47,0.57,0.61,0.71,0.53
GWETROOT,2019,-2.5,36.25,0.48,0.46,0.45,0.44,0.48,0.46,0.44,0.43,0.43,0.51,0.54,0.61,0.48
GWETROOT,2019,-2.5,36.875,0.62,0.59,0.58,0.58,0.63,0.6,0.58,0.58,0.58,0.68,0.72,0.81,0.63
GWETROOT,2019,-2.5,37.5,0.63,0.59,0.55,0.54,0.62,0.6,0.55,0.54,0.54,0.68,0.76,0.84,0.62
GWETROOT,2019,-2.5,38.125,0.53,0.5,0.48,0.49,0.52,0.5,0.48,0.48,0.48,0.58,0.64,0.68,0.53
GWETROOT,2019,-2.5,38.75,0.53,0.52,0.51,0.52,0.55,0.53,0.51,0.51,0.51,0.62,0.64,0.64,0.55
GWETROOT,2019,-2.5,39.375,0.6,0.6,0.6,0.61,0.67,0.64,0.61,0.61,0.61,0.69,0.73,0.73,0.64
GWETROOT,2019,-2.5,40,0.4,0.38,0.38,0.4,0.48,0.48,0.43,0.41,0.41,0.48,0.53,0.55,0.44
GWETROOT,2019,-2.5,40.625,0.4,0.39,0.39,0.42,0.54,0.6,0.52,0.46,0.46,0.52,0.57,0.61,0.49
GWETROOT,2019,-2.5,41.25,,,,,,,,,,,,,
GWETROOT,2019,-3,34.375,0.82,0.74,0.62,0.55,0.54,0.47,0.46,0.46,0.5,0.52,0.64,0.9,0.6
GWETROOT,2019,-3,35,0.78,0.79,0.67,0.55,0.56,0.49,0.46,0.46,0.48,0.54,0.64,0.91,0.61
GWETROOT,2019,-3,35.625,0.89,0.9,0.79,0.65,0.67,0.63,0.56,0.51,0.48,0.66,0.81,0.95,0.71
GWETROOT,2019,-3,36.25,0.65,0.63,0.58,0.56,0.61,0.58,0.55,0.55,0.55,0.66,0.7,0.8,0.62
GWETROOT,2019,-3,36.875,0.9,0.89,0.77,0.68,0.84,0.88,0.8,0.75,0.72,0.9,0.96,0.97,0.84
GWETROOT,2019,-3,37.5,0.78,0.73,0.63,0.56,0.67,0.67,0.6,0.57,0.55,0.72,0.86,0.96,0.69
GWETROOT,2019,-3,38.125,0.57,0.53,0.5,0.49,0.55,0.52,0.49,0.49,0.48,0.61,0.67,0.69,0.55
GWETROOT,2019,-3,38.75,0.54,0.52,0.51,0.52,0.57,0.53,0.51,0.51,0.51,0.63,0.65,0.64,0.55
GWETROOT,2019,-3,39.375,0.61,0.6,0.6,0.61,0.7,0.69,0.64,0.62,0.62,0.72,0.76,0.76,0.66
GWETROOT,2019,-3,40,0.4,0.38,0.37,0.39,0.5,0.51,0.45,0.42,0.42,0.51,0.57,0.58,0.46
GWETROOT,2019,-3,40.625,0.41,0.39,0.37,0.4,0.55,0.65,0.53,0.46,0.45,0.55,0.63,0.67,0.51
GWETROOT,2019,-3,41.25,,,,,,,,,,,,,
GWETROOT,2019,-3.5,34.375,0.85,0.79,0.65,0.57,0.56,0.47,0.46,0.46,0.47,0.49,0.6,0.79,0.6
GWETROOT,2019,-3.5,35,0.74,0.74,0.64,0.54,0.55,0.49,0.46,0.46,0.47,0.51,0.57,0.74,0.58
GWETROOT,2019,-3.5,35.625,0.63,0.62,0.56,0.52,0.57,0.53,0.5,0.48,0.48,0.56,0.59,0.67,0.56
GWETROOT,2019,-3.5,36.25,0.62,0.6,0.54,0.5,0.57,0.52,0.49,0.48,0.48,0.58,0.62,0.69,0.56
GWETROOT,2019,-3.5,36.875,0.71,0.68,0.58,0.51,0.61,0.57,0.51,0.48,0.47,0.64,0.73,0.86,0.61
GWETROOT,2019,-3.5,37.5,0.52,0.49,0.47,0.47,0.54,0.51,0.48,0.47,0.46,0.56,0.6,0.66,0.52
GWETROOT,2019,-3.5,38.125,0.5,0.49,0.47,0.48,0.53,0.49,0.48,0.48,0.48,0.59,0.6,0.6,0.52
GWETROOT,2019,-3.5,38.75,0.57,0.54,0.52,0.52,0.59,0.55,0.53,0.52,0.52,0.65,0.67,0.67,0.57
GWETROOT,2019,-3.5,39.375,0.6,0.59,0.58,0.6,0.72,0.73,0.68,0.64,0.62,0.74,0.77,0.77,0.67
GWETROOT,2019,-3.5,40,0.5,0.48,0.47,0.49,0.6,0.59,0.53,0.51,0.51,0.62,0.67,0.66,0.55
GWETROOT,2019,-3.5,40.625,0.41,0.39,0.38,0.4,0.57,0.69,0.56,0.47,0.45,0.57,0.65,0.69,0.52
GWETROOT,2019,-3.5,41.25,,,,,,,,,,,,,
GWETROOT,2019,-4,34.375,0.76,0.73,0.64,0.59,0.57,0.5,0.47,0.46,0.46,0.48,0.55,0.69,0.57
GWETROOT,2019,-4,35,0.71,0.72,0.66,0.6,0.6,0.55,0.53,0.52,0.51,0.54,0.57,0.66,0.6
GWETROOT,2019,-4,35.625,0.62,0.62,0.58,0.55,0.58,0.55,0.52,0.5,0.5,0.54,0.55,0.59,0.56
GWETROOT,2019,-4,36.25,0.59,0.58,0.53,0.5,0.55,0.51,0.48,0.47,0.47,0.52,0.54,0.58,0.53
GWETROOT,2019,-4,36.875,0.54,0.52,0.49,0.48,0.54,0.5,0.47,0.47,0.46,0.52,0.54,0.58,0.51
GWETROOT,2019,-4,37.5,0.54,0.52,0.5,0.51,0.56,0.52,0.5,0.49,0.49,0.56,0.57,0.6,0.53
GWETROOT,2019,-4,38.125,0.56,0.55,0.54,0.55,0.6,0.56,0.55,0.54,0.54,0.62,0.63,0.62,0.57
GWETROOT,2019,-4,38.75,0.52,0.51,0.49,0.51,0.57,0.53,0.52,0.51,0.51,0.61,0.62,0.61,0.54
GWETROOT,2019,-4,39.375,0.47,0.45,0.45,0.46,0.63,0.62,0.54,0.5,0.49,0.61,0.62,0.6,0.54
GWETROOT,2019,-4,40,0.45,0.42,0.41,0.42,0.59,0.53,0.47,0.45,0.45,0.6,0.63,0.61,0.5
GWETROOT,2019,-4,40.625,,,,,,,,,,,,,
GWETROOT,2019,-4,41.25,,,,,,,,,,,,,
GWETROOT,2019,-4.5,34.375,0.65,0.62,0.58,0.59,0.56,0.49,0.45,0.43,0.41,0.44,0.51,0.59,0.53
GWETROOT,2019,-4.5,35,0.6,0.59,0.56,0.54,0.54,0.48,0.46,0.45,0.43,0.47,0.49,0.56,0.51
GWETROOT,2019,-4.5,35.625,0.51,0.5,0.47,0.46,0.48,0.45,0.43,0.42,0.41,0.45,0.45,0.47,0.46
GWETROOT,2019,-4.5,36.25,0.57,0.56,0.53,0.51,0.54,0.5,0.48,0.47,0.47,0.52,0.52,0.54,0.52
GWETROOT,2019,-4.5,36.875,0.53,0.51,0.5,0.5,0.54,0.5,0.48,0.47,0.47,0.54,0.54,0.56,0.51
GWETROOT,2019,-4.5,37.5,0.52,0.51,0.5,0.5,0.55,0.51,0.49,0.48,0.48,0.56,0.56,0.58,0.52
GWETROOT,2019,-4.5,38.125,0.63,0.62,0.61,0.61,0.69,0.65,0.63,0.61,0.61,0.72,0.75,0.76,0.66
GWETROOT,2019,-4.5,38.75,0.6,0.59,0.58,0.58,0.67,0.64,0.6,0.59,0.59,0.71,0.74,0.75,0.64
GWETROOT,2019,-4.5,39.375,0.45,0.43,0.42,0.43,0.59,0.55,0.49,0.46,0.46,0.61,0.61,0.6,0.51
GWETROOT,2019,-4.5,40,0.43,0.42,0.41,0.43,0.63,0.58,0.51,0.46,0.45,0.59,0.59,0.58,0.51
GWETROOT,2019,-4.5,40.625,,,,,,,,,,,,,
GWETROOT,2019,-4.5,41.25,,,,,,,,,,,,,
GWETROOT,2019,0.5,34.375,0.62,0.53,0.49,0.51,0.63,0.66,0.68,0.69,0.7,0.76,0.81,0.89,0.67
GWETROOT,2019,0.5,35,0.64,0.54,0.5,0.51,0.61,0.74,0.82,0.91,0.95,0.95,0.92,0.95,0.75
GWETROOT,2019,0.5,35.625,0.49,0.44,0.42,0.42,0.48,0.55,0.57,0.58,0.56,0.59,0.64,0.73,0.54
GWETROOT,2019,0.5,36.25,0.43,0.41,0.41,0.42,0.48,0.51,0.51,0.51,0.49,0.51,0.52,0.58,0.48
GWETROOT,2019,0.5,36.875,0.52,0.49,0.49,0.51,0.55,0.54,0.52,0.52,0.52,0.55,0.57,0.65,0.54
GWETROOT,2019,0.5,37.5,0.39,0.35,0.34,0.35,0.38,0.38,0.36,0.35,0.36,0.43,0.48,0.57,0.4
GWETROOT,2019,0.5,38.125,0.38,0.34,0.34,0.34,0.35,0.35,0.33,0.33,0.33,0.41,0.47,0.53,0.38
GWETROOT,2019,0.5,38.75,0.35,0.34,0.33,0.33,0.35,0.36,0.34,0.33,0.33,0.4,0.45,0.52,0.37
GWETROOT,2019,0.5,39.375,0.36,0.35,0.35,0.35,0.4,0.43,0.38,0.35,0.35,0.46,0.49,0.58,0.4
GWETROOT,2019,0.5,40,0.34,0.33,0.33,0.34,0.42,0.47,0.39,0.35,0.34,0.47,0.49,0.6,0.41
GWETROOT,2019,0.5,40.625,0.34,0.34,0.34,0.35,0.43,0.46,0.4,0.36,0.35,0.49,0.48,0.54,0.41
GWETROOT,2019,0.5,41.25,0.37,0.36,0.36,0.37,0.44,0.43,0.4,0.38,0.38,0.51,0.48,0.51,0.42
GWETROOT,2019,1,34.375,0.65,0.57,0.54,0.56,0.65,0.68,0.71,0.74,0.78,0.88,0.92,0.97,0.72
GWETROOT,2019,1,35,0.6,0.52,0.49,0.49,0.59,0.75,0.84,0.9,0.9,0.9,0.88,0.89,0.73
GWETROOT,2019,1,35.625,0.36,0.36,0.37,0.37,0.41,0.42,0.43,0.44,0.42,0.41,0.41,0.42,0.4
GWETROOT,2019,1,36.25,0.37,0.35,0.36,0.37,0.41,0.45,0.46,0.46,0.42,0.44,0.46,0.47,0.42
GWETROOT,2019,1,36.875,0.36,0.34,0.34,0.36,0.4,0.39,0.38,0.37,0.36,0.37,0.4,0.44,0.38
GWETROOT,2019,1,37.5,0.36,0.33,0.33,0.35,0.38,0.36,0.34,0.33,0.33,0.39,0.44,0.5,0.37
GWETROOT,2019,1,38.125,0.34,0.33,0.33,0.34,0.35,0.34,0.33,0.33,0.33,0.38,0.41,0.45,0.36
GWETROOT,2019,1,38.75,0.35,0.35,0.35,0.35,0.37,0.37,0.35,0.35,0.35,0.4,0.44,0.49,0.38
GWETROOT,2019,1,39.375,0.36,0.36,0.36,0.36,0.41,0.42,0.37,0.36,0.36,0.46,0.51,0.59,0.41
GWETROOT,2019,1,40,0.33,0.33,0.33,0.34,0.42,0.46,0.38,0.34,0.34,0.51,0.55,0.69,0.42
GWETROOT,2019,1,40.625,0.36,0.35,0.35,0.36,0.45,0.49,0.41,0.37,0.36,0.55,0.58,0.67,0.44
GWETROOT,2019,1,41.25,0.42,0.42,0.42,0.43,0.49,0.5,0.46,0.43,0.43,0.58,0.58,0.62,0.48
GWETROOT,2019,1.5,34.375,0.48,0.47,0.47,0.5,0.54,0.58,0.59,0.62,0.66,0.72,0.71,0.75,0.59
GWETROOT,2019,1.5,35,0.44,0.41,0.42,0.42,0.5,0.6,0.64,0.7,0.7,0.68,0.65,0.68,0.57
GWETROOT,2019,1.5,35.625,0.34,0.33,0.34,0.34,0.36,0.38,0.39,0.39,0.36,0.38,0.41,0.44,0.37
GWETROOT,2019,1.5,36.25,0.36,0.36,0.36,0.37,0.38,0.39,0.39,0.4,0.38,0.4,0.42,0.44,0.39
GWETROOT,2019,1.5,36.875,0.34,0.33,0.34,0.35,0.38,0.35,0.33,0.33,0.33,0.38,0.42,0.47,0.36
GWETROOT,2019,1.5,37.5,0.33,0.33,0.33,0.35,0.37,0.34,0.33,0.33,0.33,0.38,0.42,0.46,0.36
GWETROOT,2019,1.5,38.125,0.34,0.34,0.34,0.35,0.38,0.36,0.35,0.34,0.34,0.39,0.41,0.43,0.36
GWETROOT,2019,1.5,38.75,0.45,0.45,0.45,0.46,0.48,0.46,0.45,0.45,0.45,0.5,0.52,0.53,0.47
GWETROOT,2019,1.5,39.375,0.37,0.35,0.35,0.37,0.43,0.43,0.38,0.36,0.36,0.49,0.55,0.62,0.42
GWETROOT,2019,1.5,40,0.37,0.37,0.37,0.38,0.43,0.43,0.38,0.37,0.37,0.51,0.57,0.63,0.43
GWETROOT,2019,1.5,40.625,0.43,0.41,0.41,0.42,0.52,0.57,0.47,0.42,0.42,0.62,0.69,0.77,0.51
GWETROOT,2019,1.5,41.25,0.36,0.33,0.33,0.34,0.44,0.49,0.4,0.35,0.34,0.59,0.63,0.66,0.44
GWETROOT,2019,2,34.375,0.46,0.46,0.47,0.48,0.5,0.54,0.53,0.55,0.54,0.55,0.53,0.53,0.51
GWETROOT,2019,2,35,0.4,0.39,0.41,0.41,0.44,0.49,0.52,0.54,0.5,0.51,0.5,0.52,0.47
GWETROOT,2019,2,35.625,0.33,0.33,0.33,0.33,0.34,0.34,0.34,0.35,0.33,0.35,0.37,0.39,0.34
GWETROOT,2019,2,36.25,0.37,0.37,0.37,0.37,0.38,0.38,0.38,0.38,0.37,0.38,0.39,0.41,0.38
GWETROOT,2019,2,36.875,0.36,0.35,0.36,0.37,0.38,0.37,0.35,0.35,0.35,0.39,0.43,0.46,0.38
GWETROOT,2019,2,37.5,0.33,0.33,0.33,0.35,0.36,0.34,0.33,0.33,0.33,0.38,0.43,0.46,0.36
GWETROOT,2019,2,38.125,0.39,0.38,0.39,0.4,0.42,0.4,0.39,0.39,0.39,0.45,0.49,0.49,0.42
GWETROOT,2019,2,38.75,0.39,0.38,0.38,0.4,0.42,0.4,0.39,0.38,0.39,0.45,0.5,0.49,0.41
GWETROOT,2019,2,39.375,0.35,0.33,0.33,0.35,0.41,0.42,0.36,0.33,0.34,0.49,0.53,0.51,0.4
GWETROOT,2019,2,40,0.39,0.37,0.37,0.39,0.45,0.46,0.39,0.37,0.38,0.56,0.63,0.6,0.45
GWETROOT,2019,2,40.625,0.57,0.56,0.56,0.57,0.65,0.67,0.58,0.56,0.57,0.77,0.8,0.76,0.64
GWETROOT,2019,2,41.25,0.43,0.41,0.41,0.42,0.52,0.58,0.47,0.43,0.42,0.63,0.67,0.64,0.5
GWETROOT,2019,2.5,34.375,0.42,0.42,0.42,0.44,0.45,0.52,0.5,0.5,0.47,0.48,0.45,0.46,0.46
GWETROOT,2019,2.5,35,0.37,0.36,0.37,0.38,0.4,0.46,0.48,0.52,0.45,0.46,0.45,0.48,0.43
GWETROOT,2019,2.5,35.625,0.33,0.33,0.33,0.34,0.34,0.34,0.37,0.41,0.35,0.35,0.37,0.42,0.36
GWETROOT,2019,2.5,36.25,0.36,0.35,0.36,0.36,0.36,0.36,0.37,0.37,0.36,0.36,0.38,0.4,0.37
GWETROOT,2019,2.5,36.875,0.35,0.34,0.35,0.36,0.36,0.35,0.35,0.35,0.35,0.36,0.39,0.42,0.36
GWETROOT,2019,2.5,37.5,0.37,0.37,0.37,0.38,0.38,0.37,0.37,0.37,0.37,0.4,0.44,0.46,0.39
GWETROOT,2019,2.5,38.125,0.36,0.36,0.36,0.37,0.38,0.37,0.36,0.36,0.37,0.44,0.5,0.5,0.39
GWETROOT,2019,2.5,38.75,0.36,0.36,0.36,0.37,0.38,0.37,0.36,0.36,0.37,0.45,0.5,0.48,0.39
GWETROOT,2019,2.5,39.375,0.35,0.34,0.33,0.36,0.42,0.4,0.36,0.34,0.35,0.49,0.54,0.5,0.4
GWETROOT,2019,2.5,40,0.39,0.37,0.37,0.4,0.47,0.47,0.4,0.38,0.39,0.56,0.61,0.57,0.45
GWETROOT,2019,2.5,40.625,0.49,0.47,0.47,0.49,0.58,0.58,0.5,0.48,0.48,0.62,0.66,0.64,0.54
GWETROOT,2019,2.5,41.25,0.28,0.26,0.25,0.28,0.36,0.36,0.3,0.28,0.27,0.37,0.4,0.38,0.32
GWETROOT,2019,3,34.375,0.45,0.44,0.45,0.46,0.49,0.62,0.62,0.62,0.59,0.6,0.54,0.53,0.53
GWETROOT,2019,3,35,0.33,0.33,0.33,0.34,0.37,0.44,0.47,0.56,0.43,0.42,0.42,0.47,0.41
GWETROOT,2019,3,35.625,0.33,0.33,0.33,0.34,0.34,0.33,0.34,0.34,0.33,0.34,0.35,0.44,0.35
GWETROOT,2019,3,36.25,0.33,0.33,0.33,0.34,0.34,0.34,0.35,0.37,0.34,0.34,0.36,0.42,0.35
GWETROOT,2019,3,36.875,0.33,0.33,0.33,0.34,0.34,0.33,0.33,0.33,0.33,0.34,0.36,0.39,0.34
GWETROOT,2019,3,37.5,0.3,0.3,0.3,0.31,0.31,0.3,0.3,0.3,0.3,0.32,0.34,0.36,0.31
GWETROOT,2019,3,38.125,0.34,0.34,0.34,0.35,0.35,0.34,0.34,0.34,0.35,0.42,0.46,0.47,0.37
GWETROOT,2019,3,38.75,0.39,0.39,0.39,0.4,0.41,0.4,0.39,0.39,0.4,0.5,0.53,0.51,0.43
GWETROOT,2019,3,39.375,0.33,0.33,0.33,0.34,0.38,0.36,0.34,0.33,0.34,0.48,0.51,0.47,0.38
GWETROOT,2019,3,40,0.37,0.37,0.37,0.39,0.45,0.43,0.38,0.37,0.38,0.53,0.55,0.52,0.43
GWETROOT,2019,3,40.625,0.4,0.38,0.37,0.39,0.49,0.46,0.41,0.39,0.38,0.47,0.51,0.53,0.43
GWETROOT,2019,3,41.25,0.3,0.29,0.28,0.3,0.36,0.33,0.31,0.3,0.29,0.35,0.38,0.39,0.32
GWETROOT,2019,3.5,34.375,0.36,0.35,0.35,0.37,0.43,0.59,0.58,0.62,0.53,0.54,0.5,0.5,0.48
GWETROOT,2019,3.5,35,0.33,0.33,0.33,0.35,0.38,0.4,0.44,0.53,0.42,0.42,0.43,0.48,0.4
GWETROOT,2019,3.5,35.625,0.33,0.33,0.33,0.34,0.35,0.33,0.35,0.35,0.33,0.34,0.35,0.39,0.34
GWETROOT,2019,3.5,36.25,0.33,0.33,0.33,0.34,0.35,0.34,0.34,0.34,0.33,0.35,0.35,0.4,0.34
GWETROOT,2019,3.5,36.875,0.33,0.33,0.33,0.34,0.36,0.35,0.33,0.33,0.33,0.37,0.39,0.43,0.35
GWETROOT,2019,3.5,37.5,0.37,0.37,0.37,0.38,0.4,0.39,0.37,0.37,0.37,0.42,0.43,0.46,0.39
GWETROOT,2019,3.5,38.125,0.34,0.33,0.33,0.34,0.36,0.37,0.34,0.33,0.33,0.47,0.5,0.52,0.38
GWETROOT,2019,3.5,38.75,0.35,0.35,0.35,0.36,0.37,0.37,0.35,0.35,0.36,0.54,0.54,0.51,0.4
GWETROOT,2019,3.5,39.375,0.38,0.38,0.38,0.39,0.41,0.41,0.39,0.38,0.39,0.59,0.59,0.54,0.44
GWETROOT,2019,3.5,40,0.38,0.38,0.38,0.39,0.44,0.42,0.38,0.38,0.39,0.57,0.56,0.53,0.43
GWETROOT,2019,3.5,40.625,0.52,0.51,0.51,0.53,0.59,0.55,0.52,0.51,0.51,0.64,0.65,0.65,0.56
GWETROOT,2019,3.5,41.25,0.35,0.34,0.33,0.35,0.4,0.37,0.35,0.34,0.34,0.42,0.44,0.46,0.37
GWETROOT,2019,4,34.375,0.47,0.46,0.46,0.48,0.51,0.58,0.59,0.62,0.55,0.6,0.59,0.6,0.54
GWETROOT,2019,4,35,0.42,0.42,0.42,0.44,0.45,0.46,0.5,0.57,0.48,0.52,0.53,0.57,0.48
GWETROOT,2019,4,35.625,0.33,0.33,0.33,0.34,0.35,0.34,0.35,0.36,0.33,0.38,0.42,0.47,0.36
GWETROOT,2019,4,36.25,0.33,0.33,0.33,0.34,0.35,0.34,0.34,0.34,0.33,0.36,0.38,0.41,0.35
GWETROOT,2019,4,36.875,0.33,0.33,0.33,0.34,0.37,0.36,0.33,0.33,0.33,0.39,0.41,0.43,0.36
GWETROOT,2019,4,37.5,0.37,0.37,0.37,0.38,0.4,0.4,0.37,0.37,0.37,0.44,0.45,0.46,0.4
GWETROOT,2019,4,38.125,0.43,0.42,0.42,0.43,0.45,0.45,0.43,0.42,0.42,0.62,0.62,0.6,0.48
GWETROOT,2019,4,38.75,0.58,0.58,0.58,0.59,0.61,0.6,0.59,0.58,0.59,0.78,0.78,0.76,0.64
GWETROOT,2019,4,39.375,0.58,0.57,0.58,0.58,0.6,0.59,0.58,0.58,0.58,0.79,0.79,0.75,0.63
GWETROOT,2019,4,40,0.45,0.45,0.45,0.46,0.51,0.48,0.46,0.45,0.46,0.66,0.66,0.61,0.51
GWETROOT,2019,4,40.625,0.51,0.51,0.51,0.53,0.59,0.55,0.52,0.51,0.52,0.69,0.7,0.7,0.57
GWETROOT,2019,4,41.25,0.35,0.35,0.35,0.36,0.43,0.4,0.37,0.35,0.35,0.5,0.51,0.51,0.4
GWETROOT,2019,4.5,34.375,0.58,0.58,0.58,0.6,0.6,0.62,0.62,0.61,0.6,0.63,0.62,0.62,0.61
GWETROOT,2019,4.5,35,0.49,0.48,0.48,0.51,0.51,0.5,0.54,0.58,0.52,0.61,0.62,0.64,0.54
GWETROOT,2019,4.5,35.625,0.34,0.33,0.33,0.35,0.35,0.34,0.35,0.37,0.34,0.45,0.54,0.56,0.39
GWETROOT,2019,4.5,36.25,0.33,0.33,0.33,0.35,0.36,0.34,0.34,0.34,0.33,0.41,0.46,0.46,0.37
GWETROOT,2019,4.5,36.875,0.33,0.33,0.33,0.35,0.37,0.35,0.33,0.33,0.33,0.41,0.43,0.44,0.36
GWETROOT,2019,4.5,37.5,0.5,0.5,0.51,0.52,0.53,0.52,0.51,0.51,0.51,0.6,0.61,0.6,0.54
GWETROOT,2019,4.5,38.125,0.57,0.57,0.57,0.58,0.6,0.59,0.58,0.58,0.58,0.74,0.76,0.76,0.62
GWETROOT,2019,4.5,38.75,0.54,0.54,0.54,0.55,0.57,0.56,0.55,0.55,0.55,0.73,0.75,0.74,0.6
GWETROOT,2019,4.5,39.375,0.47,0.46,0.47,0.47,0.51,0.5,0.48,0.47,0.47,0.65,0.72,0.7,0.53
GWETROOT,2019,4.5,40,0.4,0.4,0.4,0.4,0.44,0.43,0.41,0.4,0.4,0.59,0.67,0.63,0.46
GWETROOT,2019,4.5,40.625,0.37,0.37,0.37,0.39,0.45,0.43,0.39,0.38,0.38,0.59,0.67,0.69,0.46
GWETROOT,2019,4.5,41.25,0.34,0.33,0.33,0.34,0.43,0.42,0.36,0.33,0.33,0.58,0.65,0.71,0.43
GWETROOT,2020,-0.5,34.375,0.86,0.82,0.85,0.88,0.93,0.83,0.73,0.64,0.65,0.66,0.88,0.85,0.8
GWETROOT,2020,-0.5,35,0.94,0.92,0.91,0.95,0.98,0.94,0.89,0.82,0.82,0.8,0.95,0.88,0.9
GWETROOT,2020,-0.5,35.625,0.82,0.84,0.79,0.88,0.95,0.92,0.9,0.85,0.83,0.83,0.83,0.78,0.85
GWETROOT,2020,-0.5,36.25,0.78,0.78,0.73,0.81,0.87,0.85,0.83,0.79,0.78,0.78,0.8,0.75,0.8
GWETROOT,2020,-0.5,36.875,0.63,0.61,0.56,0.64,0.73,0.7,0.67,0.64,0.61,0.59,0.64,0.61,0.64
GWETROOT,2020,-0.5,37.5,0.68,0.65,0.59,0.66,0.72,0.68,0.64,0.6,0.58,0.57,0.62,0.58,0.63
GWETROOT,2020,-0.5,38.125,0.57,0.55,0.52,0.55,0.53,0.5,0.48,0.48,0.48,0.48,0.53,0.5,0.51
GWETROOT,2020,-0.5,38.75,0.51,0.49,0.47,0.49,0.48,0.45,0.44,0.44,0.44,0.44,0.48,0.45,0.46
GWETROOT,2020,-0.5,39.375,0.47,0.43,0.42,0.45,0.47,0.43,0.41,0.41,0.4,0.4,0.44,0.4,0.43
GWETROOT,2020,-0.5,40,0.54,0.5,0.48,0.51,0.55,0.5,0.47,0.46,0.45,0.44,0.49,0.45,0.49
GWETROOT,2020,-0.5,40.625,0.54,0.49,0.47,0.53,0.59,0.54,0.51,0.5,0.48,0.47,0.5,0.46,0.51
GWETROOT,2020,-0.5,41.25,0.54,0.49,0.48,0.53,0.61,0.55,0.51,0.51,0.49,0.48,0.51,0.47,0.51
GWETROOT,2020,-1,34.375,0.92,0.9,0.89,0.91,0.92,0.8,0.69,0.61,0.56,0.55,0.74,0.82,0.78
GWETROOT,2020,-1,35,0.95,0.95,0.94,0.97,0.96,0.9,0.84,0.78,0.74,0.71,0.83,0.88,0.87
GWETROOT,2020,-1,35.625,0.88,0.92,0.88,0.92,0.93,0.86,0.81,0.74,0.71,0.7,0.67,0.65,0.81
GWETROOT,2020,-1,36.25,0.65,0.65,0.62,0.69,0.79,0.74,0.7,0.62,0.6,0.59,0.58,0.53,0.65
GWETROOT,2020,-1,36.875,0.61,0.57,0.53,0.62,0.7,0.61,0.54,0.49,0.48,0.48,0.57,0.56,0.56
GWETROOT,2020,-1,37.5,0.6,0.57,0.54,0.61,0.67,0.59,0.54,0.5,0.5,0.49,0.56,0.55,0.56
GWETROOT,2020,-1,38.125,0.52,0.51,0.5,0.51,0.51,0.49,0.48,0.47,0.47,0.48,0.51,0.5,0.5
GWETROOT,2020,-1,38.75,0.5,0.49,0.48,0.51,0.49,0.47,0.47,0.47,0.47,0.48,0.51,0.48,0.48
GWETROOT,2020,-1,39.375,0.49,0.48,0.47,0.49,0.49,0.48,0.47,0.47,0.46,0.47,0.48,0.47,0.48
GWETROOT,2020,-1,40,0.58,0.56,0.56,0.58,0.6,0.56,0.55,0.55,0.54,0.54,0.57,0.54,0.56
GWETROOT,2020,-1,40.625,0.56,0.51,0.49,0.55,0.6,0.56,0.53,0.53,0.49,0.48,0.5,0.48,0.52
GWETROOT,2020,-1,41.25,0.56,0.51,0.49,0.54,0.6,0.57,0.53,0.53,0.49,0.48,0.5,0.47,0.52
GWETROOT,2020,-1.5,34.375,0.92,0.91,0.92,0.89,0.85,0.69,0.6,0.6,0.59,0.6,0.8,0.83,0.77
GWETROOT,2020,-1.5,35,0.97,0.94,0.94,0.92,0.9,0.78,0.68,0.61,0.6,0.61,0.73,0.79,0.79
GWETROOT,2020,-1.5,35.625,0.94,0.92,0.91,0.9,0.94,0.84,0.75,0.63,0.61,0.64,0.7,0.7,0.79
GWETROOT,2020,-1.5,36.25,0.62,0.62,0.62,0.63,0.67,0.57,0.51,0.44,0.44,0.47,0.5,0.47,0.55
GWETROOT,2020,-1.5,36.875,0.67,0.66,0.65,0.72,0.76,0.66,0.62,0.59,0.6,0.6,0.66,0.64,0.65
GWETROOT,2020,-1.5,37.5,0.6,0.56,0.53,0.59,0.64,0.54,0.49,0.46,0.46,0.46,0.56,0.54,0.54
GWETROOT,2020,-1.5,38.125,0.55,0.53,0.51,0.52,0.51,0.48,0.46,0.44,0.44,0.44,0.51,0.49,0.49
GWETROOT,2020,-1.5,38.75,0.5,0.5,0.5,0.5,0.49,0.48,0.47,0.47,0.47,0.47,0.51,0.49,0.49
GWETROOT,2020,-1.5,39.375,0.5,0.48,0.49,0.5,0.5,0.48,0.47,0.47,0.47,0.47,0.49,0.48,0.48
GWETROOT,2020,-1.5,40,0.59,0.56,0.55,0.59,0.6,0.57,0.56,0.56,0.54,0.54,0.56,0.54,0.56
GWETROOT,2020,-1.5,40.625,0.59,0.53,0.51,0.56,0.6,0.59,0.56,0.56,0.52,0.5,0.51,0.49,0.54
GWETROOT,2020,-1.5,41.25,0.58,0.52,0.49,0.54,0.6,0.59,0.55,0.53,0.49,0.48,0.49,0.47,0.53
GWETROOT,2020,-1.80E-13,34.375,0.79,0.75,0.77,0.82,0.89,0.82,0.76,0.68,0.69,0.72,0.85,0.79,0.78
GWETROOT,2020,-1.80E-13,35,0.9,0.89,0.87,0.93,0.98,0.96,0.95,0.91,0.94,0.93,0.96,0.85,0.92
GWETROOT,2020,-1.80E-13,35.625,0.87,0.87,0.81,0.88,0.98,0.94,0.93,0.9,0.88,0.85,0.88,0.81,0.88
GWETROOT,2020,-1.80E-13,36.25,0.72,0.72,0.67,0.74,0.85,0.84,0.83,0.81,0.79,0.76,0.76,0.7,0.77
GWETROOT,2020,-1.80E-13,36.875,0.64,0.63,0.58,0.65,0.73,0.68,0.65,0.62,0.6,0.59,0.63,0.6,0.63
GWETROOT,2020,-1.80E-13,37.5,0.73,0.7,0.62,0.68,0.76,0.7,0.65,0.62,0.6,0.58,0.63,0.59,0.65
GWETROOT,2020,-1.80E-13,38.125,0.56,0.53,0.48,0.51,0.51,0.47,0.44,0.42,0.42,0.41,0.48,0.45,0.47
GWETROOT,2020,-1.80E-13,38.75,0.46,0.43,0.4,0.43,0.43,0.39,0.37,0.36,0.35,0.35,0.41,0.38,0.4
GWETROOT,2020,-1.80E-13,39.375,0.44,0.4,0.37,0.4,0.44,0.39,0.36,0.34,0.34,0.34,0.39,0.36,0.38
GWETROOT,2020,-1.80E-13,40,0.5,0.45,0.41,0.43,0.5,0.44,0.4,0.38,0.37,0.36,0.41,0.38,0.42
GWETROOT,2020,-1.80E-13,40.625,0.49,0.44,0.41,0.44,0.5,0.45,0.43,0.41,0.42,0.41,0.44,0.4,0.44
GWETROOT,2020,-1.80E-13,41.25,0.48,0.44,0.43,0.47,0.52,0.46,0.44,0.44,0.44,0.44,0.46,0.42,0.45
GWETROOT,2020,-2,34.375,0.9,0.92,0.94,0.9,0.84,0.68,0.61,0.6,0.6,0.63,0.8,0.83,0.77
GWETROOT,2020,-2,35,0.96,0.93,0.94,0.9,0.87,0.72,0.62,0.57,0.57,0.6,0.74,0.77,0.77
GWETROOT,2020,-2,35.625,0.84,0.81,0.82,0.82,0.85,0.74,0.65,0.57,0.56,0.57,0.67,0.66,0.71
GWETROOT,2020,-2,36.25,0.57,0.55,0.57,0.56,0.58,0.48,0.42,0.37,0.37,0.39,0.45,0.43,0.48
GWETROOT,2020,-2,36.875,0.7,0.67,0.68,0.74,0.77,0.66,0.6,0.59,0.59,0.59,0.66,0.64,0.66
GWETROOT,2020,-2,37.5,0.63,0.59,0.6,0.63,0.64,0.54,0.5,0.48,0.49,0.49,0.57,0.57,0.56
GWETROOT,2020,-2,38.125,0.53,0.51,0.5,0.5,0.49,0.45,0.43,0.42,0.41,0.41,0.47,0.48,0.47
GWETROOT,2020,-2,38.75,0.53,0.52,0.52,0.53,0.52,0.49,0.49,0.49,0.49,0.49,0.53,0.51,0.51
GWETROOT,2020,-2,39.375,0.55,0.53,0.53,0.57,0.56,0.53,0.52,0.51,0.51,0.51,0.53,0.52,0.53
GWETROOT,2020,-2,40,0.54,0.5,0.49,0.56,0.57,0.53,0.5,0.49,0.48,0.47,0.49,0.48,0.51
GWETROOT,2020,-2,40.625,0.6,0.54,0.5,0.57,0.63,0.61,0.57,0.55,0.51,0.49,0.5,0.48,0.55
GWETROOT,2020,-2,41.25,0.49,0.44,0.41,0.47,0.55,0.53,0.48,0.46,0.43,0.41,0.41,0.39,0.46
GWETROOT,2020,-2.5,34.375,0.88,0.91,0.93,0.89,0.8,0.61,0.52,0.49,0.49,0.54,0.76,0.88,0.72
GWETROOT,2020,-2.5,35,0.96,0.93,0.95,0.95,0.88,0.7,0.57,0.5,0.48,0.5,0.72,0.83,0.75
GWETROOT,2020,-2.5,35.625,0.79,0.72,0.74,0.83,0.79,0.63,0.54,0.48,0.47,0.48,0.6,0.61,0.64
GWETROOT,2020,-2.5,36.25,0.65,0.61,0.63,0.69,0.68,0.57,0.51,0.46,0.44,0.44,0.53,0.53,0.56
GWETROOT,2020,-2.5,36.875,0.77,0.72,0.74,0.8,0.79,0.67,0.6,0.58,0.58,0.58,0.66,0.67,0.68
GWETROOT,2020,-2.5,37.5,0.79,0.74,0.73,0.78,0.79,0.65,0.58,0.54,0.54,0.54,0.67,0.73,0.67
GWETROOT,2020,-2.5,38.125,0.64,0.61,0.59,0.6,0.59,0.53,0.5,0.49,0.48,0.48,0.56,0.58,0.55
GWETROOT,2020,-2.5,38.75,0.6,0.58,0.58,0.6,0.59,0.54,0.52,0.52,0.52,0.52,0.58,0.57,0.56
GWETROOT,2020,-2.5,39.375,0.71,0.66,0.65,0.72,0.72,0.68,0.65,0.63,0.61,0.61,0.65,0.64,0.66
GWETROOT,2020,-2.5,40,0.53,0.47,0.45,0.52,0.56,0.51,0.47,0.44,0.42,0.41,0.44,0.43,0.47
GWETROOT,2020,-2.5,40.625,0.58,0.51,0.46,0.54,0.65,0.62,0.55,0.49,0.45,0.43,0.45,0.44,0.51
GWETROOT,2020,-2.5,41.25,,,,,,,,,,,,,
GWETROOT,2020,-3,34.375,0.87,0.91,0.93,0.9,0.79,0.6,0.5,0.46,0.46,0.48,0.73,0.92,0.71
GWETROOT,2020,-3,35,0.97,0.94,0.96,0.97,0.88,0.69,0.56,0.48,0.47,0.47,0.74,0.9,0.75
GWETROOT,2020,-3,35.625,0.98,0.95,0.97,0.99,0.94,0.83,0.72,0.61,0.54,0.52,0.77,0.92,0.81
GWETROOT,2020,-3,36.25,0.85,0.81,0.82,0.89,0.84,0.71,0.63,0.57,0.56,0.55,0.7,0.74,0.72
GWETROOT,2020,-3,36.875,0.97,0.93,0.95,0.97,0.95,0.9,0.87,0.76,0.69,0.67,0.86,0.93,0.87
GWETROOT,2020,-3,37.5,0.95,0.91,0.9,0.93,0.93,0.83,0.75,0.65,0.58,0.54,0.72,0.89,0.8
GWETROOT,2020,-3,38.125,0.67,0.64,0.62,0.65,0.65,0.59,0.55,0.52,0.49,0.48,0.58,0.62,0.59
GWETROOT,2020,-3,38.75,0.61,0.58,0.58,0.62,0.6,0.54,0.53,0.52,0.51,0.51,0.6,0.59,0.57
GWETROOT,2020,-3,39.375,0.75,0.7,0.67,0.73,0.77,0.73,0.69,0.66,0.64,0.62,0.68,0.67,0.69
GWETROOT,2020,-3,40,0.56,0.49,0.46,0.51,0.58,0.54,0.49,0.44,0.42,0.4,0.45,0.44,0.48
GWETROOT,2020,-3,40.625,0.66,0.57,0.5,0.56,0.71,0.68,0.59,0.5,0.46,0.43,0.46,0.47,0.55
GWETROOT,2020,-3,41.25,,,,,,,,,,,,,
GWETROOT,2020,-3.5,34.375,0.8,0.85,0.9,0.87,0.74,0.58,0.49,0.46,0.46,0.47,0.69,0.89,0.68
GWETROOT,2020,-3.5,35,0.84,0.87,0.91,0.93,0.85,0.7,0.59,0.51,0.47,0.47,0.69,0.83,0.72
GWETROOT,2020,-3.5,35.625,0.75,0.76,0.79,0.89,0.86,0.76,0.67,0.59,0.54,0.5,0.67,0.73,0.71
GWETROOT,2020,-3.5,36.25,0.79,0.79,0.84,0.9,0.82,0.66,0.57,0.51,0.49,0.48,0.7,0.79,0.69
GWETROOT,2020,-3.5,36.875,0.91,0.9,0.93,0.94,0.89,0.75,0.64,0.54,0.49,0.47,0.72,0.87,0.75
GWETROOT,2020,-3.5,37.5,0.66,0.66,0.67,0.68,0.66,0.58,0.53,0.49,0.47,0.46,0.57,0.59,0.58
GWETROOT,2020,-3.5,38.125,0.57,0.55,0.54,0.59,0.58,0.53,0.51,0.49,0.48,0.47,0.56,0.55,0.53
GWETROOT,2020,-3.5,38.75,0.65,0.63,0.62,0.66,0.67,0.62,0.59,0.56,0.54,0.53,0.61,0.6,0.61
GWETROOT,2020,-3.5,39.375,0.76,0.71,0.68,0.73,0.79,0.77,0.73,0.68,0.64,0.61,0.66,0.65,0.7
GWETROOT,2020,-3.5,40,0.64,0.59,0.55,0.6,0.65,0.61,0.56,0.52,0.51,0.49,0.55,0.54,0.57
GWETROOT,2020,-3.5,40.625,0.67,0.58,0.5,0.56,0.73,0.7,0.61,0.51,0.46,0.43,0.46,0.48,0.56
GWETROOT,2020,-3.5,41.25,,,,,,,,,,,,,
GWETROOT,2020,-4,34.375,0.73,0.77,0.8,0.8,0.74,0.61,0.53,0.49,0.47,0.47,0.63,0.78,0.65
GWETROOT,2020,-4,35,0.73,0.77,0.83,0.88,0.84,0.73,0.65,0.58,0.54,0.53,0.67,0.76,0.71
GWETROOT,2020,-4,35.625,0.67,0.68,0.73,0.78,0.75,0.67,0.61,0.57,0.54,0.51,0.65,0.69,0.65
GWETROOT,2020,-4,36.25,0.67,0.68,0.73,0.78,0.73,0.63,0.56,0.51,0.48,0.47,0.63,0.66,0.63
GWETROOT,2020,-4,36.875,0.63,0.67,0.7,0.71,0.67,0.58,0.53,0.49,0.47,0.47,0.58,0.6,0.59
GWETROOT,2020,-4,37.5,0.62,0.63,0.65,0.68,0.65,0.59,0.55,0.52,0.5,0.49,0.59,0.58,0.59
GWETROOT,2020,-4,38.125,0.6,0.59,0.6,0.63,0.62,0.58,0.57,0.55,0.54,0.54,0.59,0.59,0.58
GWETROOT,2020,-4,38.75,0.58,0.56,0.56,0.6,0.62,0.57,0.55,0.52,0.51,0.5,0.55,0.54,0.55
GWETROOT,2020,-4,39.375,0.57,0.52,0.51,0.55,0.62,0.59,0.55,0.5,0.48,0.47,0.5,0.48,0.53
GWETROOT,2020,-4,40,0.58,0.54,0.52,0.58,0.64,0.6,0.54,0.48,0.46,0.44,0.48,0.46,0.53
GWETROOT,2020,-4,40.625,,,,,,,,,,,,,
GWETROOT,2020,-4,41.25,,,,,,,,,,,,,
GWETROOT,2020,-4.5,34.375,0.62,0.64,0.68,0.68,0.65,0.57,0.52,0.47,0.44,0.43,0.57,0.65,0.58
GWETROOT,2020,-4.5,35,0.6,0.61,0.66,0.69,0.67,0.61,0.56,0.52,0.48,0.46,0.58,0.61,0.59
GWETROOT,2020,-4.5,35.625,0.54,0.53,0.59,0.62,0.58,0.52,0.49,0.46,0.44,0.42,0.51,0.49,0.52
GWETROOT,2020,-4.5,36.25,0.6,0.6,0.65,0.69,0.65,0.59,0.55,0.51,0.49,0.47,0.58,0.56,0.58
GWETROOT,2020,-4.5,36.875,0.58,0.6,0.62,0.65,0.61,0.56,0.53,0.51,0.48,0.47,0.55,0.53,0.56
GWETROOT,2020,-4.5,37.5,0.6,0.61,0.64,0.68,0.66,0.6,0.57,0.53,0.5,0.49,0.57,0.55,0.58
GWETROOT,2020,-4.5,38.125,0.74,0.73,0.73,0.78,0.8,0.74,0.7,0.66,0.63,0.61,0.68,0.69,0.71
GWETROOT,2020,-4.5,38.75,0.73,0.69,0.69,0.74,0.77,0.71,0.67,0.63,0.6,0.59,0.65,0.67,0.68
GWETROOT,2020,-4.5,39.375,0.57,0.51,0.5,0.56,0.65,0.61,0.56,0.5,0.47,0.45,0.48,0.46,0.53
GWETROOT,2020,-4.5,40,0.55,0.49,0.49,0.57,0.71,0.68,0.64,0.56,0.49,0.45,0.46,0.44,0.54
GWETROOT,2020,-4.5,40.625,,,,,,,,,,,,,
GWETROOT,2020,-4.5,41.25,,,,,,,,,,,,,
GWETROOT,2020,0.5,34.375,0.79,0.79,0.8,0.86,0.96,0.91,0.92,0.86,0.92,0.92,0.89,0.79,0.87
GWETROOT,2020,0.5,35,0.84,0.83,0.81,0.86,0.98,0.97,0.98,0.98,0.98,0.95,0.91,0.8,0.91
GWETROOT,2020,0.5,35.625,0.67,0.66,0.62,0.67,0.84,0.85,0.88,0.91,0.88,0.81,0.82,0.73,0.78
GWETROOT,2020,0.5,36.25,0.53,0.52,0.49,0.57,0.69,0.66,0.64,0.65,0.6,0.54,0.54,0.5,0.58
GWETROOT,2020,0.5,36.875,0.59,0.59,0.55,0.62,0.66,0.62,0.59,0.58,0.55,0.53,0.56,0.55,0.58
GWETROOT,2020,0.5,37.5,0.52,0.5,0.45,0.5,0.53,0.49,0.45,0.43,0.41,0.39,0.44,0.42,0.46
GWETROOT,2020,0.5,38.125,0.47,0.44,0.4,0.43,0.43,0.4,0.36,0.35,0.34,0.34,0.4,0.38,0.39
GWETROOT,2020,0.5,38.75,0.46,0.43,0.39,0.41,0.43,0.39,0.35,0.34,0.33,0.33,0.4,0.38,0.39
GWETROOT,2020,0.5,39.375,0.51,0.44,0.39,0.41,0.49,0.42,0.37,0.35,0.36,0.36,0.43,0.39,0.41
GWETROOT,2020,0.5,40,0.51,0.42,0.37,0.4,0.49,0.42,0.37,0.34,0.35,0.36,0.42,0.37,0.4
GWETROOT,2020,0.5,40.625,0.46,0.39,0.36,0.38,0.43,0.39,0.36,0.35,0.37,0.4,0.41,0.37,0.39
GWETROOT,2020,0.5,41.25,0.46,0.41,0.4,0.43,0.44,0.4,0.39,0.38,0.4,0.41,0.42,0.39,0.41
GWETROOT,2020,1,34.375,0.87,0.9,0.88,0.91,0.98,0.95,0.96,0.95,0.96,0.98,0.94,0.85,0.93
GWETROOT,2020,1,35,0.79,0.76,0.73,0.8,0.95,0.95,0.98,0.99,0.97,0.93,0.9,0.78,0.88
GWETROOT,2020,1,35.625,0.39,0.4,0.38,0.44,0.51,0.5,0.49,0.51,0.47,0.42,0.41,0.38,0.44
GWETROOT,2020,1,36.25,0.43,0.43,0.42,0.49,0.56,0.53,0.52,0.58,0.53,0.45,0.47,0.42,0.49
GWETROOT,2020,1,36.875,0.42,0.42,0.4,0.46,0.48,0.45,0.44,0.44,0.4,0.37,0.39,0.39,0.42
GWETROOT,2020,1,37.5,0.46,0.44,0.41,0.45,0.45,0.41,0.38,0.37,0.35,0.34,0.39,0.38,0.4
GWETROOT,2020,1,38.125,0.41,0.4,0.38,0.39,0.38,0.37,0.34,0.33,0.33,0.33,0.38,0.35,0.37
GWETROOT,2020,1,38.75,0.44,0.42,0.39,0.41,0.41,0.38,0.36,0.35,0.35,0.35,0.41,0.38,0.39
GWETROOT,2020,1,39.375,0.5,0.42,0.39,0.42,0.46,0.4,0.37,0.36,0.37,0.37,0.46,0.41,0.41
GWETROOT,2020,1,40,0.53,0.41,0.35,0.39,0.44,0.38,0.34,0.33,0.35,0.38,0.45,0.38,0.39
GWETROOT,2020,1,40.625,0.53,0.42,0.37,0.4,0.43,0.38,0.36,0.36,0.38,0.43,0.47,0.4,0.41
GWETROOT,2020,1,41.25,0.54,0.47,0.44,0.46,0.47,0.44,0.43,0.42,0.45,0.46,0.5,0.45,0.46
GWETROOT,2020,1.5,34.375,0.67,0.65,0.64,0.65,0.78,0.78,0.82,0.83,0.88,0.9,0.82,0.71,0.76
GWETROOT,2020,1.5,35,0.58,0.56,0.56,0.62,0.85,0.81,0.85,0.91,0.88,0.82,0.72,0.58,0.73
GWETROOT,2020,1.5,35.625,0.39,0.4,0.38,0.44,0.47,0.44,0.44,0.5,0.44,0.39,0.39,0.36,0.42
GWETROOT,2020,1.5,36.25,0.4,0.41,0.4,0.45,0.47,0.44,0.44,0.48,0.43,0.4,0.4,0.38,0.43
GWETROOT,2020,1.5,36.875,0.43,0.42,0.4,0.46,0.45,0.41,0.38,0.36,0.34,0.34,0.36,0.35,0.39
GWETROOT,2020,1.5,37.5,0.41,0.41,0.39,0.44,0.43,0.38,0.35,0.34,0.33,0.33,0.36,0.35,0.38
GWETROOT,2020,1.5,38.125,0.4,0.4,0.39,0.41,0.4,0.38,0.36,0.35,0.34,0.34,0.39,0.36,0.38
GWETROOT,2020,1.5,38.75,0.49,0.48,0.47,0.5,0.49,0.46,0.46,0.45,0.45,0.45,0.49,0.46,0.47
GWETROOT,2020,1.5,39.375,0.51,0.43,0.38,0.42,0.46,0.4,0.37,0.36,0.37,0.39,0.47,0.41,0.41
GWETROOT,2020,1.5,40,0.51,0.43,0.38,0.44,0.49,0.42,0.38,0.37,0.38,0.39,0.5,0.43,0.43
GWETROOT,2020,1.5,40.625,0.6,0.48,0.42,0.46,0.49,0.44,0.42,0.41,0.44,0.48,0.56,0.48,0.47
GWETROOT,2020,1.5,41.25,0.5,0.39,0.34,0.38,0.42,0.37,0.34,0.33,0.36,0.41,0.55,0.44,0.4
GWETROOT,2020,2,34.375,0.49,0.49,0.52,0.54,0.61,0.58,0.61,0.61,0.64,0.66,0.59,0.53,0.57
GWETROOT,2020,2,35,0.47,0.46,0.49,0.53,0.67,0.62,0.62,0.68,0.63,0.59,0.53,0.45,0.56
GWETROOT,2020,2,35.625,0.36,0.38,0.37,0.42,0.43,0.39,0.38,0.42,0.37,0.34,0.34,0.33,0.38
GWETROOT,2020,2,36.25,0.38,0.4,0.4,0.43,0.44,0.4,0.39,0.4,0.38,0.37,0.38,0.37,0.39
GWETROOT,2020,2,36.875,0.42,0.42,0.41,0.45,0.45,0.41,0.38,0.37,0.35,0.36,0.38,0.37,0.4
GWETROOT,2020,2,37.5,0.41,0.4,0.39,0.43,0.44,0.38,0.34,0.34,0.33,0.33,0.36,0.35,0.37
GWETROOT,2020,2,38.125,0.44,0.43,0.43,0.46,0.47,0.42,0.4,0.39,0.39,0.39,0.44,0.41,0.42
GWETROOT,2020,2,38.75,0.44,0.43,0.42,0.46,0.47,0.43,0.4,0.39,0.38,0.39,0.44,0.41,0.42
GWETROOT,2020,2,39.375,0.42,0.37,0.35,0.43,0.49,0.41,0.36,0.34,0.34,0.37,0.45,0.4,0.39
GWETROOT,2020,2,40,0.48,0.41,0.4,0.48,0.56,0.47,0.41,0.38,0.38,0.41,0.52,0.45,0.45
GWETROOT,2020,2,40.625,0.62,0.56,0.56,0.62,0.66,0.58,0.56,0.56,0.59,0.61,0.68,0.59,0.6
GWETROOT,2020,2,41.25,0.5,0.42,0.41,0.47,0.51,0.45,0.42,0.41,0.44,0.48,0.55,0.46,0.46
GWETROOT,2020,2.5,34.375,0.44,0.44,0.46,0.49,0.54,0.5,0.53,0.53,0.51,0.52,0.47,0.45,0.49
GWETROOT,2020,2.5,35,0.43,0.42,0.45,0.49,0.65,0.59,0.55,0.54,0.53,0.5,0.45,0.41,0.5
GWETROOT,2020,2.5,35.625,0.37,0.37,0.37,0.42,0.49,0.43,0.39,0.39,0.36,0.34,0.33,0.33,0.38
GWETROOT,2020,2.5,36.25,0.37,0.39,0.38,0.4,0.43,0.38,0.36,0.36,0.36,0.36,0.36,0.36,0.38
GWETROOT,2020,2.5,36.875,0.39,0.4,0.39,0.42,0.47,0.41,0.37,0.35,0.35,0.35,0.36,0.36,0.38
GWETROOT,2020,2.5,37.5,0.41,0.4,0.4,0.43,0.48,0.4,0.37,0.37,0.37,0.37,0.39,0.38,0.4
GWETROOT,2020,2.5,38.125,0.43,0.4,0.4,0.45,0.49,0.42,0.37,0.36,0.36,0.37,0.42,0.4,0.41
GWETROOT,2020,2.5,38.75,0.41,0.39,0.4,0.44,0.49,0.42,0.38,0.36,0.36,0.37,0.43,0.4,0.4
GWETROOT,2020,2.5,39.375,0.4,0.35,0.37,0.46,0.55,0.44,0.37,0.34,0.34,0.36,0.47,0.41,0.41
GWETROOT,2020,2.5,40,0.45,0.4,0.41,0.5,0.61,0.5,0.42,0.38,0.38,0.41,0.52,0.46,0.45
GWETROOT,2020,2.5,40.625,0.52,0.48,0.47,0.54,0.63,0.53,0.49,0.47,0.48,0.5,0.58,0.51,0.52
GWETROOT,2020,2.5,41.25,0.31,0.27,0.26,0.32,0.37,0.31,0.28,0.26,0.27,0.29,0.36,0.3,0.3
GWETROOT,2020,3,34.375,0.48,0.48,0.52,0.54,0.66,0.62,0.7,0.72,0.7,0.71,0.62,0.55,0.61
GWETROOT,2020,3,35,0.42,0.41,0.46,0.5,0.64,0.56,0.51,0.5,0.47,0.46,0.41,0.4,0.48
GWETROOT,2020,3,35.625,0.39,0.39,0.37,0.38,0.44,0.37,0.34,0.33,0.33,0.33,0.33,0.34,0.36
GWETROOT,2020,3,36.25,0.37,0.37,0.36,0.38,0.44,0.37,0.34,0.34,0.34,0.34,0.34,0.34,0.36
GWETROOT,2020,3,36.875,0.35,0.36,0.36,0.38,0.46,0.39,0.34,0.33,0.33,0.33,0.34,0.33,0.36
GWETROOT,2020,3,37.5,0.32,0.32,0.33,0.36,0.43,0.35,0.31,0.3,0.3,0.3,0.31,0.31,0.33
GWETROOT,2020,3,38.125,0.4,0.36,0.38,0.43,0.53,0.44,0.37,0.35,0.34,0.35,0.39,0.36,0.39
GWETROOT,2020,3,38.75,0.43,0.4,0.42,0.47,0.58,0.48,0.41,0.39,0.39,0.4,0.46,0.42,0.44
GWETROOT,2020,3,39.375,0.38,0.34,0.36,0.43,0.56,0.44,0.37,0.34,0.33,0.35,0.45,0.39,0.4
GWETROOT,2020,3,40,0.42,0.37,0.39,0.47,0.62,0.48,0.41,0.37,0.37,0.39,0.5,0.43,0.44
GWETROOT,2020,3,40.625,0.44,0.4,0.38,0.45,0.57,0.46,0.41,0.39,0.38,0.4,0.49,0.43,0.43
GWETROOT,2020,3,41.25,0.33,0.31,0.3,0.35,0.41,0.34,0.32,0.3,0.29,0.31,0.36,0.33,0.33
GWETROOT,2020,3.5,34.375,0.43,0.42,0.46,0.51,0.66,0.62,0.71,0.73,0.67,0.69,0.57,0.56,0.59
GWETROOT,2020,3.5,35,0.42,0.41,0.48,0.53,0.64,0.56,0.51,0.5,0.45,0.45,0.43,0.45,0.49
GWETROOT,2020,3.5,35.625,0.35,0.37,0.38,0.43,0.5,0.41,0.36,0.34,0.33,0.33,0.34,0.34,0.37
GWETROOT,2020,3.5,36.25,0.36,0.37,0.37,0.42,0.49,0.41,0.35,0.34,0.33,0.34,0.34,0.34,0.37
GWETROOT,2020,3.5,36.875,0.38,0.36,0.35,0.41,0.52,0.43,0.36,0.34,0.33,0.33,0.35,0.33,0.37
GWETROOT,2020,3.5,37.5,0.4,0.39,0.4,0.44,0.52,0.43,0.39,0.38,0.37,0.38,0.4,0.38,0.41
GWETROOT,2020,3.5,38.125,0.43,0.37,0.37,0.47,0.6,0.48,0.41,0.36,0.34,0.34,0.4,0.36,0.41
GWETROOT,2020,3.5,38.75,0.42,0.37,0.37,0.45,0.61,0.49,0.42,0.38,0.36,0.38,0.45,0.39,0.42
GWETROOT,2020,3.5,39.375,0.44,0.4,0.4,0.46,0.65,0.53,0.45,0.41,0.39,0.43,0.52,0.44,0.46
GWETROOT,2020,3.5,40,0.44,0.39,0.39,0.46,0.61,0.48,0.42,0.38,0.38,0.42,0.52,0.44,0.44
GWETROOT,2020,3.5,40.625,0.55,0.52,0.51,0.59,0.67,0.56,0.52,0.51,0.51,0.54,0.61,0.54,0.55
GWETROOT,2020,3.5,41.25,0.4,0.36,0.35,0.4,0.45,0.39,0.36,0.35,0.34,0.36,0.41,0.37,0.38
GWETROOT,2020,4,34.375,0.52,0.52,0.54,0.58,0.63,0.62,0.63,0.66,0.61,0.64,0.62,0.63,0.6
GWETROOT,2020,4,35,0.5,0.48,0.56,0.62,0.74,0.63,0.56,0.55,0.49,0.49,0.5,0.52,0.55
GWETROOT,2020,4,35.625,0.41,0.4,0.46,0.55,0.66,0.54,0.44,0.4,0.37,0.36,0.37,0.35,0.44
GWETROOT,2020,4,36.25,0.36,0.37,0.4,0.48,0.55,0.44,0.37,0.35,0.33,0.34,0.34,0.34,0.39
GWETROOT,2020,4,36.875,0.38,0.36,0.36,0.46,0.55,0.45,0.38,0.34,0.33,0.35,0.35,0.34,0.39
GWETROOT,2020,4,37.5,0.4,0.39,0.39,0.48,0.57,0.46,0.41,0.38,0.37,0.38,0.39,0.38,0.42
GWETROOT,2020,4,38.125,0.51,0.47,0.46,0.54,0.68,0.57,0.5,0.46,0.45,0.47,0.53,0.47,0.51
GWETROOT,2020,4,38.75,0.66,0.6,0.61,0.7,0.86,0.74,0.66,0.61,0.59,0.62,0.67,0.61,0.66
GWETROOT,2020,4,39.375,0.65,0.59,0.59,0.64,0.77,0.67,0.61,0.58,0.58,0.63,0.7,0.62,0.64
GWETROOT,2020,4,40,0.51,0.46,0.46,0.54,0.68,0.55,0.48,0.46,0.46,0.53,0.58,0.49,0.52
GWETROOT,2020,4,40.625,0.58,0.53,0.51,0.61,0.69,0.57,0.53,0.52,0.52,0.58,0.61,0.54,0.57
GWETROOT,2020,4,41.25,0.43,0.37,0.35,0.42,0.48,0.4,0.37,0.35,0.35,0.39,0.42,0.38,0.39
GWETROOT,2020,4.5,34.375,0.6,0.6,0.62,0.63,0.63,0.63,0.61,0.62,0.61,0.63,0.63,0.62,0.62
GWETROOT,2020,4.5,35,0.55,0.54,0.61,0.68,0.77,0.67,0.59,0.56,0.53,0.55,0.57,0.58,0.6
GWETROOT,2020,4.5,35.625,0.47,0.45,0.54,0.64,0.77,0.63,0.5,0.44,0.4,0.4,0.43,0.38,0.5
GWETROOT,2020,4.5,36.25,0.4,0.39,0.44,0.53,0.61,0.49,0.41,0.37,0.34,0.36,0.37,0.34,0.42
GWETROOT,2020,4.5,36.875,0.39,0.37,0.37,0.47,0.59,0.49,0.41,0.37,0.34,0.36,0.36,0.34,0.41
GWETROOT,2020,4.5,37.5,0.54,0.52,0.54,0.63,0.76,0.64,0.56,0.53,0.51,0.54,0.54,0.51,0.57
GWETROOT,2020,4.5,38.125,0.67,0.62,0.6,0.69,0.84,0.73,0.65,0.6,0.58,0.62,0.66,0.6,0.66
GWETROOT,2020,4.5,38.75,0.65,0.59,0.57,0.66,0.81,0.7,0.62,0.58,0.56,0.59,0.64,0.58,0.63
GWETROOT,2020,4.5,39.375,0.59,0.51,0.48,0.56,0.67,0.56,0.51,0.48,0.48,0.55,0.59,0.52,0.54
GWETROOT,2020,4.5,40,0.51,0.44,0.42,0.49,0.59,0.49,0.43,0.41,0.41,0.48,0.52,0.45,0.47
GWETROOT,2020,4.5,40.625,0.54,0.42,0.38,0.5,0.61,0.47,0.4,0.38,0.39,0.48,0.51,0.43,0.46
GWETROOT,2020,4.5,41.25,0.55,0.42,0.35,0.44,0.53,0.42,0.36,0.33,0.34,0.39,0.44,0.39,0.41
GWETROOT,2021,-0.5,34.375,0.72,0.63,0.58,0.84,0.93,0.77,0.63,0.55,0.57,0.64,0.69,0.81,0.7
GWETROOT,2021,-0.5,35,0.77,0.69,0.63,0.8,0.93,0.83,0.75,0.71,0.73,0.76,0.73,0.83,0.76
GWETROOT,2021,-0.5,35.625,0.73,0.7,0.63,0.67,0.73,0.68,0.68,0.68,0.65,0.64,0.59,0.6,0.66
GWETROOT,2021,-0.5,36.25,0.7,0.66,0.61,0.64,0.71,0.66,0.64,0.64,0.62,0.6,0.57,0.59,0.64
GWETROOT,2021,-0.5,36.875,0.56,0.53,0.51,0.54,0.57,0.51,0.5,0.49,0.45,0.44,0.44,0.5,0.5
GWETROOT,2021,-0.5,37.5,0.55,0.53,0.52,0.55,0.58,0.54,0.53,0.51,0.49,0.49,0.49,0.57,0.53
GWETROOT,2021,-0.5,38.125,0.49,0.48,0.48,0.49,0.5,0.48,0.47,0.47,0.47,0.47,0.48,0.57,0.49
GWETROOT,2021,-0.5,38.75,0.45,0.44,0.44,0.45,0.45,0.44,0.43,0.43,0.43,0.43,0.45,0.53,0.45
GWETROOT,2021,-0.5,39.375,0.4,0.39,0.42,0.42,0.42,0.4,0.4,0.39,0.39,0.39,0.41,0.5,0.41
GWETROOT,2021,-0.5,40,0.45,0.44,0.46,0.47,0.46,0.45,0.45,0.43,0.43,0.43,0.45,0.56,0.46
GWETROOT,2021,-0.5,40.625,0.47,0.45,0.53,0.5,0.47,0.49,0.49,0.46,0.46,0.46,0.47,0.54,0.48
GWETROOT,2021,-0.5,41.25,0.48,0.47,0.55,0.51,0.48,0.5,0.5,0.47,0.47,0.47,0.48,0.54,0.49
GWETROOT,2021,-1,34.375,0.75,0.66,0.57,0.67,0.75,0.65,0.56,0.51,0.53,0.54,0.58,0.68,0.62
GWETROOT,2021,-1,35,0.83,0.76,0.67,0.73,0.81,0.74,0.68,0.64,0.63,0.62,0.6,0.65,0.7
GWETROOT,2021,-1,35.625,0.62,0.59,0.53,0.57,0.62,0.56,0.54,0.53,0.51,0.5,0.48,0.5,0.55
GWETROOT,2021,-1,36.25,0.49,0.47,0.41,0.45,0.52,0.47,0.44,0.43,0.41,0.4,0.38,0.41,0.44
GWETROOT,2021,-1,36.875,0.51,0.49,0.47,0.5,0.54,0.5,0.47,0.46,0.46,0.46,0.47,0.55,0.49
GWETROOT,2021,-1,37.5,0.51,0.5,0.48,0.5,0.54,0.5,0.48,0.47,0.46,0.47,0.47,0.54,0.49
GWETROOT,2021,-1,38.125,0.48,0.48,0.48,0.49,0.49,0.48,0.47,0.47,0.47,0.47,0.48,0.52,0.48
GWETROOT,2021,-1,38.75,0.47,0.47,0.47,0.48,0.49,0.47,0.47,0.47,0.47,0.47,0.48,0.52,0.48
GWETROOT,2021,-1,39.375,0.46,0.46,0.47,0.48,0.48,0.47,0.47,0.46,0.46,0.46,0.47,0.51,0.47
GWETROOT,2021,-1,40,0.54,0.53,0.55,0.56,0.56,0.55,0.55,0.54,0.54,0.54,0.55,0.62,0.55
GWETROOT,2021,-1,40.625,0.48,0.47,0.54,0.51,0.49,0.52,0.51,0.48,0.47,0.47,0.49,0.56,0.5
GWETROOT,2021,-1,41.25,0.48,0.47,0.53,0.5,0.49,0.52,0.51,0.48,0.47,0.47,0.49,0.56,0.5
GWETROOT,2021,-1.5,34.375,0.78,0.7,0.62,0.73,0.75,0.64,0.58,0.57,0.59,0.58,0.62,0.67,0.65
GWETROOT,2021,-1.5,35,0.73,0.69,0.6,0.65,0.68,0.6,0.55,0.55,0.55,0.54,0.56,0.59,0.61
GWETROOT,2021,-1.5,35.625,0.63,0.64,0.55,0.6,0.66,0.58,0.53,0.5,0.48,0.47,0.48,0.53,0.55
GWETROOT,2021,-1.5,36.25,0.43,0.46,0.41,0.45,0.51,0.45,0.42,0.4,0.39,0.39,0.39,0.42,0.43
GWETROOT,2021,-1.5,36.875,0.6,0.61,0.59,0.63,0.66,0.61,0.59,0.59,0.59,0.59,0.59,0.64,0.61
GWETROOT,2021,-1.5,37.5,0.5,0.48,0.46,0.49,0.53,0.49,0.46,0.46,0.45,0.45,0.46,0.53,0.48
GWETROOT,2021,-1.5,38.125,0.47,0.46,0.44,0.46,0.48,0.45,0.44,0.43,0.42,0.43,0.43,0.49,0.45
GWETROOT,2021,-1.5,38.75,0.48,0.47,0.47,0.48,0.49,0.47,0.47,0.47,0.47,0.47,0.47,0.52,0.48
GWETROOT,2021,-1.5,39.375,0.47,0.47,0.47,0.49,0.49,0.47,0.47,0.47,0.47,0.47,0.47,0.5,0.48
GWETROOT,2021,-1.5,40,0.54,0.53,0.56,0.57,0.56,0.56,0.55,0.54,0.54,0.54,0.54,0.58,0.55
GWETROOT,2021,-1.5,40.625,0.49,0.48,0.53,0.51,0.5,0.54,0.54,0.5,0.49,0.49,0.49,0.54,0.51
GWETROOT,2021,-1.5,41.25,0.47,0.46,0.51,0.5,0.49,0.53,0.53,0.49,0.47,0.47,0.48,0.54,0.5
GWETROOT,2021,-1.80E-13,34.375,0.68,0.6,0.54,0.69,0.77,0.67,0.59,0.55,0.56,0.58,0.59,0.63,0.62
GWETROOT,2021,-1.80E-13,35,0.77,0.7,0.63,0.75,0.87,0.8,0.78,0.78,0.81,0.83,0.77,0.8,0.77
GWETROOT,2021,-1.80E-13,35.625,0.79,0.74,0.67,0.71,0.8,0.75,0.75,0.75,0.74,0.74,0.7,0.72,0.74
GWETROOT,2021,-1.80E-13,36.25,0.68,0.62,0.56,0.6,0.67,0.61,0.61,0.61,0.59,0.58,0.55,0.57,0.6
GWETROOT,2021,-1.80E-13,36.875,0.62,0.58,0.53,0.55,0.6,0.55,0.54,0.52,0.49,0.47,0.46,0.53,0.54
GWETROOT,2021,-1.80E-13,37.5,0.6,0.55,0.52,0.53,0.57,0.51,0.5,0.49,0.46,0.45,0.47,0.58,0.52
GWETROOT,2021,-1.80E-13,38.125,0.46,0.43,0.43,0.43,0.45,0.42,0.41,0.41,0.4,0.4,0.43,0.57,0.44
GWETROOT,2021,-1.80E-13,38.75,0.39,0.37,0.36,0.37,0.38,0.36,0.35,0.35,0.35,0.35,0.37,0.5,0.38
GWETROOT,2021,-1.80E-13,39.375,0.36,0.34,0.34,0.35,0.37,0.34,0.33,0.33,0.33,0.33,0.36,0.49,0.36
GWETROOT,2021,-1.80E-13,40,0.38,0.35,0.36,0.37,0.38,0.36,0.35,0.34,0.34,0.34,0.37,0.52,0.37
GWETROOT,2021,-1.80E-13,40.625,0.4,0.39,0.43,0.43,0.41,0.41,0.4,0.39,0.39,0.39,0.42,0.53,0.42
GWETROOT,2021,-1.80E-13,41.25,0.43,0.42,0.47,0.45,0.43,0.43,0.43,0.42,0.42,0.42,0.45,0.55,0.44
GWETROOT,2021,-2,34.375,0.79,0.71,0.63,0.72,0.73,0.62,0.6,0.6,0.6,0.6,0.65,0.66,0.66
GWETROOT,2021,-2,35,0.72,0.7,0.62,0.65,0.68,0.6,0.55,0.55,0.55,0.55,0.58,0.61,0.61
GWETROOT,2021,-2,35.625,0.6,0.62,0.56,0.6,0.65,0.57,0.53,0.51,0.5,0.5,0.52,0.59,0.56
GWETROOT,2021,-2,36.25,0.4,0.43,0.38,0.43,0.46,0.4,0.37,0.36,0.36,0.36,0.36,0.4,0.39
GWETROOT,2021,-2,36.875,0.6,0.62,0.59,0.63,0.66,0.6,0.59,0.59,0.58,0.59,0.59,0.64,0.61
GWETROOT,2021,-2,37.5,0.52,0.52,0.49,0.52,0.55,0.51,0.49,0.49,0.48,0.48,0.49,0.55,0.51
GWETROOT,2021,-2,38.125,0.45,0.43,0.42,0.43,0.44,0.43,0.42,0.41,0.4,0.4,0.41,0.46,0.43
GWETROOT,2021,-2,38.75,0.49,0.48,0.49,0.5,0.5,0.49,0.48,0.48,0.48,0.48,0.49,0.53,0.49
GWETROOT,2021,-2,39.375,0.5,0.5,0.52,0.53,0.53,0.52,0.51,0.5,0.5,0.5,0.51,0.53,0.51
GWETROOT,2021,-2,40,0.47,0.46,0.5,0.5,0.51,0.5,0.49,0.47,0.47,0.47,0.47,0.49,0.48
GWETROOT,2021,-2,40.625,0.47,0.46,0.52,0.52,0.52,0.54,0.54,0.5,0.48,0.47,0.47,0.5,0.5
GWETROOT,2021,-2,41.25,0.38,0.37,0.41,0.42,0.41,0.45,0.45,0.42,0.4,0.38,0.38,0.42,0.41
GWETROOT,2021,-2.5,34.375,0.85,0.73,0.6,0.65,0.68,0.56,0.5,0.49,0.5,0.51,0.59,0.64,0.61
GWETROOT,2021,-2.5,35,0.79,0.75,0.63,0.63,0.67,0.57,0.49,0.47,0.47,0.48,0.5,0.62,0.59
GWETROOT,2021,-2.5,35.625,0.59,0.6,0.53,0.61,0.62,0.53,0.48,0.47,0.47,0.47,0.48,0.62,0.54
GWETROOT,2021,-2.5,36.25,0.51,0.52,0.48,0.54,0.54,0.48,0.45,0.43,0.43,0.43,0.44,0.52,0.48
GWETROOT,2021,-2.5,36.875,0.64,0.62,0.59,0.64,0.65,0.61,0.58,0.58,0.57,0.57,0.59,0.66,0.61
GWETROOT,2021,-2.5,37.5,0.64,0.6,0.56,0.64,0.65,0.66,0.59,0.55,0.54,0.54,0.55,0.71,0.6
GWETROOT,2021,-2.5,38.125,0.53,0.5,0.49,0.51,0.51,0.52,0.5,0.48,0.48,0.48,0.48,0.58,0.51
GWETROOT,2021,-2.5,38.75,0.53,0.52,0.52,0.54,0.54,0.54,0.52,0.51,0.51,0.51,0.52,0.59,0.53
GWETROOT,2021,-2.5,39.375,0.6,0.6,0.63,0.65,0.64,0.65,0.62,0.6,0.6,0.6,0.6,0.65,0.62
GWETROOT,2021,-2.5,40,0.4,0.39,0.44,0.45,0.45,0.46,0.43,0.41,0.4,0.39,0.39,0.43,0.42
GWETROOT,2021,-2.5,40.625,0.41,0.4,0.47,0.48,0.49,0.52,0.48,0.44,0.42,0.41,0.4,0.44,0.45
GWETROOT,2021,-2.5,41.25,,,,,,,,,,,,,
GWETROOT,2021,-3,34.375,0.9,0.79,0.62,0.58,0.64,0.53,0.47,0.46,0.47,0.47,0.51,0.56,0.58
GWETROOT,2021,-3,35,0.89,0.88,0.75,0.69,0.71,0.59,0.5,0.46,0.46,0.47,0.49,0.63,0.63
GWETROOT,2021,-3,35.625,0.93,0.93,0.87,0.94,0.93,0.81,0.68,0.58,0.51,0.48,0.48,0.78,0.74
GWETROOT,2021,-3,36.25,0.71,0.68,0.62,0.72,0.7,0.61,0.57,0.55,0.55,0.55,0.56,0.7,0.63
GWETROOT,2021,-3,36.875,0.9,0.85,0.79,0.92,0.92,0.9,0.84,0.76,0.68,0.62,0.61,0.88,0.81
GWETROOT,2021,-3,37.5,0.81,0.73,0.65,0.74,0.75,0.82,0.74,0.65,0.58,0.52,0.5,0.76,0.69
GWETROOT,2021,-3,38.125,0.56,0.52,0.5,0.53,0.54,0.58,0.54,0.51,0.49,0.48,0.47,0.59,0.53
GWETROOT,2021,-3,38.75,0.53,0.52,0.51,0.54,0.54,0.57,0.52,0.51,0.51,0.51,0.51,0.61,0.53
GWETROOT,2021,-3,39.375,0.62,0.61,0.65,0.67,0.66,0.68,0.64,0.61,0.61,0.6,0.6,0.66,0.63
GWETROOT,2021,-3,40,0.4,0.39,0.44,0.45,0.45,0.48,0.43,0.4,0.39,0.38,0.38,0.43,0.42
GWETROOT,2021,-3,40.625,0.42,0.4,0.48,0.52,0.51,0.56,0.5,0.44,0.42,0.4,0.38,0.44,0.46
GWETROOT,2021,-3,41.25,,,,,,,,,,,,,
GWETROOT,2021,-3.5,34.375,0.9,0.81,0.65,0.61,0.63,0.52,0.46,0.46,0.46,0.46,0.48,0.53,0.58
GWETROOT,2021,-3.5,35,0.81,0.8,0.71,0.67,0.65,0.55,0.49,0.47,0.46,0.46,0.47,0.55,0.59
GWETROOT,2021,-3.5,35.625,0.69,0.68,0.62,0.7,0.66,0.58,0.54,0.51,0.48,0.48,0.48,0.61,0.59
GWETROOT,2021,-3.5,36.25,0.72,0.66,0.59,0.66,0.61,0.53,0.49,0.48,0.48,0.48,0.49,0.62,0.57
GWETROOT,2021,-3.5,36.875,0.8,0.72,0.61,0.73,0.7,0.64,0.56,0.5,0.47,0.47,0.47,0.65,0.61
GWETROOT,2021,-3.5,37.5,0.54,0.53,0.49,0.54,0.54,0.56,0.52,0.48,0.47,0.46,0.46,0.51,0.51
GWETROOT,2021,-3.5,38.125,0.5,0.49,0.48,0.51,0.53,0.58,0.53,0.5,0.48,0.47,0.47,0.55,0.51
GWETROOT,2021,-3.5,38.75,0.54,0.53,0.51,0.56,0.58,0.63,0.58,0.55,0.53,0.51,0.5,0.6,0.55
GWETROOT,2021,-3.5,39.375,0.6,0.59,0.63,0.66,0.64,0.68,0.63,0.6,0.59,0.58,0.58,0.65,0.62
GWETROOT,2021,-3.5,40,0.49,0.48,0.5,0.54,0.53,0.55,0.51,0.49,0.48,0.47,0.47,0.54,0.5
GWETROOT,2021,-3.5,40.625,0.42,0.4,0.49,0.53,0.52,0.57,0.5,0.44,0.41,0.39,0.38,0.45,0.46
GWETROOT,2021,-3.5,41.25,,,,,,,,,,,,,
GWETROOT,2021,-4,34.375,0.8,0.77,0.67,0.65,0.62,0.52,0.48,0.47,0.46,0.46,0.48,0.52,0.57
GWETROOT,2021,-4,35,0.73,0.75,0.7,0.69,0.66,0.59,0.55,0.53,0.52,0.51,0.52,0.58,0.61
GWETROOT,2021,-4,35.625,0.66,0.67,0.63,0.65,0.61,0.56,0.54,0.52,0.5,0.5,0.49,0.58,0.58
GWETROOT,2021,-4,36.25,0.61,0.62,0.57,0.6,0.56,0.51,0.48,0.47,0.47,0.47,0.47,0.56,0.53
GWETROOT,2021,-4,36.875,0.55,0.58,0.53,0.55,0.54,0.51,0.48,0.47,0.46,0.46,0.46,0.53,0.51
GWETROOT,2021,-4,37.5,0.55,0.57,0.53,0.56,0.56,0.55,0.52,0.5,0.49,0.49,0.49,0.56,0.53
GWETROOT,2021,-4,38.125,0.55,0.56,0.54,0.57,0.59,0.61,0.57,0.55,0.54,0.54,0.54,0.6,0.56
GWETROOT,2021,-4,38.75,0.5,0.5,0.5,0.53,0.55,0.58,0.54,0.52,0.51,0.49,0.49,0.56,0.52
GWETROOT,2021,-4,39.375,0.45,0.45,0.47,0.5,0.5,0.52,0.48,0.46,0.46,0.45,0.44,0.5,0.47
GWETROOT,2021,-4,40,0.42,0.41,0.41,0.47,0.48,0.5,0.44,0.42,0.42,0.4,0.39,0.48,0.44
GWETROOT,2021,-4,40.625,,,,,,,,,,,,,
GWETROOT,2021,-4,41.25,,,,,,,,,,,,,
GWETROOT,2021,-4.5,34.375,0.67,0.67,0.61,0.61,0.58,0.5,0.47,0.44,0.42,0.41,0.43,0.49,0.52
GWETROOT,2021,-4.5,35,0.59,0.61,0.56,0.57,0.55,0.49,0.47,0.45,0.44,0.43,0.44,0.48,0.51
GWETROOT,2021,-4.5,35.625,0.48,0.52,0.48,0.5,0.48,0.45,0.44,0.42,0.42,0.41,0.41,0.46,0.46
GWETROOT,2021,-4.5,36.25,0.54,0.59,0.55,0.58,0.55,0.51,0.49,0.48,0.47,0.47,0.47,0.54,0.52
GWETROOT,2021,-4.5,36.875,0.52,0.56,0.52,0.55,0.54,0.53,0.5,0.48,0.47,0.47,0.47,0.55,0.51
GWETROOT,2021,-4.5,37.5,0.52,0.56,0.52,0.54,0.55,0.55,0.52,0.5,0.48,0.47,0.47,0.56,0.52
GWETROOT,2021,-4.5,38.125,0.63,0.63,0.6,0.64,0.67,0.72,0.68,0.64,0.61,0.59,0.59,0.69,0.64
GWETROOT,2021,-4.5,38.75,0.6,0.58,0.57,0.61,0.65,0.7,0.65,0.61,0.58,0.57,0.56,0.67,0.61
GWETROOT,2021,-4.5,39.375,0.42,0.41,0.42,0.48,0.49,0.5,0.46,0.44,0.42,0.41,0.4,0.48,0.44
GWETROOT,2021,-4.5,40,0.41,0.4,0.42,0.48,0.51,0.47,0.43,0.41,0.4,0.38,0.38,0.45,0.43
GWETROOT,2021,-4.5,40.625,,,,,,,,,,,,,
GWETROOT,2021,-4.5,41.25,,,,,,,,,,,,,
GWETROOT,2021,0.5,34.375,0.7,0.64,0.55,0.59,0.63,0.57,0.55,0.53,0.61,0.59,0.53,0.5,0.58
GWETROOT,2021,0.5,35,0.74,0.66,0.56,0.6,0.73,0.69,0.72,0.75,0.82,0.83,0.75,0.7,0.71
GWETROOT,2021,0.5,35.625,0.7,0.6,0.52,0.55,0.68,0.61,0.6,0.6,0.58,0.56,0.52,0.53,0.59
GWETROOT,2021,0.5,36.25,0.52,0.46,0.43,0.45,0.52,0.47,0.48,0.48,0.47,0.45,0.43,0.45,0.47
GWETROOT,2021,0.5,36.875,0.59,0.54,0.51,0.52,0.55,0.51,0.52,0.51,0.5,0.5,0.5,0.56,0.53
GWETROOT,2021,0.5,37.5,0.49,0.43,0.39,0.38,0.41,0.37,0.36,0.36,0.35,0.35,0.36,0.49,0.4
GWETROOT,2021,0.5,38.125,0.4,0.37,0.35,0.35,0.37,0.35,0.34,0.33,0.33,0.33,0.36,0.52,0.37
GWETROOT,2021,0.5,38.75,0.39,0.36,0.34,0.34,0.36,0.34,0.33,0.33,0.33,0.33,0.36,0.52,0.36
GWETROOT,2021,0.5,39.375,0.4,0.36,0.35,0.37,0.39,0.36,0.35,0.35,0.35,0.35,0.39,0.64,0.39
GWETROOT,2021,0.5,40,0.38,0.34,0.34,0.37,0.39,0.35,0.34,0.33,0.33,0.33,0.38,0.67,0.38
GWETROOT,2021,0.5,40.625,0.36,0.34,0.35,0.38,0.37,0.35,0.35,0.34,0.34,0.34,0.38,0.64,0.38
GWETROOT,2021,0.5,41.25,0.38,0.37,0.38,0.4,0.38,0.37,0.37,0.37,0.37,0.36,0.4,0.57,0.39
GWETROOT,2021,1,34.375,0.81,0.72,0.64,0.66,0.68,0.62,0.59,0.58,0.62,0.64,0.6,0.55,0.64
GWETROOT,2021,1,35,0.71,0.61,0.53,0.57,0.73,0.66,0.67,0.69,0.75,0.81,0.7,0.63,0.67
GWETROOT,2021,1,35.625,0.4,0.37,0.36,0.37,0.43,0.39,0.4,0.4,0.38,0.38,0.36,0.37,0.38
GWETROOT,2021,1,36.25,0.44,0.39,0.36,0.4,0.48,0.41,0.42,0.42,0.4,0.39,0.38,0.39,0.41
GWETROOT,2021,1,36.875,0.46,0.41,0.37,0.36,0.38,0.35,0.36,0.35,0.34,0.35,0.34,0.38,0.37
GWETROOT,2021,1,37.5,0.45,0.41,0.37,0.35,0.37,0.34,0.34,0.33,0.33,0.34,0.34,0.44,0.37
GWETROOT,2021,1,38.125,0.37,0.35,0.34,0.34,0.34,0.33,0.33,0.33,0.33,0.33,0.35,0.43,0.35
GWETROOT,2021,1,38.75,0.39,0.36,0.35,0.36,0.37,0.35,0.35,0.35,0.35,0.35,0.38,0.49,0.37
GWETROOT,2021,1,39.375,0.41,0.37,0.36,0.39,0.41,0.37,0.36,0.36,0.36,0.36,0.4,0.65,0.4
GWETROOT,2021,1,40,0.41,0.34,0.33,0.39,0.39,0.35,0.33,0.33,0.33,0.33,0.39,0.79,0.39
GWETROOT,2021,1,40.625,0.39,0.36,0.36,0.41,0.39,0.36,0.36,0.36,0.36,0.35,0.41,0.78,0.41
GWETROOT,2021,1,41.25,0.43,0.42,0.42,0.44,0.43,0.42,0.42,0.42,0.42,0.42,0.46,0.65,0.45
GWETROOT,2021,1.5,34.375,0.63,0.55,0.5,0.54,0.55,0.51,0.5,0.49,0.53,0.54,0.51,0.48,0.53
GWETROOT,2021,1.5,35,0.51,0.46,0.42,0.47,0.63,0.53,0.53,0.53,0.54,0.57,0.49,0.46,0.51
GWETROOT,2021,1.5,35.625,0.37,0.34,0.33,0.35,0.42,0.36,0.37,0.36,0.34,0.35,0.33,0.34,0.36
GWETROOT,2021,1.5,36.25,0.4,0.37,0.36,0.37,0.41,0.38,0.38,0.38,0.37,0.37,0.36,0.37,0.38
GWETROOT,2021,1.5,36.875,0.41,0.38,0.35,0.34,0.34,0.33,0.34,0.33,0.33,0.34,0.34,0.39,0.35
GWETROOT,2021,1.5,37.5,0.41,0.36,0.34,0.34,0.34,0.33,0.33,0.33,0.33,0.33,0.34,0.4,0.35
GWETROOT,2021,1.5,38.125,0.37,0.35,0.35,0.35,0.36,0.34,0.34,0.34,0.34,0.34,0.36,0.46,0.36
GWETROOT,2021,1.5,38.75,0.47,0.45,0.45,0.46,0.47,0.45,0.45,0.45,0.45,0.45,0.47,0.56,0.47
GWETROOT,2021,1.5,39.375,0.43,0.37,0.36,0.39,0.4,0.36,0.36,0.36,0.36,0.35,0.41,0.74,0.41
GWETROOT,2021,1.5,40,0.43,0.38,0.37,0.41,0.42,0.38,0.37,0.37,0.37,0.37,0.42,0.76,0.42
GWETROOT,2021,1.5,40.625,0.46,0.42,0.42,0.44,0.42,0.41,0.42,0.41,0.41,0.41,0.46,0.85,0.46
GWETROOT,2021,1.5,41.25,0.37,0.33,0.33,0.35,0.33,0.34,0.34,0.33,0.33,0.33,0.39,0.78,0.38
GWETROOT,2021,2,34.375,0.52,0.48,0.47,0.5,0.52,0.47,0.49,0.47,0.49,0.49,0.47,0.47,0.49
GWETROOT,2021,2,35,0.45,0.42,0.4,0.42,0.53,0.46,0.46,0.45,0.44,0.44,0.41,0.4,0.44
GWETROOT,2021,2,35.625,0.35,0.33,0.33,0.34,0.38,0.33,0.34,0.34,0.33,0.33,0.33,0.33,0.34
GWETROOT,2021,2,36.25,0.4,0.37,0.37,0.38,0.4,0.37,0.38,0.37,0.37,0.37,0.37,0.37,0.38
GWETROOT,2021,2,36.875,0.42,0.38,0.37,0.37,0.37,0.35,0.36,0.35,0.35,0.36,0.36,0.39,0.37
GWETROOT,2021,2,37.5,0.41,0.36,0.34,0.35,0.34,0.33,0.33,0.33,0.33,0.33,0.34,0.4,0.35
GWETROOT,2021,2,38.125,0.44,0.41,0.4,0.4,0.41,0.39,0.39,0.38,0.38,0.39,0.41,0.5,0.41
GWETROOT,2021,2,38.75,0.44,0.41,0.4,0.4,0.42,0.39,0.39,0.38,0.38,0.38,0.41,0.52,0.41
GWETROOT,2021,2,39.375,0.42,0.36,0.35,0.37,0.39,0.35,0.33,0.33,0.33,0.34,0.38,0.7,0.39
GWETROOT,2021,2,40,0.45,0.39,0.39,0.41,0.44,0.4,0.38,0.37,0.37,0.38,0.43,0.78,0.43
GWETROOT,2021,2,40.625,0.59,0.56,0.57,0.58,0.57,0.56,0.56,0.56,0.56,0.56,0.59,0.81,0.59
GWETROOT,2021,2,41.25,0.46,0.41,0.42,0.43,0.41,0.41,0.41,0.41,0.41,0.41,0.46,0.78,0.45
GWETROOT,2021,2.5,34.375,0.49,0.44,0.43,0.44,0.49,0.43,0.47,0.44,0.45,0.44,0.43,0.43,0.45
GWETROOT,2021,2.5,35,0.53,0.44,0.38,0.38,0.51,0.45,0.45,0.42,0.42,0.4,0.37,0.37,0.43
GWETROOT,2021,2.5,35.625,0.43,0.36,0.33,0.34,0.4,0.36,0.34,0.33,0.33,0.33,0.33,0.33,0.35
GWETROOT,2021,2.5,36.25,0.44,0.37,0.36,0.36,0.39,0.36,0.36,0.36,0.36,0.36,0.36,0.36,0.37
GWETROOT,2021,2.5,36.875,0.48,0.41,0.37,0.36,0.37,0.35,0.35,0.35,0.34,0.35,0.35,0.36,0.37
GWETROOT,2021,2.5,37.5,0.5,0.42,0.38,0.38,0.38,0.37,0.37,0.37,0.37,0.37,0.38,0.42,0.39
GWETROOT,2021,2.5,38.125,0.52,0.43,0.38,0.38,0.38,0.36,0.36,0.36,0.36,0.36,0.37,0.48,0.4
GWETROOT,2021,2.5,38.75,0.51,0.41,0.38,0.38,0.39,0.37,0.36,0.36,0.36,0.36,0.38,0.49,0.4
GWETROOT,2021,2.5,39.375,0.51,0.4,0.37,0.38,0.4,0.36,0.34,0.34,0.34,0.34,0.38,0.63,0.4
GWETROOT,2021,2.5,40,0.56,0.44,0.41,0.42,0.44,0.4,0.38,0.38,0.38,0.38,0.42,0.72,0.44
GWETROOT,2021,2.5,40.625,0.58,0.49,0.49,0.5,0.49,0.48,0.48,0.47,0.47,0.47,0.5,0.74,0.51
GWETROOT,2021,2.5,41.25,0.36,0.3,0.28,0.29,0.28,0.27,0.26,0.26,0.25,0.25,0.29,0.52,0.3
GWETROOT,2021,3,34.375,0.6,0.5,0.46,0.47,0.58,0.51,0.53,0.5,0.49,0.5,0.46,0.47,0.51
GWETROOT,2021,3,35,0.65,0.46,0.37,0.34,0.49,0.42,0.42,0.39,0.37,0.35,0.34,0.35,0.41
GWETROOT,2021,3,35.625,0.5,0.39,0.33,0.33,0.39,0.34,0.33,0.33,0.33,0.33,0.33,0.33,0.35
GWETROOT,2021,3,36.25,0.5,0.39,0.34,0.34,0.39,0.35,0.33,0.33,0.33,0.33,0.33,0.33,0.36
GWETROOT,2021,3,36.875,0.43,0.36,0.33,0.33,0.37,0.34,0.33,0.33,0.33,0.33,0.33,0.34,0.35
GWETROOT,2021,3,37.5,0.42,0.33,0.31,0.31,0.32,0.3,0.3,0.3,0.3,0.3,0.31,0.36,0.32
GWETROOT,2021,3,38.125,0.52,0.41,0.36,0.35,0.36,0.34,0.34,0.34,0.34,0.35,0.36,0.48,0.38
GWETROOT,2021,3,38.75,0.54,0.43,0.4,0.41,0.42,0.4,0.39,0.39,0.39,0.4,0.42,0.55,0.43
GWETROOT,2021,3,39.375,0.48,0.37,0.36,0.37,0.4,0.35,0.34,0.33,0.34,0.34,0.37,0.55,0.38
GWETROOT,2021,3,40,0.53,0.41,0.4,0.41,0.43,0.39,0.37,0.37,0.37,0.37,0.41,0.63,0.42
GWETROOT,2021,3,40.625,0.5,0.41,0.41,0.42,0.42,0.4,0.39,0.38,0.38,0.38,0.41,0.62,0.43
GWETROOT,2021,3,41.25,0.35,0.31,0.31,0.32,0.32,0.31,0.3,0.3,0.3,0.3,0.32,0.43,0.32
GWETROOT,2021,3.5,34.375,0.64,0.46,0.38,0.38,0.57,0.47,0.52,0.48,0.45,0.43,0.41,0.42,0.47
GWETROOT,2021,3.5,35,0.74,0.51,0.39,0.37,0.51,0.43,0.4,0.37,0.36,0.34,0.35,0.36,0.43
GWETROOT,2021,3.5,35.625,0.67,0.47,0.36,0.34,0.42,0.37,0.33,0.33,0.34,0.33,0.33,0.33,0.38
GWETROOT,2021,3.5,36.25,0.62,0.44,0.35,0.34,0.42,0.37,0.33,0.33,0.34,0.33,0.33,0.33,0.38
GWETROOT,2021,3.5,36.875,0.46,0.37,0.33,0.34,0.39,0.35,0.33,0.33,0.33,0.33,0.35,0.45,0.36
GWETROOT,2021,3.5,37.5,0.47,0.39,0.37,0.39,0.43,0.39,0.37,0.37,0.37,0.37,0.39,0.47,0.4
GWETROOT,2021,3.5,38.125,0.45,0.37,0.34,0.38,0.42,0.38,0.34,0.33,0.33,0.34,0.37,0.58,0.39
GWETROOT,2021,3.5,38.75,0.44,0.37,0.35,0.39,0.45,0.41,0.38,0.37,0.36,0.36,0.39,0.55,0.4
GWETROOT,2021,3.5,39.375,0.48,0.4,0.39,0.42,0.48,0.43,0.4,0.4,0.4,0.4,0.42,0.59,0.43
GWETROOT,2021,3.5,40,0.47,0.39,0.4,0.42,0.45,0.41,0.39,0.39,0.39,0.39,0.42,0.61,0.43
GWETROOT,2021,3.5,40.625,0.56,0.52,0.53,0.54,0.54,0.52,0.52,0.52,0.52,0.52,0.54,0.66,0.54
GWETROOT,2021,3.5,41.25,0.38,0.35,0.35,0.36,0.37,0.36,0.35,0.35,0.34,0.34,0.37,0.46,0.37
GWETROOT,2021,4,34.375,0.66,0.53,0.48,0.49,0.59,0.52,0.55,0.52,0.51,0.5,0.53,0.53,0.53
GWETROOT,2021,4,35,0.73,0.54,0.46,0.46,0.61,0.51,0.47,0.44,0.45,0.44,0.44,0.44,0.5
GWETROOT,2021,4,35.625,0.71,0.5,0.38,0.37,0.55,0.45,0.38,0.34,0.35,0.34,0.33,0.33,0.42
GWETROOT,2021,4,36.25,0.64,0.45,0.35,0.35,0.47,0.39,0.34,0.33,0.34,0.33,0.33,0.33,0.39
GWETROOT,2021,4,36.875,0.47,0.38,0.33,0.34,0.43,0.38,0.34,0.33,0.33,0.33,0.34,0.37,0.36
GWETROOT,2021,4,37.5,0.48,0.4,0.37,0.39,0.45,0.41,0.38,0.37,0.37,0.37,0.39,0.43,0.4
GWETROOT,2021,4,38.125,0.53,0.45,0.43,0.46,0.53,0.48,0.45,0.45,0.45,0.46,0.47,0.56,0.48
GWETROOT,2021,4,38.75,0.66,0.59,0.58,0.62,0.68,0.62,0.59,0.59,0.59,0.6,0.61,0.7,0.62
GWETROOT,2021,4,39.375,0.65,0.58,0.58,0.61,0.66,0.61,0.58,0.59,0.59,0.59,0.61,0.7,0.61
GWETROOT,2021,4,40,0.49,0.45,0.46,0.47,0.51,0.48,0.46,0.47,0.46,0.46,0.48,0.59,0.48
GWETROOT,2021,4,40.625,0.55,0.52,0.52,0.53,0.55,0.53,0.52,0.53,0.52,0.53,0.55,0.66,0.54
GWETROOT,2021,4,41.25,0.38,0.35,0.35,0.36,0.38,0.36,0.35,0.36,0.35,0.36,0.38,0.51,0.37
GWETROOT,2021,4.5,34.375,0.62,0.59,0.58,0.6,0.61,0.59,0.61,0.59,0.59,0.59,0.61,0.6,0.6
GWETROOT,2021,4.5,35,0.7,0.56,0.5,0.53,0.65,0.56,0.52,0.49,0.52,0.51,0.52,0.5,0.55
GWETROOT,2021,4.5,35.625,0.68,0.49,0.38,0.39,0.67,0.53,0.42,0.36,0.39,0.39,0.35,0.33,0.45
GWETROOT,2021,4.5,36.25,0.59,0.43,0.35,0.36,0.57,0.45,0.37,0.34,0.35,0.34,0.33,0.33,0.4
GWETROOT,2021,4.5,36.875,0.53,0.42,0.35,0.34,0.52,0.45,0.38,0.34,0.34,0.34,0.34,0.34,0.39
GWETROOT,2021,4.5,37.5,0.6,0.52,0.51,0.52,0.64,0.57,0.52,0.51,0.52,0.52,0.52,0.54,0.54
GWETROOT,2021,4.5,38.125,0.65,0.59,0.58,0.6,0.67,0.62,0.58,0.58,0.58,0.6,0.6,0.66,0.61
GWETROOT,2021,4.5,38.75,0.62,0.56,0.55,0.57,0.63,0.58,0.56,0.56,0.55,0.57,0.57,0.64,0.58
GWETROOT,2021,4.5,39.375,0.53,0.48,0.47,0.49,0.54,0.5,0.48,0.48,0.48,0.49,0.5,0.58,0.5
GWETROOT,2021,4.5,40,0.47,0.41,0.4,0.42,0.47,0.43,0.41,0.41,0.41,0.42,0.43,0.53,0.43
GWETROOT,2021,4.5,40.625,0.42,0.38,0.38,0.4,0.44,0.41,0.38,0.39,0.38,0.4,0.42,0.57,0.41
GWETROOT,2021,4.5,41.25,0.4,0.34,0.33,0.35,0.41,0.39,0.36,0.37,0.35,0.38,0.39,0.56,0.39
GWETROOT,2022,-0.5,34.375,0.81,0.76,0.65,0.71,0.87,0.82,0.66,0.68,0.69,0.61,0.67,0.72,0.72
GWETROOT,2022,-0.5,35,0.77,0.72,0.63,0.7,0.83,0.81,0.71,0.75,0.79,0.72,0.73,0.75,0.74
GWETROOT,2022,-0.5,35.625,0.55,0.52,0.48,0.5,0.5,0.49,0.47,0.56,0.58,0.51,0.54,0.52,0.52
GWETROOT,2022,-0.5,36.25,0.55,0.51,0.47,0.49,0.51,0.49,0.47,0.55,0.57,0.51,0.55,0.52,0.52
GWETROOT,2022,-0.5,36.875,0.46,0.43,0.45,0.49,0.52,0.48,0.48,0.52,0.61,0.53,0.57,0.55,0.51
GWETROOT,2022,-0.5,37.5,0.53,0.49,0.49,0.52,0.54,0.51,0.5,0.53,0.58,0.53,0.58,0.57,0.53
GWETROOT,2022,-0.5,38.125,0.5,0.48,0.48,0.49,0.49,0.47,0.47,0.47,0.48,0.47,0.54,0.51,0.49
GWETROOT,2022,-0.5,38.75,0.46,0.44,0.44,0.45,0.45,0.44,0.44,0.44,0.44,0.43,0.5,0.46,0.45
GWETROOT,2022,-0.5,39.375,0.41,0.4,0.39,0.43,0.47,0.42,0.42,0.41,0.41,0.39,0.44,0.41,0.42
GWETROOT,2022,-0.5,40,0.47,0.45,0.44,0.48,0.55,0.48,0.47,0.46,0.46,0.44,0.49,0.45,0.47
GWETROOT,2022,-0.5,40.625,0.47,0.46,0.46,0.51,0.59,0.53,0.54,0.49,0.47,0.46,0.5,0.46,0.5
GWETROOT,2022,-0.5,41.25,0.48,0.47,0.47,0.52,0.58,0.53,0.54,0.49,0.48,0.47,0.51,0.47,0.5
GWETROOT,2022,-1,34.375,0.63,0.64,0.56,0.61,0.65,0.6,0.52,0.54,0.57,0.51,0.53,0.57,0.58
GWETROOT,2022,-1,35,0.62,0.64,0.58,0.62,0.64,0.64,0.59,0.61,0.63,0.57,0.59,0.61,0.61
GWETROOT,2022,-1,35.625,0.5,0.51,0.49,0.51,0.52,0.53,0.5,0.54,0.55,0.5,0.51,0.5,0.51
GWETROOT,2022,-1,36.25,0.41,0.41,0.38,0.39,0.41,0.41,0.4,0.44,0.45,0.4,0.41,0.41,0.41
GWETROOT,2022,-1,36.875,0.53,0.49,0.46,0.47,0.47,0.46,0.46,0.46,0.49,0.46,0.52,0.53,0.48
GWETROOT,2022,-1,37.5,0.52,0.5,0.47,0.48,0.48,0.47,0.47,0.48,0.49,0.46,0.51,0.52,0.49
GWETROOT,2022,-1,38.125,0.49,0.48,0.47,0.48,0.48,0.47,0.47,0.47,0.48,0.47,0.51,0.49,0.48
GWETROOT,2022,-1,38.75,0.47,0.47,0.47,0.48,0.47,0.47,0.47,0.47,0.48,0.47,0.5,0.48,0.47
GWETROOT,2022,-1,39.375,0.47,0.46,0.46,0.48,0.49,0.47,0.48,0.47,0.47,0.46,0.49,0.47,0.47
GWETROOT,2022,-1,40,0.54,0.54,0.54,0.57,0.6,0.55,0.56,0.54,0.55,0.54,0.57,0.54,0.55
GWETROOT,2022,-1,40.625,0.48,0.47,0.47,0.51,0.61,0.55,0.57,0.51,0.48,0.48,0.52,0.48,0.51
GWETROOT,2022,-1,41.25,0.49,0.47,0.47,0.51,0.59,0.55,0.56,0.5,0.48,0.47,0.51,0.47,0.51
GWETROOT,2022,-1.5,34.375,0.67,0.75,0.65,0.64,0.66,0.62,0.57,0.59,0.63,0.58,0.6,0.62,0.63
GWETROOT,2022,-1.5,35,0.6,0.69,0.6,0.6,0.61,0.59,0.55,0.56,0.58,0.54,0.56,0.58,0.59
GWETROOT,2022,-1.5,35.625,0.53,0.58,0.53,0.56,0.61,0.57,0.53,0.55,0.53,0.48,0.5,0.51,0.54
GWETROOT,2022,-1.5,36.25,0.43,0.44,0.41,0.42,0.44,0.43,0.4,0.42,0.42,0.39,0.41,0.4,0.42
GWETROOT,2022,-1.5,36.875,0.62,0.6,0.59,0.6,0.6,0.59,0.59,0.59,0.6,0.59,0.61,0.61,0.6
GWETROOT,2022,-1.5,37.5,0.51,0.47,0.45,0.48,0.48,0.45,0.46,0.46,0.47,0.45,0.49,0.5,0.47
GWETROOT,2022,-1.5,38.125,0.47,0.45,0.43,0.47,0.45,0.43,0.44,0.43,0.44,0.42,0.47,0.46,0.45
GWETROOT,2022,-1.5,38.75,0.48,0.47,0.47,0.49,0.48,0.47,0.47,0.47,0.48,0.47,0.5,0.48,0.48
GWETROOT,2022,-1.5,39.375,0.47,0.47,0.47,0.48,0.49,0.47,0.48,0.47,0.48,0.47,0.49,0.47,0.48
GWETROOT,2022,-1.5,40,0.54,0.53,0.53,0.56,0.61,0.56,0.57,0.54,0.55,0.54,0.57,0.54,0.55
GWETROOT,2022,-1.5,40.625,0.49,0.48,0.48,0.52,0.62,0.57,0.6,0.53,0.51,0.5,0.53,0.49,0.53
GWETROOT,2022,-1.5,41.25,0.49,0.47,0.47,0.51,0.61,0.56,0.57,0.51,0.48,0.47,0.51,0.48,0.51
GWETROOT,2022,-1.80E-13,34.375,0.61,0.54,0.49,0.55,0.71,0.67,0.56,0.59,0.6,0.58,0.6,0.64,0.6
GWETROOT,2022,-1.80E-13,35,0.74,0.68,0.6,0.65,0.78,0.79,0.75,0.85,0.91,0.86,0.82,0.79,0.77
GWETROOT,2022,-1.80E-13,35.625,0.66,0.61,0.55,0.57,0.61,0.59,0.57,0.68,0.72,0.69,0.7,0.68,0.64
GWETROOT,2022,-1.80E-13,36.25,0.53,0.5,0.49,0.5,0.52,0.51,0.49,0.6,0.62,0.56,0.57,0.55,0.54
GWETROOT,2022,-1.80E-13,36.875,0.49,0.45,0.53,0.58,0.63,0.57,0.54,0.62,0.65,0.59,0.59,0.59,0.57
GWETROOT,2022,-1.80E-13,37.5,0.52,0.47,0.55,0.62,0.7,0.6,0.54,0.61,0.66,0.58,0.6,0.59,0.59
GWETROOT,2022,-1.80E-13,38.125,0.5,0.45,0.44,0.47,0.48,0.44,0.42,0.43,0.43,0.41,0.48,0.47,0.45
GWETROOT,2022,-1.80E-13,38.75,0.43,0.39,0.37,0.4,0.41,0.37,0.36,0.36,0.36,0.35,0.41,0.4,0.38
GWETROOT,2022,-1.80E-13,39.375,0.41,0.36,0.34,0.41,0.45,0.39,0.37,0.36,0.35,0.34,0.38,0.36,0.38
GWETROOT,2022,-1.80E-13,40,0.45,0.39,0.36,0.43,0.51,0.44,0.41,0.39,0.37,0.35,0.39,0.37,0.41
GWETROOT,2022,-1.80E-13,40.625,0.46,0.42,0.4,0.49,0.56,0.49,0.47,0.46,0.42,0.4,0.42,0.4,0.45
GWETROOT,2022,-1.80E-13,41.25,0.45,0.43,0.42,0.54,0.56,0.49,0.49,0.48,0.44,0.43,0.45,0.43,0.47
GWETROOT,2022,-2,34.375,0.66,0.73,0.64,0.63,0.66,0.61,0.59,0.61,0.64,0.6,0.63,0.64,0.64
GWETROOT,2022,-2,35,0.62,0.73,0.63,0.6,0.61,0.57,0.55,0.56,0.57,0.55,0.57,0.59,0.59
GWETROOT,2022,-2,35.625,0.59,0.63,0.56,0.55,0.59,0.55,0.53,0.54,0.52,0.5,0.52,0.53,0.55
GWETROOT,2022,-2,36.25,0.4,0.43,0.39,0.39,0.42,0.38,0.36,0.37,0.36,0.35,0.37,0.37,0.38
GWETROOT,2022,-2,36.875,0.62,0.6,0.59,0.61,0.62,0.59,0.59,0.59,0.6,0.58,0.6,0.6,0.6
GWETROOT,2022,-2,37.5,0.54,0.51,0.49,0.51,0.52,0.49,0.49,0.49,0.51,0.48,0.51,0.51,0.5
GWETROOT,2022,-2,38.125,0.45,0.43,0.41,0.43,0.44,0.41,0.42,0.41,0.43,0.4,0.44,0.43,0.42
GWETROOT,2022,-2,38.75,0.49,0.48,0.48,0.5,0.5,0.48,0.49,0.49,0.5,0.48,0.51,0.49,0.49
GWETROOT,2022,-2,39.375,0.51,0.5,0.5,0.52,0.54,0.51,0.52,0.51,0.52,0.5,0.52,0.51,0.51
GWETROOT,2022,-2,40,0.47,0.46,0.46,0.49,0.54,0.49,0.5,0.48,0.48,0.47,0.5,0.47,0.48
GWETROOT,2022,-2,40.625,0.48,0.46,0.46,0.5,0.59,0.56,0.57,0.52,0.5,0.48,0.52,0.48,0.51
GWETROOT,2022,-2,41.25,0.4,0.38,0.37,0.4,0.51,0.48,0.5,0.45,0.41,0.4,0.43,0.41,0.43
GWETROOT,2022,-2.5,34.375,0.63,0.68,0.6,0.6,0.59,0.53,0.49,0.52,0.58,0.5,0.54,0.59,0.57
GWETROOT,2022,-2.5,35,0.63,0.77,0.65,0.56,0.54,0.49,0.48,0.5,0.53,0.48,0.5,0.53,0.55
GWETROOT,2022,-2.5,35.625,0.62,0.64,0.55,0.5,0.5,0.48,0.49,0.5,0.49,0.47,0.48,0.5,0.52
GWETROOT,2022,-2.5,36.25,0.52,0.54,0.48,0.47,0.48,0.45,0.44,0.44,0.44,0.43,0.44,0.45,0.46
GWETROOT,2022,-2.5,36.875,0.64,0.64,0.6,0.6,0.6,0.58,0.59,0.59,0.62,0.58,0.59,0.59,0.6
GWETROOT,2022,-2.5,37.5,0.69,0.65,0.58,0.61,0.62,0.56,0.59,0.63,0.73,0.63,0.59,0.6,0.62
GWETROOT,2022,-2.5,38.125,0.54,0.51,0.49,0.52,0.52,0.49,0.5,0.5,0.54,0.5,0.52,0.51,0.51
GWETROOT,2022,-2.5,38.75,0.53,0.52,0.51,0.54,0.54,0.52,0.53,0.52,0.56,0.52,0.54,0.53,0.53
GWETROOT,2022,-2.5,39.375,0.61,0.6,0.6,0.62,0.66,0.62,0.63,0.61,0.65,0.6,0.63,0.61,0.62
GWETROOT,2022,-2.5,40,0.4,0.39,0.38,0.4,0.48,0.43,0.44,0.41,0.45,0.41,0.44,0.41,0.42
GWETROOT,2022,-2.5,40.625,0.42,0.4,0.39,0.41,0.54,0.49,0.5,0.45,0.45,0.43,0.47,0.44,0.45
GWETROOT,2022,-2.5,41.25,,,,,,,,,,,,,
GWETROOT,2022,-3,34.375,0.58,0.7,0.63,0.55,0.53,0.48,0.46,0.47,0.52,0.46,0.51,0.57,0.54
GWETROOT,2022,-3,35,0.65,0.85,0.74,0.59,0.55,0.49,0.49,0.52,0.56,0.48,0.49,0.54,0.58
GWETROOT,2022,-3,35.625,0.86,0.95,0.85,0.76,0.72,0.64,0.66,0.77,0.84,0.68,0.59,0.64,0.75
GWETROOT,2022,-3,36.25,0.69,0.75,0.66,0.62,0.6,0.57,0.58,0.6,0.6,0.56,0.56,0.6,0.62
GWETROOT,2022,-3,36.875,0.89,0.94,0.83,0.87,0.9,0.84,0.87,0.91,0.93,0.77,0.76,0.87,0.86
GWETROOT,2022,-3,37.5,0.8,0.83,0.72,0.7,0.7,0.64,0.69,0.77,0.91,0.78,0.68,0.69,0.74
GWETROOT,2022,-3,38.125,0.56,0.53,0.5,0.53,0.53,0.5,0.52,0.52,0.62,0.56,0.56,0.55,0.54
GWETROOT,2022,-3,38.75,0.54,0.52,0.51,0.54,0.54,0.51,0.53,0.52,0.61,0.52,0.55,0.54,0.54
GWETROOT,2022,-3,39.375,0.61,0.6,0.6,0.62,0.67,0.63,0.65,0.62,0.7,0.63,0.66,0.63,0.64
GWETROOT,2022,-3,40,0.4,0.38,0.38,0.39,0.47,0.43,0.44,0.41,0.48,0.42,0.45,0.42,0.42
GWETROOT,2022,-3,40.625,0.43,0.4,0.38,0.4,0.55,0.49,0.49,0.44,0.49,0.45,0.49,0.45,0.46
GWETROOT,2022,-3,41.25,,,,,,,,,,,,,
GWETROOT,2022,-3.5,34.375,0.61,0.74,0.64,0.55,0.53,0.48,0.46,0.46,0.47,0.46,0.49,0.55,0.54
GWETROOT,2022,-3.5,35,0.59,0.76,0.68,0.57,0.52,0.49,0.5,0.51,0.52,0.47,0.48,0.51,0.55
GWETROOT,2022,-3.5,35.625,0.62,0.68,0.61,0.58,0.56,0.53,0.55,0.59,0.59,0.53,0.51,0.54,0.57
GWETROOT,2022,-3.5,36.25,0.62,0.72,0.63,0.57,0.55,0.51,0.53,0.56,0.55,0.5,0.5,0.56,0.57
GWETROOT,2022,-3.5,36.875,0.66,0.82,0.72,0.63,0.6,0.54,0.59,0.68,0.81,0.68,0.58,0.62,0.66
GWETROOT,2022,-3.5,37.5,0.5,0.56,0.51,0.5,0.5,0.47,0.5,0.51,0.58,0.52,0.51,0.51,0.51
GWETROOT,2022,-3.5,38.125,0.5,0.49,0.48,0.5,0.5,0.48,0.51,0.5,0.64,0.54,0.54,0.52,0.52
GWETROOT,2022,-3.5,38.75,0.54,0.52,0.51,0.54,0.54,0.52,0.56,0.55,0.7,0.6,0.6,0.58,0.56
GWETROOT,2022,-3.5,39.375,0.6,0.58,0.58,0.6,0.67,0.63,0.65,0.61,0.72,0.63,0.66,0.62,0.63
GWETROOT,2022,-3.5,40,0.49,0.48,0.47,0.5,0.54,0.51,0.53,0.5,0.62,0.55,0.55,0.52,0.52
GWETROOT,2022,-3.5,40.625,0.44,0.4,0.38,0.4,0.56,0.5,0.49,0.45,0.51,0.46,0.49,0.45,0.46
GWETROOT,2022,-3.5,41.25,,,,,,,,,,,,,
GWETROOT,2022,-4,34.375,0.59,0.7,0.62,0.56,0.54,0.49,0.47,0.46,0.47,0.46,0.49,0.54,0.53
GWETROOT,2022,-4,35,0.6,0.73,0.66,0.6,0.56,0.54,0.55,0.55,0.55,0.52,0.53,0.56,0.58
GWETROOT,2022,-4,35.625,0.58,0.65,0.6,0.58,0.55,0.54,0.54,0.55,0.55,0.51,0.51,0.55,0.56
GWETROOT,2022,-4,36.25,0.55,0.64,0.57,0.54,0.52,0.49,0.51,0.52,0.52,0.48,0.48,0.52,0.53
GWETROOT,2022,-4,36.875,0.53,0.59,0.54,0.52,0.5,0.48,0.5,0.51,0.52,0.48,0.48,0.49,0.51
GWETROOT,2022,-4,37.5,0.54,0.58,0.53,0.54,0.53,0.5,0.53,0.52,0.59,0.52,0.52,0.53,0.54
GWETROOT,2022,-4,38.125,0.56,0.56,0.55,0.57,0.56,0.55,0.57,0.56,0.66,0.58,0.58,0.56,0.57
GWETROOT,2022,-4,38.75,0.51,0.5,0.49,0.52,0.53,0.51,0.54,0.53,0.63,0.56,0.55,0.53,0.53
GWETROOT,2022,-4,39.375,0.46,0.45,0.44,0.47,0.53,0.49,0.5,0.47,0.59,0.49,0.5,0.47,0.49
GWETROOT,2022,-4,40,0.43,0.41,0.4,0.43,0.48,0.44,0.47,0.44,0.63,0.51,0.5,0.46,0.47
GWETROOT,2022,-4,40.625,,,,,,,,,,,,,
GWETROOT,2022,-4,41.25,,,,,,,,,,,,,
GWETROOT,2022,-4.5,34.375,0.52,0.59,0.54,0.52,0.49,0.45,0.43,0.42,0.41,0.4,0.44,0.49,0.47
GWETROOT,2022,-4.5,35,0.5,0.62,0.54,0.5,0.48,0.47,0.47,0.47,0.46,0.43,0.45,0.48,0.49
GWETROOT,2022,-4.5,35.625,0.45,0.52,0.47,0.46,0.44,0.44,0.44,0.44,0.43,0.41,0.42,0.44,0.45
GWETROOT,2022,-4.5,36.25,0.52,0.59,0.53,0.52,0.5,0.49,0.51,0.51,0.51,0.47,0.48,0.5,0.51
GWETROOT,2022,-4.5,36.875,0.52,0.56,0.51,0.52,0.5,0.48,0.51,0.51,0.58,0.51,0.5,0.5,0.52
GWETROOT,2022,-4.5,37.5,0.53,0.57,0.51,0.52,0.51,0.49,0.52,0.52,0.61,0.53,0.51,0.52,0.53
GWETROOT,2022,-4.5,38.125,0.65,0.65,0.61,0.63,0.64,0.61,0.65,0.65,0.75,0.68,0.65,0.64,0.65
GWETROOT,2022,-4.5,38.75,0.62,0.6,0.57,0.6,0.61,0.58,0.62,0.62,0.74,0.67,0.64,0.62,0.62
GWETROOT,2022,-4.5,39.375,0.43,0.42,0.41,0.45,0.49,0.45,0.47,0.45,0.6,0.5,0.48,0.45,0.47
GWETROOT,2022,-4.5,40,0.42,0.4,0.39,0.43,0.51,0.45,0.44,0.42,0.5,0.43,0.43,0.42,0.44
GWETROOT,2022,-4.5,40.625,,,,,,,,,,,,,
GWETROOT,2022,-4.5,41.25,,,,,,,,,,,,,
GWETROOT,2022,0.5,34.375,0.48,0.44,0.42,0.48,0.57,0.54,0.49,0.57,0.63,0.63,0.57,0.53,0.53
GWETROOT,2022,0.5,35,0.64,0.58,0.51,0.54,0.61,0.62,0.63,0.81,0.91,0.87,0.78,0.71,0.68
GWETROOT,2022,0.5,35.625,0.49,0.46,0.43,0.47,0.52,0.51,0.5,0.66,0.7,0.65,0.61,0.56,0.55
GWETROOT,2022,0.5,36.25,0.43,0.41,0.42,0.44,0.46,0.45,0.44,0.56,0.55,0.48,0.47,0.45,0.46
GWETROOT,2022,0.5,36.875,0.53,0.51,0.52,0.53,0.54,0.51,0.5,0.57,0.55,0.51,0.54,0.54,0.53
GWETROOT,2022,0.5,37.5,0.43,0.39,0.43,0.48,0.52,0.44,0.4,0.46,0.45,0.4,0.42,0.42,0.44
GWETROOT,2022,0.5,38.125,0.44,0.39,0.36,0.4,0.42,0.37,0.35,0.35,0.34,0.33,0.38,0.39,0.38
GWETROOT,2022,0.5,38.75,0.45,0.39,0.35,0.39,0.43,0.37,0.35,0.34,0.33,0.33,0.38,0.37,0.37
GWETROOT,2022,0.5,39.375,0.53,0.43,0.37,0.45,0.53,0.42,0.38,0.38,0.36,0.35,0.4,0.39,0.42
GWETROOT,2022,0.5,40,0.57,0.43,0.36,0.47,0.59,0.45,0.39,0.39,0.36,0.33,0.37,0.37,0.42
GWETROOT,2022,0.5,40.625,0.53,0.42,0.36,0.47,0.57,0.45,0.41,0.43,0.39,0.35,0.36,0.36,0.43
GWETROOT,2022,0.5,41.25,0.47,0.43,0.4,0.51,0.53,0.47,0.45,0.47,0.42,0.4,0.4,0.4,0.45
GWETROOT,2022,1,34.375,0.53,0.5,0.5,0.56,0.6,0.57,0.55,0.61,0.64,0.69,0.65,0.61,0.58
GWETROOT,2022,1,35,0.59,0.54,0.5,0.54,0.58,0.58,0.61,0.86,0.94,0.87,0.76,0.67,0.67
GWETROOT,2022,1,35.625,0.37,0.36,0.36,0.38,0.4,0.38,0.38,0.48,0.44,0.39,0.37,0.37,0.39
GWETROOT,2022,1,36.25,0.38,0.36,0.37,0.4,0.43,0.4,0.4,0.53,0.49,0.43,0.41,0.39,0.42
GWETROOT,2022,1,36.875,0.37,0.35,0.41,0.4,0.38,0.35,0.34,0.39,0.37,0.35,0.36,0.37,0.37
GWETROOT,2022,1,37.5,0.41,0.37,0.39,0.42,0.43,0.37,0.34,0.36,0.34,0.33,0.36,0.37,0.37
GWETROOT,2022,1,38.125,0.39,0.36,0.34,0.37,0.37,0.34,0.33,0.33,0.33,0.33,0.35,0.35,0.35
GWETROOT,2022,1,38.75,0.43,0.39,0.37,0.4,0.41,0.37,0.36,0.35,0.35,0.35,0.38,0.37,0.38
GWETROOT,2022,1,39.375,0.54,0.43,0.38,0.45,0.52,0.42,0.38,0.38,0.36,0.36,0.41,0.39,0.42
GWETROOT,2022,1,40,0.63,0.44,0.36,0.49,0.61,0.44,0.38,0.4,0.36,0.33,0.38,0.37,0.43
GWETROOT,2022,1,40.625,0.64,0.47,0.39,0.5,0.62,0.48,0.42,0.46,0.41,0.36,0.38,0.38,0.46
GWETROOT,2022,1,41.25,0.58,0.49,0.45,0.52,0.58,0.51,0.48,0.51,0.46,0.43,0.44,0.44,0.49
GWETROOT,2022,1.5,34.375,0.48,0.47,0.48,0.51,0.52,0.52,0.51,0.58,0.59,0.58,0.53,0.5,0.52
GWETROOT,2022,1.5,35,0.45,0.44,0.43,0.47,0.51,0.5,0.51,0.72,0.75,0.64,0.53,0.47,0.54
GWETROOT,2022,1.5,35.625,0.35,0.33,0.33,0.36,0.38,0.35,0.35,0.43,0.4,0.36,0.35,0.33,0.36
GWETROOT,2022,1.5,36.25,0.37,0.36,0.37,0.38,0.39,0.38,0.37,0.43,0.4,0.38,0.37,0.36,0.38
GWETROOT,2022,1.5,36.875,0.38,0.35,0.36,0.38,0.39,0.35,0.33,0.34,0.33,0.33,0.35,0.36,0.35
GWETROOT,2022,1.5,37.5,0.38,0.35,0.35,0.37,0.38,0.34,0.33,0.34,0.33,0.33,0.35,0.35,0.35
GWETROOT,2022,1.5,38.125,0.41,0.38,0.36,0.39,0.39,0.36,0.35,0.35,0.34,0.34,0.37,0.37,0.37
GWETROOT,2022,1.5,38.75,0.5,0.47,0.46,0.49,0.49,0.46,0.46,0.46,0.45,0.45,0.47,0.46,0.47
GWETROOT,2022,1.5,39.375,0.62,0.48,0.41,0.49,0.55,0.44,0.39,0.41,0.38,0.36,0.38,0.38,0.44
GWETROOT,2022,1.5,40,0.62,0.47,0.4,0.5,0.58,0.46,0.4,0.41,0.38,0.37,0.4,0.4,0.45
GWETROOT,2022,1.5,40.625,0.72,0.53,0.45,0.56,0.67,0.54,0.47,0.53,0.47,0.42,0.43,0.44,0.52
GWETROOT,2022,1.5,41.25,0.62,0.44,0.37,0.52,0.68,0.51,0.43,0.5,0.43,0.36,0.35,0.35,0.46
GWETROOT,2022,2,34.375,0.47,0.46,0.47,0.48,0.49,0.49,0.48,0.56,0.54,0.51,0.48,0.47,0.49
GWETROOT,2022,2,35,0.41,0.4,0.4,0.41,0.44,0.43,0.42,0.53,0.53,0.46,0.42,0.4,0.44
GWETROOT,2022,2,35.625,0.34,0.33,0.33,0.34,0.35,0.33,0.33,0.37,0.35,0.33,0.33,0.33,0.34
GWETROOT,2022,2,36.25,0.38,0.37,0.37,0.38,0.38,0.37,0.37,0.39,0.37,0.37,0.37,0.37,0.37
GWETROOT,2022,2,36.875,0.38,0.36,0.36,0.38,0.38,0.36,0.35,0.36,0.35,0.35,0.37,0.37,0.36
GWETROOT,2022,2,37.5,0.38,0.35,0.34,0.36,0.38,0.34,0.33,0.33,0.33,0.33,0.35,0.35,0.35
GWETROOT,2022,2,38.125,0.45,0.41,0.39,0.44,0.45,0.41,0.39,0.39,0.39,0.38,0.41,0.41,0.41
GWETROOT,2022,2,38.75,0.46,0.42,0.4,0.45,0.46,0.42,0.4,0.4,0.39,0.38,0.4,0.4,0.41
GWETROOT,2022,2,39.375,0.57,0.43,0.36,0.45,0.53,0.42,0.37,0.41,0.37,0.33,0.35,0.36,0.41
GWETROOT,2022,2,40,0.62,0.47,0.39,0.5,0.6,0.48,0.42,0.45,0.41,0.37,0.39,0.4,0.46
GWETROOT,2022,2,40.625,0.68,0.58,0.56,0.66,0.74,0.62,0.58,0.67,0.6,0.56,0.58,0.58,0.62
GWETROOT,2022,2,41.25,0.62,0.48,0.42,0.53,0.65,0.52,0.46,0.56,0.5,0.43,0.44,0.45,0.51
GWETROOT,2022,2.5,34.375,0.43,0.42,0.42,0.43,0.44,0.44,0.44,0.48,0.48,0.44,0.43,0.43,0.44
GWETROOT,2022,2.5,35,0.38,0.37,0.37,0.38,0.38,0.38,0.37,0.43,0.45,0.4,0.38,0.37,0.39
GWETROOT,2022,2.5,35.625,0.34,0.33,0.33,0.33,0.33,0.33,0.33,0.35,0.34,0.33,0.33,0.33,0.33
GWETROOT,2022,2.5,36.25,0.37,0.36,0.36,0.36,0.36,0.36,0.36,0.36,0.36,0.35,0.36,0.36,0.36
GWETROOT,2022,2.5,36.875,0.36,0.35,0.35,0.36,0.35,0.35,0.35,0.35,0.35,0.34,0.35,0.35,0.35
GWETROOT,2022,2.5,37.5,0.4,0.37,0.37,0.39,0.4,0.37,0.37,0.37,0.37,0.37,0.38,0.38,0.38
GWETROOT,2022,2.5,38.125,0.43,0.38,0.36,0.41,0.45,0.38,0.36,0.36,0.36,0.36,0.37,0.37,0.38
GWETROOT,2022,2.5,38.75,0.43,0.38,0.36,0.43,0.46,0.4,0.37,0.37,0.36,0.36,0.37,0.37,0.39
GWETROOT,2022,2.5,39.375,0.49,0.39,0.34,0.44,0.53,0.42,0.37,0.38,0.36,0.34,0.35,0.35,0.4
GWETROOT,2022,2.5,40,0.56,0.44,0.38,0.49,0.6,0.48,0.42,0.45,0.42,0.38,0.39,0.4,0.45
GWETROOT,2022,2.5,40.625,0.6,0.51,0.48,0.58,0.67,0.56,0.51,0.56,0.51,0.48,0.49,0.49,0.54
GWETROOT,2022,2.5,41.25,0.4,0.31,0.28,0.37,0.45,0.35,0.31,0.35,0.32,0.28,0.28,0.29,0.33
GWETROOT,2022,3,34.375,0.46,0.45,0.45,0.46,0.49,0.51,0.51,0.58,0.57,0.51,0.48,0.46,0.49
GWETROOT,2022,3,35,0.36,0.34,0.33,0.34,0.35,0.35,0.35,0.38,0.39,0.35,0.35,0.35,0.35
GWETROOT,2022,3,35.625,0.36,0.35,0.33,0.33,0.33,0.33,0.33,0.33,0.33,0.33,0.33,0.33,0.33
GWETROOT,2022,3,36.25,0.35,0.34,0.33,0.33,0.33,0.33,0.33,0.34,0.34,0.33,0.33,0.34,0.34
GWETROOT,2022,3,36.875,0.36,0.34,0.33,0.33,0.33,0.33,0.33,0.33,0.33,0.33,0.33,0.33,0.33
GWETROOT,2022,3,37.5,0.34,0.31,0.3,0.31,0.31,0.3,0.3,0.3,0.3,0.3,0.3,0.3,0.31
GWETROOT,2022,3,38.125,0.42,0.36,0.34,0.38,0.4,0.35,0.34,0.34,0.34,0.34,0.35,0.35,0.36
GWETROOT,2022,3,38.75,0.47,0.4,0.39,0.44,0.48,0.41,0.4,0.4,0.39,0.39,0.4,0.4,0.41
GWETROOT,2022,3,39.375,0.44,0.35,0.33,0.41,0.48,0.39,0.35,0.35,0.34,0.33,0.34,0.34,0.37
GWETROOT,2022,3,40,0.49,0.39,0.37,0.46,0.55,0.44,0.4,0.41,0.38,0.37,0.38,0.38,0.42
GWETROOT,2022,3,40.625,0.5,0.41,0.39,0.47,0.55,0.46,0.42,0.42,0.4,0.38,0.39,0.39,0.43
GWETROOT,2022,3,41.25,0.36,0.32,0.3,0.36,0.4,0.35,0.32,0.33,0.31,0.3,0.3,0.3,0.33
GWETROOT,2022,3.5,34.375,0.39,0.36,0.35,0.36,0.43,0.46,0.44,0.53,0.49,0.42,0.43,0.42,0.42
GWETROOT,2022,3.5,35,0.38,0.36,0.34,0.34,0.34,0.34,0.34,0.37,0.37,0.34,0.35,0.37,0.35
GWETROOT,2022,3.5,35.625,0.4,0.39,0.33,0.33,0.33,0.33,0.33,0.33,0.34,0.33,0.33,0.34,0.34
GWETROOT,2022,3.5,36.25,0.39,0.38,0.33,0.33,0.33,0.33,0.33,0.33,0.34,0.33,0.33,0.34,0.34
GWETROOT,2022,3.5,36.875,0.44,0.41,0.34,0.36,0.36,0.33,0.33,0.33,0.33,0.33,0.33,0.33,0.35
GWETROOT,2022,3.5,37.5,0.44,0.4,0.37,0.4,0.4,0.38,0.37,0.37,0.37,0.37,0.38,0.37,0.38
GWETROOT,2022,3.5,38.125,0.48,0.4,0.34,0.4,0.44,0.38,0.35,0.34,0.33,0.33,0.34,0.33,0.37
GWETROOT,2022,3.5,38.75,0.44,0.37,0.35,0.43,0.48,0.41,0.38,0.39,0.37,0.36,0.36,0.35,0.39
GWETROOT,2022,3.5,39.375,0.47,0.4,0.38,0.47,0.53,0.45,0.42,0.43,0.41,0.4,0.41,0.39,0.43
GWETROOT,2022,3.5,40,0.47,0.39,0.38,0.47,0.53,0.44,0.41,0.4,0.38,0.39,0.4,0.39,0.42
GWETROOT,2022,3.5,40.625,0.56,0.52,0.51,0.6,0.65,0.55,0.53,0.53,0.52,0.52,0.52,0.52,0.54
GWETROOT,2022,3.5,41.25,0.39,0.36,0.35,0.41,0.45,0.39,0.37,0.36,0.35,0.34,0.34,0.34,0.37
GWETROOT,2022,4,34.375,0.5,0.47,0.46,0.47,0.5,0.5,0.5,0.57,0.53,0.5,0.54,0.53,0.51
GWETROOT,2022,4,35,0.46,0.44,0.43,0.43,0.43,0.43,0.43,0.44,0.44,0.43,0.46,0.45,0.44
GWETROOT,2022,4,35.625,0.4,0.4,0.35,0.34,0.34,0.34,0.33,0.33,0.35,0.34,0.35,0.35,0.35
GWETROOT,2022,4,36.25,0.39,0.38,0.33,0.34,0.34,0.33,0.33,0.33,0.34,0.34,0.34,0.34,0.34
GWETROOT,2022,4,36.875,0.39,0.39,0.34,0.39,0.43,0.37,0.33,0.33,0.33,0.34,0.34,0.33,0.36
GWETROOT,2022,4,37.5,0.43,0.4,0.37,0.42,0.44,0.39,0.37,0.37,0.37,0.37,0.38,0.37,0.39
GWETROOT,2022,4,38.125,0.5,0.45,0.43,0.53,0.58,0.5,0.46,0.47,0.45,0.44,0.45,0.43,0.47
GWETROOT,2022,4,38.75,0.64,0.59,0.59,0.68,0.74,0.64,0.6,0.61,0.59,0.59,0.6,0.59,0.62
GWETROOT,2022,4,39.375,0.62,0.58,0.58,0.67,0.72,0.63,0.59,0.6,0.58,0.59,0.61,0.59,0.61
GWETROOT,2022,4,40,0.49,0.45,0.45,0.56,0.62,0.52,0.48,0.48,0.46,0.47,0.48,0.47,0.49
GWETROOT,2022,4,40.625,0.56,0.52,0.52,0.63,0.68,0.57,0.54,0.54,0.52,0.52,0.53,0.53,0.56
GWETROOT,2022,4,41.25,0.42,0.37,0.35,0.47,0.51,0.42,0.38,0.37,0.36,0.36,0.36,0.36,0.39
GWETROOT,2022,4.5,34.375,0.59,0.58,0.58,0.59,0.6,0.59,0.59,0.61,0.59,0.6,0.62,0.6,0.6
GWETROOT,2022,4.5,35,0.5,0.49,0.49,0.5,0.5,0.49,0.48,0.5,0.5,0.5,0.57,0.52,0.5
GWETROOT,2022,4.5,35.625,0.37,0.36,0.35,0.35,0.37,0.36,0.33,0.34,0.37,0.35,0.43,0.38,0.36
GWETROOT,2022,4.5,36.25,0.37,0.35,0.33,0.35,0.36,0.35,0.33,0.33,0.34,0.34,0.38,0.34,0.35
GWETROOT,2022,4.5,36.875,0.36,0.36,0.33,0.41,0.46,0.41,0.35,0.34,0.33,0.34,0.36,0.33,0.36
GWETROOT,2022,4.5,37.5,0.54,0.53,0.51,0.58,0.61,0.55,0.51,0.52,0.51,0.52,0.52,0.51,0.53
GWETROOT,2022,4.5,38.125,0.62,0.59,0.58,0.69,0.76,0.66,0.61,0.6,0.58,0.59,0.59,0.58,0.62
GWETROOT,2022,4.5,38.75,0.59,0.56,0.55,0.67,0.74,0.63,0.58,0.58,0.56,0.56,0.56,0.55,0.59
GWETROOT,2022,4.5,39.375,0.51,0.47,0.47,0.6,0.67,0.56,0.51,0.51,0.48,0.49,0.49,0.47,0.52
GWETROOT,2022,4.5,40,0.45,0.4,0.41,0.55,0.63,0.5,0.45,0.44,0.41,0.42,0.42,0.41,0.46
GWETROOT,2022,4.5,40.625,0.45,0.39,0.38,0.56,0.66,0.5,0.43,0.43,0.4,0.39,0.4,0.39,0.45
GWETROOT,2022,4.5,41.25,0.44,0.37,0.34,0.51,0.6,0.46,0.41,0.41,0.38,0.36,0.35,0.34,0.41
GWETROOT,2023,-0.5,34.375,0.64,0.57,0.81,0.94,0.92,0.8,0.68,0.57,0.67,0.73,0.9,0.91,0.76
GWETROOT,2023,-0.5,35,0.67,0.56,0.68,0.86,0.93,0.87,0.8,0.72,0.79,0.81,0.95,0.94,0.8
GWETROOT,2023,-0.5,35.625,0.47,0.43,0.48,0.54,0.57,0.53,0.51,0.49,0.5,0.51,0.63,0.63,0.52
GWETROOT,2023,-0.5,36.25,0.47,0.42,0.46,0.53,0.58,0.54,0.52,0.5,0.51,0.52,0.66,0.66,0.53
GWETROOT,2023,-0.5,36.875,0.5,0.44,0.44,0.59,0.61,0.63,0.58,0.55,0.5,0.52,0.7,0.67,0.56
GWETROOT,2023,-0.5,37.5,0.53,0.48,0.49,0.61,0.6,0.59,0.56,0.54,0.51,0.53,0.7,0.68,0.57
GWETROOT,2023,-0.5,38.125,0.49,0.47,0.48,0.56,0.51,0.5,0.48,0.48,0.47,0.49,0.61,0.56,0.51
GWETROOT,2023,-0.5,38.75,0.44,0.43,0.44,0.52,0.46,0.45,0.44,0.44,0.43,0.45,0.58,0.5,0.46
GWETROOT,2023,-0.5,39.375,0.39,0.39,0.4,0.49,0.46,0.45,0.43,0.41,0.4,0.41,0.56,0.47,0.44
GWETROOT,2023,-0.5,40,0.44,0.43,0.44,0.55,0.53,0.51,0.48,0.47,0.45,0.46,0.62,0.55,0.49
GWETROOT,2023,-0.5,40.625,0.46,0.45,0.46,0.59,0.59,0.58,0.55,0.52,0.48,0.48,0.64,0.56,0.53
GWETROOT,2023,-0.5,41.25,0.47,0.47,0.48,0.6,0.59,0.57,0.54,0.52,0.49,0.49,0.65,0.56,0.54
GWETROOT,2023,-1,34.375,0.54,0.53,0.64,0.76,0.84,0.76,0.65,0.54,0.59,0.55,0.6,0.72,0.64
GWETROOT,2023,-1,35,0.58,0.54,0.61,0.71,0.81,0.78,0.72,0.64,0.67,0.63,0.67,0.77,0.68
GWETROOT,2023,-1,35.625,0.48,0.46,0.5,0.53,0.55,0.52,0.51,0.49,0.51,0.49,0.54,0.57,0.51
GWETROOT,2023,-1,36.25,0.37,0.34,0.36,0.43,0.44,0.42,0.41,0.4,0.4,0.4,0.48,0.48,0.41
GWETROOT,2023,-1,36.875,0.49,0.46,0.46,0.58,0.55,0.51,0.48,0.46,0.46,0.48,0.63,0.62,0.52
GWETROOT,2023,-1,37.5,0.49,0.47,0.47,0.57,0.54,0.51,0.49,0.47,0.47,0.49,0.62,0.6,0.52
GWETROOT,2023,-1,38.125,0.48,0.47,0.47,0.53,0.5,0.49,0.48,0.47,0.47,0.48,0.55,0.52,0.49
GWETROOT,2023,-1,38.75,0.47,0.47,0.47,0.55,0.49,0.48,0.47,0.47,0.47,0.48,0.57,0.5,0.49
GWETROOT,2023,-1,39.375,0.46,0.46,0.47,0.55,0.49,0.48,0.48,0.47,0.47,0.48,0.54,0.49,0.49
GWETROOT,2023,-1,40,0.54,0.53,0.55,0.66,0.61,0.58,0.56,0.55,0.54,0.55,0.67,0.6,0.58
GWETROOT,2023,-1,40.625,0.48,0.47,0.48,0.64,0.61,0.58,0.56,0.54,0.5,0.51,0.67,0.59,0.55
GWETROOT,2023,-1,41.25,0.48,0.47,0.48,0.62,0.61,0.58,0.55,0.54,0.5,0.5,0.66,0.59,0.55
GWETROOT,2023,-1.5,34.375,0.63,0.63,0.79,0.81,0.79,0.65,0.59,0.57,0.61,0.59,0.62,0.76,0.67
GWETROOT,2023,-1.5,35,0.58,0.56,0.65,0.69,0.71,0.63,0.58,0.54,0.58,0.55,0.59,0.67,0.61
GWETROOT,2023,-1.5,35.625,0.48,0.47,0.55,0.63,0.66,0.58,0.53,0.5,0.5,0.5,0.63,0.63,0.56
GWETROOT,2023,-1.5,36.25,0.39,0.38,0.41,0.47,0.48,0.43,0.4,0.39,0.4,0.39,0.48,0.46,0.42
GWETROOT,2023,-1.5,36.875,0.59,0.58,0.6,0.65,0.63,0.6,0.59,0.59,0.59,0.6,0.69,0.67,0.62
GWETROOT,2023,-1.5,37.5,0.47,0.45,0.46,0.58,0.56,0.51,0.48,0.46,0.45,0.47,0.63,0.61,0.51
GWETROOT,2023,-1.5,38.125,0.45,0.43,0.43,0.55,0.53,0.5,0.48,0.46,0.44,0.46,0.59,0.55,0.49
GWETROOT,2023,-1.5,38.75,0.47,0.47,0.47,0.58,0.52,0.49,0.48,0.48,0.47,0.48,0.59,0.52,0.5
GWETROOT,2023,-1.5,39.375,0.47,0.46,0.48,0.6,0.53,0.49,0.48,0.48,0.47,0.48,0.6,0.52,0.5
GWETROOT,2023,-1.5,40,0.54,0.53,0.55,0.72,0.66,0.63,0.6,0.58,0.55,0.57,0.69,0.62,0.6
GWETROOT,2023,-1.5,40.625,0.49,0.48,0.49,0.66,0.64,0.62,0.61,0.59,0.54,0.55,0.69,0.63,0.58
GWETROOT,2023,-1.5,41.25,0.47,0.47,0.47,0.65,0.68,0.63,0.59,0.56,0.51,0.53,0.69,0.64,0.57
GWETROOT,2023,-1.80E-13,34.375,0.54,0.45,0.61,0.77,0.76,0.71,0.65,0.59,0.65,0.67,0.81,0.82,0.67
GWETROOT,2023,-1.80E-13,35,0.71,0.6,0.69,0.84,0.94,0.91,0.89,0.84,0.87,0.89,0.98,0.91,0.84
GWETROOT,2023,-1.80E-13,35.625,0.61,0.53,0.56,0.66,0.75,0.71,0.7,0.67,0.68,0.7,0.87,0.84,0.69
GWETROOT,2023,-1.80E-13,36.25,0.5,0.46,0.49,0.57,0.61,0.58,0.56,0.53,0.55,0.56,0.7,0.68,0.57
GWETROOT,2023,-1.80E-13,36.875,0.54,0.47,0.46,0.56,0.6,0.66,0.62,0.58,0.56,0.57,0.71,0.67,0.58
GWETROOT,2023,-1.80E-13,37.5,0.53,0.45,0.45,0.61,0.65,0.72,0.66,0.6,0.54,0.56,0.76,0.75,0.61
GWETROOT,2023,-1.80E-13,38.125,0.44,0.41,0.41,0.52,0.49,0.49,0.45,0.43,0.41,0.44,0.59,0.55,0.47
GWETROOT,2023,-1.80E-13,38.75,0.37,0.36,0.36,0.44,0.42,0.41,0.38,0.36,0.35,0.38,0.51,0.45,0.4
GWETROOT,2023,-1.80E-13,39.375,0.34,0.33,0.34,0.41,0.4,0.47,0.41,0.38,0.35,0.35,0.53,0.46,0.4
GWETROOT,2023,-1.80E-13,40,0.35,0.34,0.35,0.43,0.45,0.52,0.46,0.41,0.38,0.37,0.55,0.51,0.43
GWETROOT,2023,-1.80E-13,40.625,0.39,0.39,0.39,0.49,0.51,0.61,0.54,0.48,0.43,0.42,0.6,0.53,0.48
GWETROOT,2023,-1.80E-13,41.25,0.42,0.42,0.42,0.53,0.53,0.61,0.52,0.49,0.46,0.45,0.63,0.52,0.5
GWETROOT,2023,-2,34.375,0.65,0.66,0.81,0.79,0.74,0.64,0.6,0.6,0.62,0.6,0.63,0.72,0.67
GWETROOT,2023,-2,35,0.59,0.57,0.68,0.71,0.69,0.62,0.57,0.56,0.57,0.56,0.64,0.67,0.62
GWETROOT,2023,-2,35.625,0.51,0.5,0.56,0.63,0.66,0.59,0.54,0.54,0.52,0.52,0.7,0.65,0.58
GWETROOT,2023,-2,36.25,0.36,0.36,0.39,0.44,0.46,0.41,0.37,0.37,0.36,0.36,0.5,0.45,0.4
GWETROOT,2023,-2,36.875,0.59,0.59,0.6,0.68,0.69,0.63,0.6,0.59,0.59,0.59,0.78,0.72,0.64
GWETROOT,2023,-2,37.5,0.49,0.48,0.49,0.6,0.61,0.56,0.52,0.5,0.49,0.5,0.71,0.68,0.55
GWETROOT,2023,-2,38.125,0.42,0.4,0.4,0.51,0.51,0.49,0.46,0.44,0.42,0.43,0.6,0.58,0.47
GWETROOT,2023,-2,38.75,0.49,0.48,0.49,0.59,0.55,0.51,0.5,0.49,0.49,0.5,0.65,0.58,0.53
GWETROOT,2023,-2,39.375,0.5,0.5,0.51,0.65,0.61,0.56,0.54,0.53,0.51,0.53,0.67,0.61,0.56
GWETROOT,2023,-2,40,0.47,0.46,0.47,0.66,0.63,0.58,0.55,0.51,0.48,0.5,0.65,0.6,0.55
GWETROOT,2023,-2,40.625,0.47,0.46,0.47,0.66,0.7,0.67,0.63,0.59,0.54,0.54,0.69,0.67,0.59
GWETROOT,2023,-2,41.25,0.39,0.37,0.38,0.56,0.62,0.58,0.52,0.5,0.45,0.46,0.63,0.58,0.5
GWETROOT,2023,-2.5,34.375,0.61,0.58,0.68,0.68,0.66,0.56,0.5,0.49,0.51,0.5,0.61,0.69,0.59
GWETROOT,2023,-2.5,35,0.56,0.51,0.59,0.63,0.62,0.56,0.5,0.52,0.5,0.48,0.63,0.65,0.56
GWETROOT,2023,-2.5,35.625,0.5,0.48,0.49,0.56,0.59,0.53,0.48,0.59,0.51,0.48,0.76,0.68,0.55
GWETROOT,2023,-2.5,36.25,0.45,0.44,0.46,0.51,0.53,0.49,0.45,0.48,0.45,0.44,0.64,0.58,0.49
GWETROOT,2023,-2.5,36.875,0.59,0.58,0.59,0.66,0.7,0.68,0.63,0.62,0.58,0.58,0.83,0.78,0.65
GWETROOT,2023,-2.5,37.5,0.58,0.55,0.55,0.65,0.75,0.78,0.72,0.74,0.63,0.59,0.86,0.82,0.69
GWETROOT,2023,-2.5,38.125,0.5,0.48,0.48,0.57,0.6,0.61,0.57,0.54,0.5,0.51,0.7,0.7,0.56
GWETROOT,2023,-2.5,38.75,0.52,0.51,0.52,0.6,0.61,0.59,0.55,0.53,0.52,0.53,0.72,0.66,0.57
GWETROOT,2023,-2.5,39.375,0.6,0.6,0.61,0.71,0.74,0.72,0.69,0.66,0.62,0.64,0.78,0.77,0.68
GWETROOT,2023,-2.5,40,0.4,0.38,0.39,0.53,0.59,0.55,0.52,0.47,0.43,0.44,0.59,0.58,0.49
GWETROOT,2023,-2.5,40.625,0.41,0.4,0.4,0.57,0.67,0.64,0.58,0.51,0.46,0.48,0.63,0.64,0.53
GWETROOT,2023,-2.5,41.25,,,,,,,,,,,,,
GWETROOT,2023,-3,34.375,0.59,0.52,0.54,0.61,0.58,0.5,0.46,0.46,0.47,0.47,0.58,0.7,0.54
GWETROOT,2023,-3,35,0.6,0.52,0.55,0.61,0.59,0.53,0.48,0.59,0.53,0.5,0.68,0.71,0.57
GWETROOT,2023,-3,35.625,0.73,0.65,0.66,0.75,0.83,0.79,0.68,0.85,0.74,0.69,0.93,0.92,0.77
GWETROOT,2023,-3,36.25,0.63,0.58,0.57,0.63,0.65,0.6,0.57,0.66,0.6,0.58,0.8,0.76,0.64
GWETROOT,2023,-3,36.875,0.88,0.76,0.72,0.82,0.94,0.95,0.92,0.91,0.79,0.82,0.97,0.96,0.87
GWETROOT,2023,-3,37.5,0.68,0.6,0.56,0.65,0.85,0.94,0.91,0.94,0.79,0.7,0.94,0.94,0.79
GWETROOT,2023,-3,38.125,0.53,0.49,0.48,0.55,0.63,0.68,0.66,0.64,0.57,0.56,0.73,0.74,0.61
GWETROOT,2023,-3,38.75,0.52,0.51,0.51,0.58,0.62,0.63,0.58,0.56,0.53,0.54,0.72,0.67,0.58
GWETROOT,2023,-3,39.375,0.61,0.6,0.61,0.68,0.76,0.76,0.74,0.7,0.65,0.66,0.78,0.78,0.69
GWETROOT,2023,-3,40,0.4,0.38,0.39,0.47,0.6,0.59,0.55,0.49,0.43,0.45,0.58,0.58,0.49
GWETROOT,2023,-3,40.625,0.42,0.39,0.39,0.51,0.7,0.7,0.64,0.54,0.47,0.49,0.61,0.62,0.54
GWETROOT,2023,-3,41.25,,,,,,,,,,,,,
GWETROOT,2023,-3.5,34.375,0.58,0.55,0.6,0.63,0.57,0.48,0.46,0.46,0.46,0.46,0.58,0.68,0.54
GWETROOT,2023,-3.5,35,0.55,0.52,0.55,0.58,0.56,0.51,0.48,0.57,0.52,0.49,0.62,0.63,0.55
GWETROOT,2023,-3.5,35.625,0.57,0.53,0.53,0.58,0.6,0.58,0.53,0.67,0.59,0.56,0.74,0.71,0.6
GWETROOT,2023,-3.5,36.25,0.64,0.55,0.52,0.57,0.59,0.55,0.51,0.66,0.57,0.52,0.74,0.7,0.59
GWETROOT,2023,-3.5,36.875,0.71,0.59,0.53,0.61,0.74,0.8,0.75,0.86,0.71,0.62,0.89,0.87,0.72
GWETROOT,2023,-3.5,37.5,0.5,0.47,0.47,0.51,0.58,0.63,0.6,0.63,0.55,0.52,0.68,0.65,0.57
GWETROOT,2023,-3.5,38.125,0.5,0.47,0.47,0.53,0.61,0.69,0.68,0.66,0.58,0.55,0.69,0.68,0.59
GWETROOT,2023,-3.5,38.75,0.54,0.51,0.51,0.57,0.68,0.75,0.74,0.73,0.66,0.66,0.78,0.77,0.66
GWETROOT,2023,-3.5,39.375,0.6,0.58,0.59,0.67,0.79,0.81,0.8,0.76,0.69,0.68,0.79,0.79,0.71
GWETROOT,2023,-3.5,40,0.5,0.48,0.48,0.55,0.68,0.68,0.65,0.6,0.54,0.55,0.68,0.68,0.59
GWETROOT,2023,-3.5,40.625,0.42,0.39,0.39,0.5,0.73,0.74,0.68,0.57,0.48,0.49,0.61,0.61,0.55
GWETROOT,2023,-3.5,41.25,,,,,,,,,,,,,
GWETROOT,2023,-4,34.375,0.56,0.57,0.63,0.64,0.57,0.5,0.47,0.47,0.46,0.46,0.54,0.63,0.54
GWETROOT,2023,-4,35,0.57,0.56,0.59,0.6,0.58,0.55,0.52,0.61,0.55,0.54,0.63,0.64,0.58
GWETROOT,2023,-4,35.625,0.58,0.55,0.54,0.57,0.57,0.55,0.52,0.63,0.57,0.55,0.67,0.65,0.58
GWETROOT,2023,-4,36.25,0.56,0.52,0.5,0.53,0.54,0.52,0.49,0.61,0.54,0.51,0.64,0.61,0.55
GWETROOT,2023,-4,36.875,0.51,0.49,0.47,0.51,0.53,0.54,0.51,0.59,0.52,0.5,0.63,0.6,0.53
GWETROOT,2023,-4,37.5,0.52,0.5,0.5,0.53,0.57,0.61,0.57,0.62,0.55,0.54,0.66,0.63,0.57
GWETROOT,2023,-4,38.125,0.55,0.54,0.54,0.57,0.63,0.67,0.64,0.63,0.58,0.58,0.67,0.64,0.6
GWETROOT,2023,-4,38.75,0.51,0.49,0.5,0.54,0.62,0.67,0.67,0.67,0.61,0.6,0.69,0.67,0.6
GWETROOT,2023,-4,39.375,0.46,0.45,0.46,0.55,0.71,0.71,0.71,0.67,0.58,0.56,0.68,0.65,0.6
GWETROOT,2023,-4,40,0.44,0.41,0.41,0.5,0.66,0.67,0.64,0.61,0.53,0.53,0.69,0.67,0.56
GWETROOT,2023,-4,40.625,,,,,,,,,,,,,
GWETROOT,2023,-4,41.25,,,,,,,,,,,,,
GWETROOT,2023,-4.5,34.375,0.5,0.53,0.59,0.58,0.53,0.47,0.44,0.45,0.42,0.41,0.49,0.6,0.5
GWETROOT,2023,-4.5,35,0.48,0.48,0.52,0.51,0.5,0.47,0.45,0.53,0.46,0.45,0.53,0.57,0.5
GWETROOT,2023,-4.5,35.625,0.45,0.44,0.43,0.45,0.45,0.43,0.42,0.5,0.44,0.43,0.53,0.51,0.46
GWETROOT,2023,-4.5,36.25,0.51,0.5,0.49,0.52,0.52,0.5,0.48,0.6,0.51,0.5,0.62,0.59,0.53
GWETROOT,2023,-4.5,36.875,0.5,0.48,0.47,0.52,0.56,0.58,0.54,0.62,0.54,0.53,0.64,0.59,0.55
GWETROOT,2023,-4.5,37.5,0.51,0.49,0.48,0.53,0.58,0.62,0.59,0.66,0.57,0.55,0.67,0.64,0.57
GWETROOT,2023,-4.5,38.125,0.62,0.59,0.6,0.64,0.75,0.84,0.84,0.83,0.74,0.7,0.82,0.82,0.73
GWETROOT,2023,-4.5,38.75,0.59,0.57,0.57,0.63,0.75,0.84,0.83,0.81,0.71,0.67,0.81,0.81,0.72
GWETROOT,2023,-4.5,39.375,0.44,0.41,0.42,0.54,0.69,0.69,0.67,0.63,0.55,0.53,0.69,0.65,0.58
GWETROOT,2023,-4.5,40,0.42,0.4,0.4,0.55,0.69,0.65,0.64,0.57,0.49,0.47,0.67,0.62,0.55
GWETROOT,2023,-4.5,40.625,,,,,,,,,,,,,
GWETROOT,2023,-4.5,41.25,,,,,,,,,,,,,
GWETROOT,2023,0.5,34.375,0.45,0.41,0.55,0.65,0.67,0.69,0.69,0.68,0.7,0.67,0.72,0.68,0.63
GWETROOT,2023,0.5,35,0.62,0.52,0.59,0.71,0.8,0.82,0.9,0.89,0.86,0.84,0.9,0.8,0.77
GWETROOT,2023,0.5,35.625,0.49,0.43,0.47,0.58,0.69,0.65,0.65,0.59,0.58,0.59,0.77,0.71,0.6
GWETROOT,2023,0.5,36.25,0.42,0.4,0.43,0.5,0.54,0.49,0.49,0.48,0.49,0.48,0.57,0.52,0.48
GWETROOT,2023,0.5,36.875,0.52,0.49,0.5,0.56,0.57,0.54,0.52,0.51,0.51,0.52,0.61,0.59,0.54
GWETROOT,2023,0.5,37.5,0.39,0.35,0.35,0.47,0.48,0.49,0.44,0.41,0.38,0.4,0.55,0.53,0.44
GWETROOT,2023,0.5,38.125,0.37,0.34,0.33,0.45,0.44,0.43,0.38,0.35,0.34,0.37,0.54,0.49,0.4
GWETROOT,2023,0.5,38.75,0.35,0.33,0.33,0.43,0.44,0.44,0.39,0.35,0.33,0.35,0.52,0.48,0.4
GWETROOT,2023,0.5,39.375,0.36,0.35,0.36,0.43,0.45,0.58,0.48,0.4,0.36,0.36,0.6,0.56,0.44
GWETROOT,2023,0.5,40,0.34,0.33,0.34,0.43,0.46,0.65,0.53,0.42,0.36,0.35,0.65,0.61,0.46
GWETROOT,2023,0.5,40.625,0.35,0.34,0.34,0.44,0.45,0.65,0.55,0.44,0.39,0.37,0.63,0.56,0.46
GWETROOT,2023,0.5,41.25,0.38,0.37,0.37,0.47,0.45,0.61,0.52,0.47,0.43,0.42,0.62,0.52,0.47
GWETROOT,2023,1,34.375,0.54,0.5,0.56,0.65,0.72,0.76,0.77,0.74,0.77,0.78,0.83,0.79,0.7
GWETROOT,2023,1,35,0.56,0.48,0.52,0.67,0.83,0.84,0.89,0.87,0.84,0.8,0.85,0.77,0.74
GWETROOT,2023,1,35.625,0.36,0.36,0.37,0.39,0.45,0.4,0.41,0.42,0.43,0.4,0.41,0.4,0.4
GWETROOT,2023,1,36.25,0.37,0.35,0.37,0.44,0.5,0.43,0.43,0.44,0.44,0.42,0.5,0.45,0.43
GWETROOT,2023,1,36.875,0.36,0.34,0.35,0.39,0.4,0.37,0.36,0.36,0.35,0.35,0.43,0.44,0.38
GWETROOT,2023,1,37.5,0.37,0.33,0.33,0.45,0.44,0.39,0.35,0.34,0.33,0.36,0.53,0.49,0.39
GWETROOT,2023,1,38.125,0.35,0.33,0.33,0.41,0.39,0.37,0.35,0.33,0.33,0.35,0.49,0.43,0.37
GWETROOT,2023,1,38.75,0.36,0.35,0.35,0.41,0.4,0.42,0.38,0.36,0.35,0.36,0.52,0.47,0.39
GWETROOT,2023,1,39.375,0.37,0.36,0.37,0.43,0.43,0.56,0.47,0.4,0.37,0.37,0.57,0.54,0.44
GWETROOT,2023,1,40,0.34,0.33,0.34,0.45,0.45,0.72,0.57,0.43,0.36,0.34,0.63,0.58,0.46
GWETROOT,2023,1,40.625,0.36,0.35,0.36,0.48,0.46,0.71,0.59,0.45,0.39,0.37,0.67,0.61,0.48
GWETROOT,2023,1,41.25,0.43,0.42,0.42,0.52,0.49,0.63,0.56,0.49,0.45,0.45,0.65,0.59,0.51
GWETROOT,2023,1.5,34.375,0.48,0.46,0.53,0.57,0.59,0.59,0.59,0.56,0.57,0.56,0.56,0.51,0.55
GWETROOT,2023,1.5,35,0.43,0.4,0.48,0.62,0.7,0.62,0.65,0.62,0.59,0.56,0.58,0.5,0.56
GWETROOT,2023,1.5,35.625,0.33,0.33,0.34,0.41,0.45,0.38,0.37,0.37,0.38,0.36,0.43,0.4,0.38
GWETROOT,2023,1.5,36.25,0.36,0.36,0.37,0.42,0.45,0.39,0.38,0.39,0.39,0.38,0.43,0.4,0.39
GWETROOT,2023,1.5,36.875,0.35,0.33,0.34,0.4,0.4,0.36,0.34,0.33,0.33,0.35,0.48,0.46,0.37
GWETROOT,2023,1.5,37.5,0.34,0.33,0.33,0.4,0.4,0.35,0.34,0.33,0.33,0.35,0.48,0.46,0.37
GWETROOT,2023,1.5,38.125,0.36,0.34,0.35,0.4,0.38,0.39,0.36,0.35,0.34,0.36,0.48,0.44,0.38
GWETROOT,2023,1.5,38.75,0.46,0.45,0.46,0.5,0.47,0.5,0.47,0.46,0.45,0.47,0.58,0.53,0.48
GWETROOT,2023,1.5,39.375,0.36,0.35,0.37,0.47,0.44,0.64,0.55,0.44,0.38,0.37,0.54,0.51,0.45
GWETROOT,2023,1.5,40,0.38,0.37,0.38,0.48,0.46,0.66,0.55,0.44,0.39,0.38,0.55,0.53,0.46
GWETROOT,2023,1.5,40.625,0.41,0.41,0.42,0.56,0.52,0.74,0.63,0.5,0.44,0.43,0.66,0.61,0.53
GWETROOT,2023,1.5,41.25,0.33,0.33,0.34,0.48,0.46,0.71,0.59,0.45,0.38,0.37,0.61,0.56,0.47
GWETROOT,2023,2,34.375,0.46,0.46,0.53,0.54,0.54,0.52,0.53,0.49,0.5,0.49,0.49,0.47,0.5
GWETROOT,2023,2,35,0.4,0.39,0.46,0.55,0.58,0.49,0.48,0.46,0.44,0.44,0.48,0.44,0.47
GWETROOT,2023,2,35.625,0.33,0.33,0.35,0.4,0.42,0.35,0.33,0.34,0.34,0.34,0.38,0.35,0.36
GWETROOT,2023,2,36.25,0.37,0.37,0.38,0.41,0.42,0.38,0.37,0.38,0.38,0.37,0.41,0.39,0.39
GWETROOT,2023,2,36.875,0.36,0.35,0.36,0.41,0.41,0.37,0.36,0.35,0.35,0.37,0.48,0.47,0.39
GWETROOT,2023,2,37.5,0.34,0.33,0.34,0.41,0.4,0.36,0.34,0.33,0.33,0.36,0.5,0.48,0.38
GWETROOT,2023,2,38.125,0.39,0.38,0.39,0.48,0.45,0.45,0.41,0.4,0.39,0.42,0.56,0.51,0.44
GWETROOT,2023,2,38.75,0.39,0.38,0.39,0.48,0.45,0.47,0.43,0.41,0.39,0.42,0.55,0.51,0.44
GWETROOT,2023,2,39.375,0.34,0.33,0.34,0.48,0.45,0.63,0.53,0.42,0.36,0.36,0.59,0.55,0.45
GWETROOT,2023,2,40,0.38,0.37,0.39,0.56,0.54,0.72,0.6,0.47,0.4,0.41,0.67,0.62,0.51
GWETROOT,2023,2,40.625,0.56,0.55,0.56,0.72,0.66,0.75,0.65,0.58,0.57,0.59,0.86,0.76,0.65
GWETROOT,2023,2,41.25,0.41,0.4,0.41,0.58,0.53,0.72,0.61,0.49,0.44,0.44,0.75,0.68,0.54
GWETROOT,2023,2.5,34.375,0.42,0.42,0.47,0.48,0.48,0.46,0.46,0.44,0.45,0.43,0.44,0.42,0.45
GWETROOT,2023,2.5,35,0.37,0.36,0.4,0.48,0.55,0.46,0.42,0.4,0.38,0.38,0.44,0.4,0.42
GWETROOT,2023,2.5,35.625,0.33,0.33,0.35,0.41,0.44,0.36,0.33,0.33,0.33,0.33,0.38,0.35,0.36
GWETROOT,2023,2.5,36.25,0.35,0.35,0.37,0.39,0.4,0.36,0.36,0.36,0.35,0.36,0.39,0.37,0.37
GWETROOT,2023,2.5,36.875,0.35,0.34,0.36,0.4,0.4,0.36,0.35,0.35,0.35,0.35,0.43,0.43,0.37
GWETROOT,2023,2.5,37.5,0.37,0.37,0.38,0.43,0.42,0.38,0.37,0.37,0.37,0.39,0.49,0.46,0.4
GWETROOT,2023,2.5,38.125,0.36,0.35,0.37,0.47,0.45,0.41,0.38,0.36,0.36,0.39,0.56,0.5,0.41
GWETROOT,2023,2.5,38.75,0.36,0.35,0.37,0.47,0.45,0.44,0.4,0.37,0.36,0.39,0.54,0.48,0.42
GWETROOT,2023,2.5,39.375,0.34,0.33,0.35,0.5,0.48,0.57,0.48,0.4,0.35,0.37,0.6,0.52,0.44
GWETROOT,2023,2.5,40,0.38,0.37,0.39,0.56,0.54,0.67,0.56,0.45,0.4,0.41,0.69,0.61,0.5
GWETROOT,2023,2.5,40.625,0.47,0.46,0.48,0.63,0.6,0.7,0.6,0.52,0.48,0.52,0.82,0.72,0.58
GWETROOT,2023,2.5,41.25,0.27,0.25,0.26,0.39,0.36,0.51,0.42,0.34,0.29,0.32,0.57,0.49,0.37
GWETROOT,2023,3,34.375,0.45,0.44,0.49,0.56,0.58,0.54,0.54,0.49,0.48,0.47,0.49,0.47,0.5
GWETROOT,2023,3,35,0.33,0.33,0.37,0.47,0.53,0.42,0.37,0.35,0.34,0.34,0.42,0.39,0.39
GWETROOT,2023,3,35.625,0.33,0.33,0.35,0.41,0.45,0.36,0.33,0.33,0.33,0.33,0.39,0.36,0.36
GWETROOT,2023,3,36.25,0.33,0.33,0.34,0.4,0.42,0.35,0.33,0.33,0.33,0.34,0.39,0.35,0.35
GWETROOT,2023,3,36.875,0.33,0.33,0.34,0.38,0.4,0.34,0.33,0.33,0.33,0.33,0.4,0.37,0.35
GWETROOT,2023,3,37.5,0.3,0.3,0.31,0.35,0.34,0.31,0.3,0.3,0.3,0.31,0.37,0.34,0.32
GWETROOT,2023,3,38.125,0.34,0.34,0.36,0.42,0.43,0.39,0.36,0.34,0.34,0.36,0.48,0.45,0.38
GWETROOT,2023,3,38.75,0.39,0.39,0.41,0.49,0.49,0.45,0.41,0.39,0.39,0.42,0.56,0.5,0.44
GWETROOT,2023,3,39.375,0.33,0.33,0.36,0.47,0.47,0.47,0.41,0.36,0.33,0.37,0.57,0.48,0.41
GWETROOT,2023,3,40,0.37,0.36,0.4,0.52,0.51,0.56,0.47,0.41,0.37,0.41,0.65,0.54,0.46
GWETROOT,2023,3,40.625,0.38,0.37,0.4,0.51,0.51,0.6,0.5,0.43,0.4,0.43,0.71,0.6,0.49
GWETROOT,2023,3,41.25,0.29,0.28,0.31,0.38,0.37,0.45,0.38,0.33,0.31,0.35,0.53,0.45,0.37
GWETROOT,2023,3.5,34.375,0.37,0.34,0.4,0.52,0.56,0.49,0.47,0.43,0.39,0.41,0.48,0.43,0.44
GWETROOT,2023,3.5,35,0.34,0.33,0.36,0.47,0.52,0.42,0.36,0.34,0.33,0.35,0.48,0.43,0.39
GWETROOT,2023,3.5,35.625,0.33,0.33,0.35,0.43,0.46,0.37,0.33,0.33,0.33,0.34,0.44,0.4,0.37
GWETROOT,2023,3.5,36.25,0.33,0.33,0.35,0.43,0.45,0.36,0.33,0.33,0.33,0.34,0.45,0.4,0.37
GWETROOT,2023,3.5,36.875,0.33,0.33,0.35,0.44,0.44,0.38,0.34,0.33,0.33,0.34,0.45,0.42,0.37
GWETROOT,2023,3.5,37.5,0.37,0.37,0.39,0.46,0.46,0.41,0.38,0.37,0.37,0.39,0.49,0.45,0.41
GWETROOT,2023,3.5,38.125,0.33,0.33,0.36,0.47,0.48,0.44,0.39,0.35,0.33,0.37,0.55,0.51,0.41
GWETROOT,2023,3.5,38.75,0.35,0.34,0.39,0.49,0.52,0.51,0.44,0.39,0.36,0.4,0.61,0.52,0.44
GWETROOT,2023,3.5,39.375,0.38,0.37,0.42,0.55,0.58,0.58,0.49,0.43,0.39,0.44,0.71,0.61,0.5
GWETROOT,2023,3.5,40,0.38,0.38,0.44,0.56,0.55,0.55,0.46,0.41,0.38,0.44,0.74,0.61,0.49
GWETROOT,2023,3.5,40.625,0.51,0.51,0.55,0.63,0.63,0.66,0.57,0.53,0.52,0.56,0.8,0.67,0.6
GWETROOT,2023,3.5,41.25,0.34,0.33,0.36,0.43,0.44,0.49,0.42,0.38,0.35,0.39,0.6,0.52,0.42
GWETROOT,2023,4,34.375,0.48,0.45,0.5,0.57,0.6,0.55,0.52,0.5,0.49,0.52,0.58,0.53,0.52
GWETROOT,2023,4,35,0.42,0.42,0.45,0.53,0.58,0.49,0.44,0.43,0.42,0.47,0.61,0.53,0.48
GWETROOT,2023,4,35.625,0.33,0.33,0.34,0.46,0.53,0.42,0.36,0.33,0.33,0.37,0.59,0.49,0.41
GWETROOT,2023,4,36.25,0.33,0.33,0.35,0.45,0.48,0.39,0.34,0.33,0.33,0.35,0.53,0.44,0.39
GWETROOT,2023,4,36.875,0.33,0.33,0.37,0.48,0.48,0.4,0.35,0.33,0.33,0.36,0.51,0.44,0.39
GWETROOT,2023,4,37.5,0.37,0.36,0.4,0.49,0.49,0.43,0.39,0.37,0.37,0.4,0.53,0.46,0.42
GWETROOT,2023,4,38.125,0.42,0.41,0.46,0.58,0.61,0.62,0.53,0.48,0.44,0.5,0.71,0.61,0.53
GWETROOT,2023,4,38.75,0.58,0.58,0.63,0.73,0.77,0.77,0.68,0.62,0.58,0.65,0.86,0.77,0.69
GWETROOT,2023,4,39.375,0.58,0.57,0.62,0.74,0.76,0.75,0.66,0.6,0.58,0.66,0.92,0.8,0.69
GWETROOT,2023,4,40,0.45,0.45,0.51,0.62,0.62,0.65,0.54,0.48,0.45,0.53,0.81,0.66,0.56
GWETROOT,2023,4,40.625,0.52,0.51,0.55,0.64,0.65,0.66,0.57,0.53,0.52,0.58,0.87,0.72,0.61
GWETROOT,2023,4,41.25,0.35,0.35,0.37,0.45,0.48,0.48,0.41,0.37,0.35,0.4,0.67,0.56,0.44
GWETROOT,2023,4.5,34.375,0.58,0.58,0.61,0.61,0.62,0.6,0.59,0.59,0.59,0.61,0.63,0.6,0.6
GWETROOT,2023,4.5,35,0.49,0.48,0.5,0.59,0.63,0.54,0.5,0.49,0.49,0.56,0.71,0.6,0.55
GWETROOT,2023,4.5,35.625,0.34,0.33,0.34,0.52,0.62,0.48,0.39,0.34,0.33,0.41,0.71,0.56,0.45
GWETROOT,2023,4.5,36.25,0.33,0.33,0.34,0.46,0.55,0.43,0.36,0.33,0.33,0.38,0.62,0.49,0.41
GWETROOT,2023,4.5,36.875,0.33,0.33,0.36,0.47,0.53,0.44,0.38,0.34,0.33,0.37,0.59,0.48,0.41
GWETROOT,2023,4.5,37.5,0.51,0.5,0.54,0.62,0.64,0.58,0.53,0.51,0.51,0.55,0.73,0.62,0.57
GWETROOT,2023,4.5,38.125,0.57,0.57,0.61,0.7,0.73,0.72,0.65,0.6,0.58,0.65,0.85,0.75,0.67
GWETROOT,2023,4.5,38.75,0.54,0.54,0.58,0.67,0.71,0.71,0.63,0.58,0.55,0.62,0.83,0.73,0.64
GWETROOT,2023,4.5,39.375,0.47,0.46,0.5,0.6,0.61,0.65,0.56,0.5,0.47,0.55,0.81,0.68,0.57
GWETROOT,2023,4.5,40,0.4,0.4,0.43,0.53,0.55,0.56,0.48,0.43,0.4,0.48,0.77,0.62,0.5
GWETROOT,2023,4.5,40.625,0.38,0.37,0.4,0.5,0.52,0.54,0.45,0.39,0.38,0.46,0.86,0.68,0.49
GWETROOT,2023,4.5,41.25,0.33,0.33,0.35,0.43,0.47,0.49,0.41,0.36,0.33,0.42,0.83,0.69,0.45
GWETROOT,2024,-0.5,34.375,0.82,0.7,0.67,0.86,0.9,0.82,0.7,0.63,0.58,0.63,0.71,0.84,0.74
GWETROOT,2024,-0.5,35,0.89,0.79,0.73,0.94,0.99,0.94,0.87,0.81,0.74,0.74,0.79,0.91,0.85
GWETROOT,2024,-0.5,35.625,0.67,0.63,0.63,0.74,0.98,0.9,0.85,0.83,0.77,0.73,0.75,0.82,0.78
GWETROOT,2024,-0.5,36.25,0.68,0.64,0.63,0.76,0.94,0.87,0.82,0.8,0.75,0.71,0.73,0.79,0.76
GWETROOT,2024,-0.5,36.875,0.66,0.62,0.58,0.68,0.88,0.79,0.74,0.71,0.66,0.59,0.64,0.65,0.68
GWETROOT,2024,-0.5,37.5,0.64,0.6,0.58,0.67,0.87,0.76,0.71,0.66,0.6,0.55,0.61,0.61,0.66
GWETROOT,2024,-0.5,38.125,0.52,0.5,0.49,0.54,0.54,0.5,0.49,0.48,0.47,0.47,0.54,0.51,0.5
GWETROOT,2024,-0.5,38.75,0.46,0.45,0.44,0.51,0.49,0.44,0.44,0.44,0.43,0.43,0.5,0.46,0.46
GWETROOT,2024,-0.5,39.375,0.42,0.41,0.4,0.47,0.44,0.41,0.4,0.4,0.39,0.39,0.44,0.41,0.41
GWETROOT,2024,-0.5,40,0.49,0.46,0.45,0.53,0.5,0.46,0.45,0.44,0.44,0.43,0.49,0.46,0.47
GWETROOT,2024,-0.5,40.625,0.5,0.47,0.46,0.52,0.53,0.5,0.49,0.47,0.46,0.46,0.52,0.48,0.49
GWETROOT,2024,-0.5,41.25,0.51,0.48,0.47,0.54,0.55,0.51,0.5,0.48,0.47,0.47,0.53,0.49,0.5
GWETROOT,2024,-1,34.375,0.74,0.65,0.65,0.74,0.79,0.74,0.64,0.56,0.51,0.51,0.54,0.67,0.65
GWETROOT,2024,-1,35,0.84,0.78,0.78,0.88,0.95,0.91,0.83,0.76,0.67,0.62,0.62,0.71,0.78
GWETROOT,2024,-1,35.625,0.7,0.66,0.68,0.74,0.92,0.87,0.81,0.74,0.65,0.57,0.56,0.6,0.71
GWETROOT,2024,-1,36.25,0.57,0.53,0.51,0.63,0.87,0.79,0.72,0.66,0.56,0.48,0.46,0.5,0.61
GWETROOT,2024,-1,36.875,0.57,0.52,0.5,0.58,0.71,0.58,0.53,0.5,0.47,0.46,0.56,0.57,0.55
GWETROOT,2024,-1,37.5,0.57,0.53,0.51,0.6,0.71,0.6,0.54,0.51,0.48,0.47,0.54,0.55,0.55
GWETROOT,2024,-1,38.125,0.5,0.48,0.48,0.51,0.5,0.48,0.48,0.47,0.47,0.47,0.52,0.5,0.49
GWETROOT,2024,-1,38.75,0.48,0.47,0.48,0.51,0.49,0.47,0.47,0.47,0.47,0.47,0.52,0.49,0.48
GWETROOT,2024,-1,39.375,0.47,0.46,0.47,0.5,0.48,0.47,0.47,0.46,0.46,0.46,0.5,0.47,0.47
GWETROOT,2024,-1,40,0.56,0.54,0.54,0.6,0.58,0.55,0.55,0.54,0.54,0.54,0.58,0.56,0.56
GWETROOT,2024,-1,40.625,0.52,0.48,0.48,0.55,0.58,0.54,0.53,0.5,0.48,0.47,0.54,0.49,0.51
GWETROOT,2024,-1,41.25,0.52,0.48,0.48,0.53,0.57,0.53,0.52,0.5,0.47,0.47,0.53,0.49,0.51
GWETROOT,2024,-1.5,34.375,0.82,0.73,0.71,0.74,0.72,0.63,0.61,0.58,0.58,0.58,0.62,0.78,0.68
GWETROOT,2024,-1.5,35,0.84,0.78,0.75,0.77,0.83,0.72,0.65,0.59,0.55,0.55,0.57,0.69,0.69
GWETROOT,2024,-1.5,35.625,0.84,0.81,0.76,0.83,0.92,0.8,0.69,0.6,0.54,0.5,0.52,0.61,0.7
GWETROOT,2024,-1.5,36.25,0.58,0.52,0.5,0.61,0.68,0.56,0.49,0.44,0.4,0.39,0.42,0.48,0.51
GWETROOT,2024,-1.5,36.875,0.65,0.61,0.62,0.74,0.77,0.65,0.6,0.59,0.59,0.59,0.62,0.64,0.64
GWETROOT,2024,-1.5,37.5,0.55,0.5,0.48,0.59,0.62,0.52,0.47,0.46,0.45,0.45,0.52,0.54,0.51
GWETROOT,2024,-1.5,38.125,0.51,0.48,0.47,0.52,0.5,0.46,0.45,0.44,0.43,0.42,0.5,0.5,0.47
GWETROOT,2024,-1.5,38.75,0.49,0.48,0.48,0.52,0.5,0.47,0.47,0.47,0.47,0.47,0.52,0.49,0.49
GWETROOT,2024,-1.5,39.375,0.48,0.47,0.48,0.52,0.5,0.48,0.47,0.47,0.47,0.47,0.5,0.48,0.48
GWETROOT,2024,-1.5,40,0.56,0.54,0.55,0.6,0.6,0.56,0.55,0.54,0.54,0.54,0.58,0.55,0.56
GWETROOT,2024,-1.5,40.625,0.55,0.5,0.5,0.56,0.62,0.59,0.56,0.53,0.5,0.49,0.54,0.51,0.54
GWETROOT,2024,-1.5,41.25,0.54,0.49,0.48,0.53,0.6,0.57,0.54,0.51,0.48,0.47,0.52,0.49,0.52
GWETROOT,2024,-1.80E-13,34.375,0.74,0.64,0.58,0.71,0.77,0.76,0.69,0.64,0.61,0.66,0.67,0.73,0.68
GWETROOT,2024,-1.80E-13,35,0.84,0.77,0.73,0.88,0.97,0.95,0.92,0.91,0.88,0.88,0.87,0.91,0.88
GWETROOT,2024,-1.80E-13,35.625,0.81,0.78,0.75,0.84,0.97,0.9,0.87,0.88,0.84,0.8,0.82,0.88,0.85
GWETROOT,2024,-1.80E-13,36.25,0.66,0.63,0.6,0.7,0.87,0.8,0.77,0.78,0.73,0.68,0.7,0.74,0.72
GWETROOT,2024,-1.80E-13,36.875,0.66,0.68,0.63,0.7,0.86,0.74,0.67,0.65,0.6,0.56,0.6,0.63,0.66
GWETROOT,2024,-1.80E-13,37.5,0.72,0.76,0.72,0.78,0.94,0.8,0.72,0.68,0.62,0.55,0.62,0.64,0.71
GWETROOT,2024,-1.80E-13,38.125,0.5,0.51,0.48,0.54,0.56,0.48,0.45,0.44,0.42,0.41,0.48,0.48,0.48
GWETROOT,2024,-1.80E-13,38.75,0.41,0.42,0.39,0.45,0.43,0.38,0.37,0.36,0.35,0.35,0.41,0.4,0.39
GWETROOT,2024,-1.80E-13,39.375,0.4,0.38,0.35,0.43,0.4,0.36,0.34,0.34,0.33,0.33,0.37,0.36,0.37
GWETROOT,2024,-1.80E-13,40,0.44,0.41,0.38,0.46,0.43,0.39,0.37,0.36,0.35,0.34,0.39,0.38,0.39
GWETROOT,2024,-1.80E-13,40.625,0.46,0.42,0.4,0.47,0.46,0.42,0.41,0.4,0.39,0.39,0.43,0.41,0.42
GWETROOT,2024,-1.80E-13,41.25,0.47,0.44,0.43,0.51,0.48,0.44,0.44,0.43,0.42,0.42,0.46,0.43,0.45
GWETROOT,2024,-2,34.375,0.8,0.72,0.68,0.68,0.67,0.61,0.61,0.6,0.61,0.61,0.64,0.78,0.67
GWETROOT,2024,-2,35,0.83,0.75,0.69,0.71,0.73,0.62,0.59,0.56,0.55,0.57,0.59,0.72,0.66
GWETROOT,2024,-2,35.625,0.76,0.7,0.65,0.75,0.75,0.64,0.58,0.54,0.52,0.52,0.55,0.62,0.63
GWETROOT,2024,-2,36.25,0.52,0.46,0.44,0.54,0.53,0.44,0.4,0.37,0.36,0.36,0.38,0.44,0.44
GWETROOT,2024,-2,36.875,0.67,0.61,0.61,0.74,0.73,0.63,0.59,0.59,0.58,0.59,0.63,0.66,0.64
GWETROOT,2024,-2,37.5,0.61,0.53,0.52,0.63,0.62,0.52,0.49,0.49,0.48,0.48,0.54,0.58,0.54
GWETROOT,2024,-2,38.125,0.53,0.48,0.47,0.51,0.48,0.44,0.43,0.42,0.41,0.4,0.45,0.47,0.46
GWETROOT,2024,-2,38.75,0.53,0.5,0.51,0.56,0.52,0.49,0.49,0.49,0.48,0.48,0.53,0.51,0.51
GWETROOT,2024,-2,39.375,0.55,0.53,0.53,0.59,0.56,0.53,0.52,0.51,0.5,0.5,0.54,0.52,0.53
GWETROOT,2024,-2,40,0.52,0.48,0.49,0.54,0.54,0.51,0.49,0.48,0.47,0.47,0.5,0.48,0.5
GWETROOT,2024,-2,40.625,0.58,0.5,0.49,0.55,0.62,0.59,0.55,0.52,0.49,0.47,0.51,0.49,0.53
GWETROOT,2024,-2,41.25,0.48,0.42,0.4,0.46,0.56,0.55,0.48,0.45,0.41,0.39,0.42,0.41,0.45
GWETROOT,2024,-2.5,34.375,0.74,0.68,0.61,0.62,0.6,0.51,0.49,0.49,0.5,0.51,0.57,0.75,0.59
GWETROOT,2024,-2.5,35,0.79,0.72,0.65,0.64,0.65,0.54,0.5,0.47,0.47,0.48,0.53,0.71,0.6
GWETROOT,2024,-2.5,35.625,0.7,0.61,0.57,0.65,0.62,0.52,0.48,0.47,0.47,0.47,0.51,0.62,0.56
GWETROOT,2024,-2.5,36.25,0.61,0.53,0.51,0.57,0.55,0.48,0.46,0.43,0.43,0.43,0.47,0.55,0.5
GWETROOT,2024,-2.5,36.875,0.72,0.63,0.62,0.7,0.69,0.61,0.58,0.58,0.57,0.57,0.63,0.74,0.64
GWETROOT,2024,-2.5,37.5,0.76,0.65,0.67,0.74,0.72,0.6,0.55,0.54,0.54,0.54,0.61,0.75,0.64
GWETROOT,2024,-2.5,38.125,0.64,0.58,0.59,0.61,0.57,0.52,0.5,0.48,0.48,0.48,0.53,0.57,0.55
GWETROOT,2024,-2.5,38.75,0.61,0.57,0.6,0.62,0.57,0.53,0.52,0.52,0.52,0.51,0.57,0.58,0.56
GWETROOT,2024,-2.5,39.375,0.71,0.66,0.67,0.72,0.69,0.65,0.63,0.61,0.6,0.6,0.65,0.65,0.65
GWETROOT,2024,-2.5,40,0.49,0.44,0.44,0.49,0.48,0.44,0.43,0.41,0.39,0.39,0.43,0.43,0.44
GWETROOT,2024,-2.5,40.625,0.53,0.45,0.43,0.49,0.55,0.51,0.48,0.44,0.42,0.41,0.44,0.45,0.47
GWETROOT,2024,-2.5,41.25,,,,,,,,,,,,,
GWETROOT,2024,-3,34.375,0.69,0.63,0.58,0.56,0.54,0.47,0.46,0.46,0.46,0.47,0.53,0.71,0.55
GWETROOT,2024,-3,35,0.87,0.78,0.71,0.66,0.66,0.54,0.48,0.46,0.46,0.47,0.51,0.74,0.61
GWETROOT,2024,-3,35.625,0.97,0.91,0.9,0.94,0.94,0.81,0.69,0.59,0.51,0.48,0.56,0.76,0.75
GWETROOT,2024,-3,36.25,0.77,0.68,0.64,0.69,0.68,0.6,0.57,0.55,0.55,0.55,0.6,0.76,0.64
GWETROOT,2024,-3,36.875,0.95,0.87,0.93,0.95,0.93,0.85,0.79,0.71,0.66,0.61,0.77,0.97,0.83
GWETROOT,2024,-3,37.5,0.92,0.83,0.86,0.89,0.88,0.76,0.67,0.59,0.54,0.5,0.59,0.88,0.74
GWETROOT,2024,-3,38.125,0.7,0.65,0.67,0.68,0.64,0.58,0.54,0.51,0.49,0.48,0.54,0.61,0.59
GWETROOT,2024,-3,38.75,0.62,0.59,0.63,0.63,0.58,0.54,0.53,0.52,0.51,0.51,0.57,0.61,0.57
GWETROOT,2024,-3,39.375,0.71,0.67,0.69,0.73,0.69,0.66,0.64,0.62,0.61,0.61,0.65,0.67,0.66
GWETROOT,2024,-3,40,0.5,0.45,0.46,0.51,0.49,0.45,0.43,0.4,0.39,0.39,0.42,0.45,0.45
GWETROOT,2024,-3,40.625,0.52,0.45,0.45,0.51,0.52,0.48,0.46,0.43,0.41,0.4,0.43,0.47,0.46
GWETROOT,2024,-3,41.25,,,,,,,,,,,,,
GWETROOT,2024,-3.5,34.375,0.69,0.68,0.62,0.58,0.55,0.47,0.46,0.46,0.46,0.48,0.53,0.7,0.56
GWETROOT,2024,-3.5,35,0.77,0.73,0.69,0.64,0.63,0.54,0.49,0.46,0.46,0.47,0.5,0.67,0.59
GWETROOT,2024,-3.5,35.625,0.75,0.69,0.65,0.67,0.67,0.6,0.55,0.51,0.48,0.48,0.51,0.62,0.6
GWETROOT,2024,-3.5,36.25,0.71,0.64,0.61,0.64,0.61,0.54,0.5,0.48,0.48,0.48,0.51,0.69,0.57
GWETROOT,2024,-3.5,36.875,0.86,0.76,0.76,0.79,0.76,0.63,0.55,0.5,0.46,0.46,0.52,0.81,0.66
GWETROOT,2024,-3.5,37.5,0.65,0.57,0.57,0.59,0.57,0.52,0.49,0.47,0.46,0.46,0.49,0.61,0.54
GWETROOT,2024,-3.5,38.125,0.63,0.59,0.61,0.63,0.59,0.53,0.51,0.49,0.48,0.47,0.51,0.56,0.55
GWETROOT,2024,-3.5,38.75,0.72,0.69,0.71,0.73,0.69,0.64,0.61,0.58,0.55,0.53,0.57,0.62,0.64
GWETROOT,2024,-3.5,39.375,0.72,0.67,0.68,0.74,0.72,0.67,0.65,0.61,0.6,0.6,0.63,0.66,0.66
GWETROOT,2024,-3.5,40,0.6,0.56,0.58,0.64,0.61,0.55,0.53,0.5,0.49,0.49,0.52,0.56,0.55
GWETROOT,2024,-3.5,40.625,0.52,0.45,0.45,0.52,0.53,0.49,0.47,0.43,0.41,0.41,0.42,0.48,0.47
GWETROOT,2024,-3.5,41.25,,,,,,,,,,,,,
GWETROOT,2024,-4,34.375,0.66,0.68,0.63,0.61,0.56,0.49,0.47,0.46,0.46,0.48,0.51,0.63,0.55
GWETROOT,2024,-4,35,0.71,0.71,0.7,0.69,0.66,0.6,0.56,0.53,0.52,0.52,0.53,0.66,0.62
GWETROOT,2024,-4,35.625,0.67,0.64,0.63,0.65,0.62,0.57,0.54,0.52,0.5,0.5,0.51,0.59,0.58
GWETROOT,2024,-4,36.25,0.64,0.6,0.59,0.61,0.58,0.52,0.49,0.47,0.47,0.47,0.48,0.57,0.54
GWETROOT,2024,-4,36.875,0.62,0.57,0.59,0.59,0.56,0.51,0.49,0.47,0.46,0.46,0.49,0.56,0.53
GWETROOT,2024,-4,37.5,0.63,0.58,0.61,0.63,0.59,0.55,0.53,0.5,0.49,0.49,0.52,0.58,0.56
GWETROOT,2024,-4,38.125,0.61,0.59,0.62,0.64,0.61,0.58,0.56,0.55,0.54,0.54,0.57,0.6,0.58
GWETROOT,2024,-4,38.75,0.63,0.6,0.63,0.65,0.64,0.59,0.57,0.53,0.51,0.5,0.53,0.55,0.58
GWETROOT,2024,-4,39.375,0.58,0.53,0.54,0.62,0.61,0.56,0.53,0.48,0.47,0.46,0.49,0.5,0.53
GWETROOT,2024,-4,40,0.6,0.55,0.57,0.63,0.61,0.54,0.5,0.45,0.44,0.43,0.46,0.5,0.52
GWETROOT,2024,-4,40.625,,,,,,,,,,,,,
GWETROOT,2024,-4,41.25,,,,,,,,,,,,,
GWETROOT,2024,-4.5,34.375,0.62,0.63,0.61,0.61,0.54,0.48,0.45,0.43,0.41,0.42,0.43,0.56,0.52
GWETROOT,2024,-4.5,35,0.61,0.62,0.61,0.63,0.59,0.54,0.5,0.47,0.45,0.45,0.45,0.58,0.54
GWETROOT,2024,-4.5,35.625,0.55,0.52,0.53,0.54,0.5,0.47,0.45,0.43,0.42,0.41,0.42,0.48,0.48
GWETROOT,2024,-4.5,36.25,0.63,0.59,0.6,0.63,0.58,0.53,0.5,0.48,0.47,0.47,0.48,0.55,0.54
GWETROOT,2024,-4.5,36.875,0.61,0.56,0.6,0.62,0.57,0.53,0.51,0.49,0.47,0.47,0.49,0.55,0.54
GWETROOT,2024,-4.5,37.5,0.64,0.59,0.63,0.66,0.62,0.57,0.54,0.51,0.49,0.48,0.5,0.57,0.57
GWETROOT,2024,-4.5,38.125,0.78,0.73,0.77,0.8,0.78,0.72,0.68,0.64,0.61,0.6,0.62,0.7,0.7
GWETROOT,2024,-4.5,38.75,0.76,0.71,0.74,0.77,0.76,0.69,0.66,0.61,0.59,0.57,0.6,0.67,0.68
GWETROOT,2024,-4.5,39.375,0.6,0.53,0.55,0.62,0.62,0.56,0.52,0.47,0.45,0.43,0.46,0.49,0.52
GWETROOT,2024,-4.5,40,0.58,0.5,0.51,0.62,0.63,0.56,0.52,0.46,0.43,0.42,0.43,0.46,0.51
GWETROOT,2024,-4.5,40.625,,,,,,,,,,,,,
GWETROOT,2024,-4.5,41.25,,,,,,,,,,,,,
GWETROOT,2024,0.5,34.375,0.65,0.57,0.53,0.61,0.67,0.69,0.68,0.68,0.68,0.7,0.69,0.67,0.65
GWETROOT,2024,0.5,35,0.76,0.72,0.7,0.78,0.9,0.91,0.96,0.98,0.95,0.92,0.86,0.82,0.86
GWETROOT,2024,0.5,35.625,0.66,0.64,0.61,0.68,0.78,0.73,0.72,0.79,0.77,0.69,0.65,0.64,0.7
GWETROOT,2024,0.5,36.25,0.51,0.49,0.47,0.55,0.65,0.57,0.56,0.61,0.55,0.49,0.5,0.52,0.54
GWETROOT,2024,0.5,36.875,0.57,0.58,0.55,0.61,0.73,0.62,0.58,0.61,0.57,0.53,0.57,0.58,0.59
GWETROOT,2024,0.5,37.5,0.5,0.55,0.51,0.55,0.66,0.53,0.47,0.46,0.42,0.38,0.44,0.47,0.49
GWETROOT,2024,0.5,38.125,0.42,0.46,0.43,0.46,0.47,0.4,0.36,0.35,0.34,0.33,0.4,0.42,0.4
GWETROOT,2024,0.5,38.75,0.42,0.43,0.4,0.43,0.42,0.37,0.34,0.34,0.33,0.33,0.39,0.4,0.38
GWETROOT,2024,0.5,39.375,0.45,0.44,0.4,0.48,0.45,0.38,0.36,0.35,0.35,0.35,0.39,0.39,0.4
GWETROOT,2024,0.5,40,0.47,0.41,0.37,0.49,0.46,0.38,0.35,0.34,0.33,0.33,0.36,0.37,0.39
GWETROOT,2024,0.5,40.625,0.43,0.38,0.35,0.46,0.44,0.39,0.36,0.35,0.34,0.34,0.36,0.36,0.38
GWETROOT,2024,0.5,41.25,0.46,0.42,0.4,0.48,0.45,0.41,0.4,0.39,0.38,0.37,0.39,0.38,0.41
GWETROOT,2024,1,34.375,0.76,0.7,0.66,0.71,0.73,0.75,0.76,0.75,0.75,0.76,0.75,0.73,0.73
GWETROOT,2024,1,35,0.71,0.69,0.69,0.78,0.92,0.89,0.93,0.99,0.94,0.9,0.84,0.8,0.84
GWETROOT,2024,1,35.625,0.4,0.4,0.38,0.46,0.52,0.45,0.43,0.49,0.45,0.39,0.38,0.39,0.43
GWETROOT,2024,1,36.25,0.43,0.44,0.43,0.53,0.59,0.49,0.47,0.55,0.49,0.41,0.42,0.42,0.47
GWETROOT,2024,1,36.875,0.42,0.44,0.42,0.46,0.5,0.42,0.4,0.45,0.42,0.37,0.38,0.39,0.42
GWETROOT,2024,1,37.5,0.43,0.46,0.43,0.45,0.51,0.41,0.37,0.37,0.35,0.33,0.38,0.41,0.41
GWETROOT,2024,1,38.125,0.39,0.4,0.37,0.38,0.41,0.36,0.34,0.34,0.33,0.33,0.37,0.38,0.37
GWETROOT,2024,1,38.75,0.42,0.42,0.4,0.4,0.4,0.37,0.35,0.35,0.35,0.35,0.38,0.38,0.38
GWETROOT,2024,1,39.375,0.43,0.42,0.4,0.44,0.43,0.38,0.36,0.36,0.36,0.36,0.39,0.38,0.39
GWETROOT,2024,1,40,0.42,0.37,0.34,0.46,0.46,0.37,0.34,0.33,0.33,0.33,0.35,0.35,0.37
GWETROOT,2024,1,40.625,0.45,0.38,0.36,0.48,0.48,0.41,0.37,0.36,0.36,0.36,0.37,0.37,0.4
GWETROOT,2024,1,41.25,0.5,0.45,0.43,0.52,0.53,0.47,0.44,0.43,0.42,0.42,0.44,0.43,0.46
GWETROOT,2024,1.5,34.375,0.51,0.49,0.49,0.53,0.55,0.56,0.56,0.57,0.58,0.61,0.58,0.55,0.55
GWETROOT,2024,1.5,35,0.49,0.49,0.51,0.62,0.69,0.65,0.68,0.84,0.79,0.72,0.65,0.59,0.64
GWETROOT,2024,1.5,35.625,0.37,0.38,0.38,0.46,0.49,0.42,0.39,0.45,0.42,0.36,0.36,0.37,0.4
GWETROOT,2024,1.5,36.25,0.38,0.39,0.39,0.46,0.5,0.43,0.4,0.45,0.42,0.38,0.38,0.38,0.41
GWETROOT,2024,1.5,36.875,0.42,0.42,0.39,0.41,0.47,0.4,0.36,0.36,0.34,0.33,0.36,0.37,0.39
GWETROOT,2024,1.5,37.5,0.4,0.41,0.38,0.4,0.46,0.38,0.34,0.34,0.33,0.33,0.35,0.36,0.37
GWETROOT,2024,1.5,38.125,0.4,0.4,0.37,0.39,0.41,0.37,0.35,0.35,0.34,0.34,0.36,0.36,0.37
GWETROOT,2024,1.5,38.75,0.48,0.48,0.46,0.49,0.5,0.46,0.46,0.45,0.45,0.45,0.47,0.46,0.47
GWETROOT,2024,1.5,39.375,0.42,0.38,0.36,0.44,0.45,0.39,0.36,0.36,0.36,0.36,0.38,0.38,0.39
GWETROOT,2024,1.5,40,0.42,0.39,0.37,0.46,0.47,0.4,0.37,0.37,0.37,0.37,0.4,0.39,0.4
GWETROOT,2024,1.5,40.625,0.47,0.42,0.41,0.53,0.54,0.46,0.42,0.42,0.41,0.41,0.45,0.45,0.45
GWETROOT,2024,1.5,41.25,0.42,0.35,0.33,0.46,0.49,0.41,0.36,0.34,0.34,0.33,0.37,0.38,0.38
GWETROOT,2024,2,34.375,0.47,0.47,0.47,0.51,0.52,0.53,0.53,0.54,0.53,0.55,0.52,0.5,0.51
GWETROOT,2024,2,35,0.45,0.45,0.45,0.53,0.56,0.52,0.52,0.61,0.57,0.51,0.48,0.46,0.51
GWETROOT,2024,2,35.625,0.34,0.35,0.35,0.42,0.43,0.37,0.35,0.38,0.36,0.33,0.34,0.34,0.36
GWETROOT,2024,2,36.25,0.38,0.39,0.38,0.43,0.45,0.39,0.38,0.39,0.38,0.37,0.38,0.38,0.39
GWETROOT,2024,2,36.875,0.42,0.42,0.4,0.43,0.46,0.4,0.37,0.36,0.36,0.35,0.37,0.38,0.39
GWETROOT,2024,2,37.5,0.41,0.4,0.38,0.41,0.45,0.38,0.34,0.34,0.33,0.33,0.36,0.36,0.37
GWETROOT,2024,2,38.125,0.45,0.43,0.41,0.47,0.49,0.43,0.4,0.39,0.39,0.39,0.41,0.41,0.42
GWETROOT,2024,2,38.75,0.45,0.42,0.4,0.47,0.48,0.43,0.4,0.39,0.38,0.38,0.41,0.4,0.42
GWETROOT,2024,2,39.375,0.42,0.36,0.34,0.46,0.48,0.4,0.35,0.34,0.34,0.33,0.37,0.37,0.38
GWETROOT,2024,2,40,0.46,0.4,0.37,0.52,0.56,0.46,0.4,0.38,0.38,0.37,0.42,0.41,0.43
GWETROOT,2024,2,40.625,0.6,0.56,0.56,0.7,0.68,0.59,0.56,0.56,0.56,0.56,0.62,0.61,0.6
GWETROOT,2024,2,41.25,0.5,0.43,0.41,0.57,0.55,0.46,0.42,0.42,0.41,0.41,0.47,0.48,0.46
GWETROOT,2024,2.5,34.375,0.43,0.43,0.43,0.47,0.49,0.48,0.48,0.52,0.48,0.5,0.46,0.45,0.47
GWETROOT,2024,2.5,35,0.41,0.45,0.45,0.5,0.56,0.49,0.48,0.54,0.49,0.45,0.43,0.42,0.47
GWETROOT,2024,2.5,35.625,0.36,0.39,0.39,0.45,0.46,0.38,0.35,0.37,0.35,0.33,0.34,0.34,0.38
GWETROOT,2024,2.5,36.25,0.38,0.4,0.39,0.41,0.42,0.37,0.36,0.37,0.36,0.36,0.37,0.37,0.38
GWETROOT,2024,2.5,36.875,0.4,0.45,0.43,0.45,0.47,0.4,0.36,0.35,0.35,0.35,0.37,0.4,0.4
GWETROOT,2024,2.5,37.5,0.4,0.42,0.4,0.45,0.47,0.4,0.37,0.37,0.37,0.37,0.4,0.41,0.4
GWETROOT,2024,2.5,38.125,0.41,0.4,0.37,0.46,0.51,0.42,0.37,0.36,0.36,0.36,0.41,0.4,0.4
GWETROOT,2024,2.5,38.75,0.4,0.39,0.37,0.46,0.51,0.42,0.38,0.36,0.36,0.36,0.41,0.39,0.4
GWETROOT,2024,2.5,39.375,0.39,0.36,0.34,0.47,0.55,0.43,0.37,0.34,0.34,0.34,0.38,0.36,0.39
GWETROOT,2024,2.5,40,0.45,0.4,0.38,0.53,0.6,0.48,0.41,0.38,0.38,0.38,0.42,0.41,0.43
GWETROOT,2024,2.5,40.625,0.55,0.5,0.48,0.61,0.66,0.54,0.49,0.48,0.47,0.47,0.51,0.51,0.52
GWETROOT,2024,2.5,41.25,0.35,0.29,0.27,0.37,0.39,0.32,0.28,0.27,0.26,0.25,0.29,0.29,0.3
GWETROOT,2024,3,34.375,0.46,0.47,0.47,0.51,0.57,0.58,0.57,0.61,0.57,0.57,0.54,0.5,0.54
GWETROOT,2024,3,35,0.37,0.39,0.45,0.49,0.57,0.47,0.45,0.51,0.44,0.41,0.4,0.42,0.45
GWETROOT,2024,3,35.625,0.36,0.36,0.4,0.4,0.42,0.35,0.33,0.33,0.33,0.33,0.35,0.37,0.36
GWETROOT,2024,3,36.25,0.36,0.36,0.39,0.39,0.41,0.35,0.34,0.34,0.33,0.33,0.35,0.37,0.36
GWETROOT,2024,3,36.875,0.34,0.35,0.36,0.39,0.43,0.36,0.33,0.33,0.33,0.33,0.36,0.39,0.36
GWETROOT,2024,3,37.5,0.31,0.31,0.31,0.38,0.41,0.33,0.3,0.3,0.3,0.3,0.34,0.37,0.33
GWETROOT,2024,3,38.125,0.37,0.36,0.35,0.45,0.52,0.42,0.36,0.35,0.34,0.34,0.4,0.4,0.39
GWETROOT,2024,3,38.75,0.41,0.41,0.4,0.49,0.57,0.46,0.4,0.39,0.39,0.39,0.45,0.42,0.43
GWETROOT,2024,3,39.375,0.37,0.35,0.34,0.44,0.54,0.42,0.36,0.34,0.33,0.34,0.37,0.35,0.38
GWETROOT,2024,3,40,0.41,0.38,0.37,0.49,0.59,0.46,0.4,0.38,0.37,0.37,0.4,0.38,0.42
GWETROOT,2024,3,40.625,0.46,0.41,0.39,0.52,0.61,0.48,0.41,0.39,0.38,0.38,0.4,0.39,0.44
GWETROOT,2024,3,41.25,0.35,0.32,0.3,0.4,0.44,0.36,0.32,0.31,0.3,0.29,0.32,0.3,0.33
GWETROOT,2024,3.5,34.375,0.39,0.39,0.42,0.46,0.55,0.53,0.55,0.65,0.57,0.54,0.5,0.45,0.5
GWETROOT,2024,3.5,35,0.39,0.41,0.51,0.54,0.59,0.48,0.44,0.51,0.43,0.39,0.4,0.43,0.46
GWETROOT,2024,3.5,35.625,0.36,0.36,0.46,0.53,0.56,0.43,0.35,0.34,0.33,0.33,0.35,0.39,0.4
GWETROOT,2024,3.5,36.25,0.36,0.37,0.45,0.5,0.53,0.41,0.35,0.34,0.33,0.33,0.36,0.4,0.39
GWETROOT,2024,3.5,36.875,0.35,0.35,0.36,0.43,0.53,0.42,0.36,0.33,0.33,0.33,0.36,0.44,0.38
GWETROOT,2024,3.5,37.5,0.39,0.39,0.39,0.46,0.52,0.42,0.38,0.38,0.37,0.37,0.4,0.44,0.41
GWETROOT,2024,3.5,38.125,0.4,0.36,0.36,0.44,0.57,0.45,0.38,0.35,0.33,0.34,0.37,0.41,0.4
GWETROOT,2024,3.5,38.75,0.4,0.38,0.37,0.46,0.58,0.45,0.4,0.38,0.36,0.36,0.38,0.38,0.41
GWETROOT,2024,3.5,39.375,0.45,0.42,0.4,0.5,0.59,0.47,0.42,0.41,0.4,0.39,0.41,0.39,0.44
GWETROOT,2024,3.5,40,0.44,0.4,0.39,0.51,0.59,0.46,0.41,0.39,0.38,0.38,0.4,0.39,0.43
GWETROOT,2024,3.5,40.625,0.54,0.52,0.52,0.66,0.71,0.57,0.53,0.52,0.52,0.52,0.52,0.51,0.55
GWETROOT,2024,3.5,41.25,0.41,0.37,0.35,0.47,0.51,0.42,0.37,0.36,0.35,0.34,0.35,0.34,0.39
GWETROOT,2024,4,34.375,0.49,0.48,0.5,0.55,0.58,0.54,0.55,0.68,0.61,0.56,0.54,0.51,0.55
GWETROOT,2024,4,35,0.48,0.51,0.6,0.64,0.66,0.55,0.49,0.55,0.49,0.45,0.47,0.48,0.53
GWETROOT,2024,4,35.625,0.42,0.46,0.58,0.66,0.68,0.51,0.41,0.37,0.34,0.34,0.38,0.43,0.46
GWETROOT,2024,4,36.25,0.38,0.4,0.49,0.58,0.6,0.45,0.36,0.34,0.33,0.33,0.36,0.39,0.42
GWETROOT,2024,4,36.875,0.37,0.39,0.41,0.51,0.59,0.45,0.37,0.34,0.33,0.34,0.35,0.39,0.4
GWETROOT,2024,4,37.5,0.4,0.41,0.43,0.51,0.58,0.46,0.4,0.38,0.37,0.38,0.39,0.41,0.43
GWETROOT,2024,4,38.125,0.49,0.5,0.5,0.57,0.65,0.53,0.47,0.45,0.44,0.45,0.46,0.45,0.5
GWETROOT,2024,4,38.75,0.64,0.64,0.63,0.71,0.79,0.67,0.61,0.59,0.59,0.6,0.6,0.59,0.64
GWETROOT,2024,4,39.375,0.64,0.62,0.6,0.7,0.71,0.62,0.59,0.58,0.58,0.59,0.6,0.58,0.62
GWETROOT,2024,4,40,0.51,0.47,0.46,0.62,0.67,0.53,0.47,0.46,0.46,0.46,0.47,0.45,0.5
GWETROOT,2024,4,40.625,0.57,0.53,0.52,0.69,0.74,0.58,0.53,0.52,0.52,0.52,0.53,0.52,0.56
GWETROOT,2024,4,41.25,0.44,0.38,0.36,0.5,0.53,0.43,0.38,0.36,0.35,0.35,0.36,0.35,0.4
GWETROOT,2024,4.5,34.375,0.59,0.59,0.59,0.63,0.62,0.59,0.6,0.64,0.61,0.6,0.6,0.59,0.6
GWETROOT,2024,4.5,35,0.53,0.58,0.63,0.7,0.69,0.57,0.52,0.54,0.52,0.5,0.51,0.51,0.57
GWETROOT,2024,4.5,35.625,0.46,0.54,0.64,0.73,0.73,0.55,0.43,0.4,0.35,0.34,0.38,0.43,0.5
GWETROOT,2024,4.5,36.25,0.4,0.44,0.52,0.61,0.64,0.48,0.39,0.35,0.33,0.34,0.37,0.41,0.44
GWETROOT,2024,4.5,36.875,0.4,0.44,0.5,0.6,0.67,0.52,0.42,0.37,0.34,0.34,0.36,0.38,0.44
GWETROOT,2024,4.5,37.5,0.53,0.58,0.59,0.68,0.76,0.62,0.54,0.52,0.51,0.52,0.53,0.53,0.58
GWETROOT,2024,4.5,38.125,0.63,0.65,0.64,0.72,0.79,0.68,0.61,0.59,0.58,0.6,0.61,0.58,0.64
GWETROOT,2024,4.5,38.75,0.61,0.62,0.61,0.7,0.77,0.65,0.58,0.56,0.55,0.57,0.58,0.55,0.61
GWETROOT,2024,4.5,39.375,0.55,0.5,0.49,0.62,0.67,0.55,0.5,0.48,0.47,0.49,0.5,0.48,0.53
GWETROOT,2024,4.5,40,0.48,0.43,0.42,0.56,0.59,0.48,0.43,0.41,0.4,0.42,0.43,0.41,0.45
GWETROOT,2024,4.5,40.625,0.49,0.41,0.38,0.56,0.64,0.48,0.41,0.38,0.38,0.39,0.41,0.38,0.44
GWETROOT,2024,4.5,41.25,0.48,0.39,0.34,0.51,0.64,0.47,0.39,0.35,0.34,0.34,0.37,0.35,0.41
GWETROOT,2025,-0.5,34.375,0.79,0.64,0.63,0.84,0.92,,,,,,,,
GWETROOT,2025,-0.5,35,0.84,0.73,0.69,0.87,0.96,,,,,,,,
GWETROOT,2025,-0.5,35.625,0.75,0.7,0.66,0.73,0.79,,,,,,,,
GWETROOT,2025,-0.5,36.25,0.72,0.66,0.63,0.69,0.76,,,,,,,,
GWETROOT,2025,-0.5,36.875,0.57,0.52,0.49,0.57,0.57,,,,,,,,
GWETROOT,2025,-0.5,37.5,0.55,0.52,0.51,0.59,0.58,,,,,,,,
GWETROOT,2025,-0.5,38.125,0.48,0.48,0.48,0.55,0.5,,,,,,,,
GWETROOT,2025,-0.5,38.75,0.44,0.43,0.45,0.5,0.46,,,,,,,,
GWETROOT,2025,-0.5,39.375,0.39,0.39,0.4,0.45,0.42,,,,,,,,
GWETROOT,2025,-0.5,40,0.43,0.43,0.44,0.51,0.49,,,,,,,,
GWETROOT,2025,-0.5,40.625,0.46,0.45,0.47,0.52,0.54,,,,,,,,
GWETROOT,2025,-0.5,41.25,0.47,0.47,0.48,0.54,0.55,,,,,,,,
GWETROOT,2025,-1,34.375,0.6,0.55,0.55,0.68,0.78,,,,,,,,
GWETROOT,2025,-1,35,0.65,0.63,0.62,0.74,0.82,,,,,,,,
GWETROOT,2025,-1,35.625,0.54,0.54,0.52,0.61,0.61,,,,,,,,
GWETROOT,2025,-1,36.25,0.44,0.42,0.43,0.51,0.52,,,,,,,,
GWETROOT,2025,-1,36.875,0.5,0.48,0.48,0.54,0.52,,,,,,,,
GWETROOT,2025,-1,37.5,0.5,0.48,0.5,0.55,0.52,,,,,,,,
GWETROOT,2025,-1,38.125,0.48,0.47,0.48,0.51,0.49,,,,,,,,
GWETROOT,2025,-1,38.75,0.47,0.47,0.48,0.51,0.48,,,,,,,,
GWETROOT,2025,-1,39.375,0.46,0.46,0.47,0.49,0.48,,,,,,,,
GWETROOT,2025,-1,40,0.53,0.53,0.54,0.59,0.57,,,,,,,,
GWETROOT,2025,-1,40.625,0.47,0.47,0.48,0.53,0.58,,,,,,,,
GWETROOT,2025,-1,41.25,0.47,0.47,0.48,0.52,0.57,,,,,,,,
GWETROOT,2025,-1.5,34.375,0.7,0.68,0.63,0.72,0.74,,,,,,,,
GWETROOT,2025,-1.5,35,0.63,0.69,0.62,0.71,0.71,,,,,,,,
GWETROOT,2025,-1.5,35.625,0.57,0.63,0.56,0.66,0.66,,,,,,,,
GWETROOT,2025,-1.5,36.25,0.44,0.45,0.43,0.52,0.52,,,,,,,,
GWETROOT,2025,-1.5,36.875,0.6,0.6,0.62,0.66,0.64,,,,,,,,
GWETROOT,2025,-1.5,37.5,0.48,0.47,0.47,0.55,0.53,,,,,,,,
GWETROOT,2025,-1.5,38.125,0.46,0.45,0.45,0.51,0.48,,,,,,,,
GWETROOT,2025,-1.5,38.75,0.47,0.47,0.48,0.51,0.49,,,,,,,,
GWETROOT,2025,-1.5,39.375,0.47,0.47,0.48,0.51,0.49,,,,,,,,
GWETROOT,2025,-1.5,40,0.53,0.53,0.54,0.59,0.59,,,,,,,,
GWETROOT,2025,-1.5,40.625,0.49,0.48,0.49,0.54,0.6,,,,,,,,
GWETROOT,2025,-1.5,41.25,0.47,0.47,0.47,0.52,0.59,,,,,,,,
GWETROOT,2025,-1.80E-13,34.375,0.69,0.59,0.59,0.7,0.76,,,,,,,,
GWETROOT,2025,-1.80E-13,35,0.81,0.71,0.68,0.8,0.9,,,,,,,,
GWETROOT,2025,-1.80E-13,35.625,0.79,0.71,0.66,0.74,0.84,,,,,,,,
GWETROOT,2025,-1.80E-13,36.25,0.65,0.59,0.57,0.64,0.71,,,,,,,,
GWETROOT,2025,-1.80E-13,36.875,0.57,0.53,0.49,0.58,0.62,,,,,,,,
GWETROOT,2025,-1.80E-13,37.5,0.56,0.51,0.48,0.59,0.63,,,,,,,,
GWETROOT,2025,-1.80E-13,38.125,0.44,0.42,0.42,0.51,0.48,,,,,,,,
GWETROOT,2025,-1.80E-13,38.75,0.37,0.36,0.36,0.44,0.41,,,,,,,,
GWETROOT,2025,-1.80E-13,39.375,0.33,0.33,0.35,0.41,0.39,,,,,,,,
GWETROOT,2025,-1.80E-13,40,0.35,0.34,0.36,0.43,0.41,,,,,,,,
GWETROOT,2025,-1.80E-13,40.625,0.39,0.39,0.41,0.47,0.46,,,,,,,,
GWETROOT,2025,-1.80E-13,41.25,0.42,0.42,0.44,0.5,0.48,,,,,,,,
GWETROOT,2025,-2,34.375,0.72,0.71,0.64,0.7,0.68,,,,,,,,
GWETROOT,2025,-2,35,0.68,0.75,0.63,0.7,0.69,,,,,,,,
GWETROOT,2025,-2,35.625,0.59,0.63,0.57,0.66,0.68,,,,,,,,
GWETROOT,2025,-2,36.25,0.42,0.44,0.41,0.48,0.49,,,,,,,,
GWETROOT,2025,-2,36.875,0.62,0.62,0.61,0.69,0.68,,,,,,,,
GWETROOT,2025,-2,37.5,0.52,0.52,0.5,0.59,0.57,,,,,,,,
GWETROOT,2025,-2,38.125,0.43,0.43,0.42,0.48,0.46,,,,,,,,
GWETROOT,2025,-2,38.75,0.48,0.48,0.49,0.54,0.51,,,,,,,,
GWETROOT,2025,-2,39.375,0.5,0.5,0.51,0.57,0.56,,,,,,,,
GWETROOT,2025,-2,40,0.46,0.46,0.47,0.54,0.55,,,,,,,,
GWETROOT,2025,-2,40.625,0.47,0.46,0.47,0.53,0.6,,,,,,,,
GWETROOT,2025,-2,41.25,0.38,0.37,0.37,0.42,0.54,,,,,,,,
GWETROOT,2025,-2.5,34.375,0.67,0.65,0.57,0.62,0.6,,,,,,,,
GWETROOT,2025,-2.5,35,0.67,0.71,0.58,0.65,0.63,,,,,,,,
GWETROOT,2025,-2.5,35.625,0.59,0.57,0.53,0.65,0.67,,,,,,,,
GWETROOT,2025,-2.5,36.25,0.52,0.52,0.49,0.56,0.57,,,,,,,,
GWETROOT,2025,-2.5,36.875,0.68,0.65,0.6,0.68,0.67,,,,,,,,
GWETROOT,2025,-2.5,37.5,0.65,0.62,0.57,0.68,0.68,,,,,,,,
GWETROOT,2025,-2.5,38.125,0.52,0.5,0.49,0.56,0.54,,,,,,,,
GWETROOT,2025,-2.5,38.75,0.53,0.52,0.52,0.59,0.57,,,,,,,,
GWETROOT,2025,-2.5,39.375,0.6,0.6,0.61,0.69,0.71,,,,,,,,
GWETROOT,2025,-2.5,40,0.39,0.38,0.39,0.47,0.52,,,,,,,,
GWETROOT,2025,-2.5,40.625,0.41,0.39,0.4,0.46,0.57,,,,,,,,
GWETROOT,2025,-2.5,41.25,,,,,,,,,,,,,
GWETROOT,2025,-3,34.375,0.65,0.62,0.54,0.6,0.58,,,,,,,,
GWETROOT,2025,-3,35,0.68,0.7,0.59,0.66,0.65,,,,,,,,
GWETROOT,2025,-3,35.625,0.72,0.72,0.68,0.84,0.89,,,,,,,,
GWETROOT,2025,-3,36.25,0.69,0.65,0.62,0.72,0.72,,,,,,,,
GWETROOT,2025,-3,36.875,0.87,0.84,0.73,0.91,0.94,,,,,,,,
GWETROOT,2025,-3,37.5,0.8,0.74,0.63,0.73,0.77,,,,,,,,
GWETROOT,2025,-3,38.125,0.55,0.52,0.5,0.58,0.57,,,,,,,,
GWETROOT,2025,-3,38.75,0.53,0.51,0.52,0.59,0.57,,,,,,,,
GWETROOT,2025,-3,39.375,0.6,0.6,0.61,0.69,0.73,,,,,,,,
GWETROOT,2025,-3,40,0.39,0.38,0.38,0.47,0.55,,,,,,,,
GWETROOT,2025,-3,40.625,0.41,0.39,0.39,0.47,0.61,,,,,,,,
GWETROOT,2025,-3,41.25,,,,,,,,,,,,,
GWETROOT,2025,-3.5,34.375,0.66,0.59,0.55,0.57,0.54,,,,,,,,
GWETROOT,2025,-3.5,35,0.64,0.64,0.57,0.59,0.58,,,,,,,,
GWETROOT,2025,-3.5,35.625,0.59,0.58,0.58,0.64,0.64,,,,,,,,
GWETROOT,2025,-3.5,36.25,0.63,0.61,0.58,0.65,0.64,,,,,,,,
GWETROOT,2025,-3.5,36.875,0.74,0.68,0.61,0.7,0.72,,,,,,,,
GWETROOT,2025,-3.5,37.5,0.57,0.55,0.51,0.55,0.55,,,,,,,,
GWETROOT,2025,-3.5,38.125,0.5,0.49,0.49,0.55,0.53,,,,,,,,
GWETROOT,2025,-3.5,38.75,0.55,0.53,0.52,0.6,0.59,,,,,,,,
GWETROOT,2025,-3.5,39.375,0.59,0.58,0.59,0.67,0.73,,,,,,,,
GWETROOT,2025,-3.5,40,0.49,0.48,0.48,0.58,0.63,,,,,,,,
GWETROOT,2025,-3.5,40.625,0.42,0.39,0.39,0.47,0.64,,,,,,,,
GWETROOT,2025,-3.5,41.25,,,,,,,,,,,,,
GWETROOT,2025,-4,34.375,0.62,0.56,0.56,0.57,0.54,,,,,,,,
GWETROOT,2025,-4,35,0.64,0.63,0.61,0.61,0.59,,,,,,,,
GWETROOT,2025,-4,35.625,0.57,0.57,0.58,0.6,0.58,,,,,,,,
GWETROOT,2025,-4,36.25,0.54,0.54,0.55,0.57,0.55,,,,,,,,
GWETROOT,2025,-4,36.875,0.52,0.52,0.53,0.55,0.53,,,,,,,,
GWETROOT,2025,-4,37.5,0.53,0.52,0.53,0.56,0.55,,,,,,,,
GWETROOT,2025,-4,38.125,0.56,0.55,0.56,0.59,0.59,,,,,,,,
GWETROOT,2025,-4,38.75,0.51,0.5,0.51,0.56,0.57,,,,,,,,
GWETROOT,2025,-4,39.375,0.45,0.44,0.46,0.52,0.58,,,,,,,,
GWETROOT,2025,-4,40,0.42,0.41,0.42,0.52,0.57,,,,,,,,
GWETROOT,2025,-4,40.625,,,,,,,,,,,,,
GWETROOT,2025,-4,41.25,,,,,,,,,,,,,
GWETROOT,2025,-4.5,34.375,0.52,0.48,0.48,0.49,0.47,,,,,,,,
GWETROOT,2025,-4.5,35,0.54,0.52,0.53,0.52,0.5,,,,,,,,
GWETROOT,2025,-4.5,35.625,0.46,0.45,0.48,0.49,0.47,,,,,,,,
GWETROOT,2025,-4.5,36.25,0.52,0.52,0.55,0.55,0.53,,,,,,,,
GWETROOT,2025,-4.5,36.875,0.5,0.5,0.53,0.54,0.53,,,,,,,,
GWETROOT,2025,-4.5,37.5,0.51,0.5,0.53,0.56,0.54,,,,,,,,
GWETROOT,2025,-4.5,38.125,0.63,0.61,0.62,0.68,0.7,,,,,,,,
GWETROOT,2025,-4.5,38.75,0.6,0.58,0.59,0.65,0.69,,,,,,,,
GWETROOT,2025,-4.5,39.375,0.43,0.41,0.43,0.5,0.58,,,,,,,,
GWETROOT,2025,-4.5,40,0.41,0.39,0.41,0.47,0.59,,,,,,,,
GWETROOT,2025,-4.5,40.625,,,,,,,,,,,,,
GWETROOT,2025,-4.5,41.25,,,,,,,,,,,,,
GWETROOT,2025,0.5,34.375,0.61,0.53,0.52,0.57,0.65,,,,,,,,
GWETROOT,2025,0.5,35,0.72,0.63,0.58,0.65,0.74,,,,,,,,
GWETROOT,2025,0.5,35.625,0.54,0.49,0.48,0.57,0.65,,,,,,,,
GWETROOT,2025,0.5,36.25,0.46,0.42,0.43,0.51,0.58,,,,,,,,
GWETROOT,2025,0.5,36.875,0.53,0.51,0.5,0.58,0.62,,,,,,,,
GWETROOT,2025,0.5,37.5,0.41,0.38,0.36,0.45,0.47,,,,,,,,
GWETROOT,2025,0.5,38.125,0.37,0.35,0.35,0.42,0.42,,,,,,,,
GWETROOT,2025,0.5,38.75,0.35,0.34,0.34,0.42,0.41,,,,,,,,
GWETROOT,2025,0.5,39.375,0.35,0.35,0.36,0.45,0.44,,,,,,,,
GWETROOT,2025,0.5,40,0.33,0.33,0.36,0.45,0.44,,,,,,,,
GWETROOT,2025,0.5,40.625,0.34,0.34,0.38,0.45,0.43,,,,,,,,
GWETROOT,2025,0.5,41.25,0.37,0.36,0.4,0.45,0.43,,,,,,,,
GWETROOT,2025,1,34.375,0.64,0.57,0.57,0.63,0.72,,,,,,,,
GWETROOT,2025,1,35,0.65,0.56,0.54,0.65,0.74,,,,,,,,
GWETROOT,2025,1,35.625,0.36,0.36,0.37,0.44,0.5,,,,,,,,
GWETROOT,2025,1,36.25,0.37,0.35,0.37,0.47,0.51,,,,,,,,
GWETROOT,2025,1,36.875,0.36,0.34,0.35,0.4,0.44,,,,,,,,
GWETROOT,2025,1,37.5,0.36,0.34,0.34,0.4,0.42,,,,,,,,
GWETROOT,2025,1,38.125,0.34,0.33,0.34,0.38,0.38,,,,,,,,
GWETROOT,2025,1,38.75,0.35,0.35,0.36,0.4,0.39,,,,,,,,
GWETROOT,2025,1,39.375,0.36,0.36,0.37,0.43,0.44,,,,,,,,
GWETROOT,2025,1,40,0.33,0.33,0.35,0.44,0.45,,,,,,,,
GWETROOT,2025,1,40.625,0.35,0.35,0.39,0.46,0.45,,,,,,,,
GWETROOT,2025,1,41.25,0.42,0.42,0.45,0.48,0.47,,,,,,,,
GWETROOT,2025,1.5,34.375,0.49,0.48,0.48,0.52,0.56,,,,,,,,
GWETROOT,2025,1.5,35,0.48,0.44,0.44,0.55,0.59,,,,,,,,
GWETROOT,2025,1.5,35.625,0.33,0.33,0.35,0.43,0.45,,,,,,,,
GWETROOT,2025,1.5,36.25,0.36,0.36,0.38,0.43,0.45,,,,,,,,
GWETROOT,2025,1.5,36.875,0.34,0.33,0.35,0.41,0.42,,,,,,,,
GWETROOT,2025,1.5,37.5,0.33,0.33,0.35,0.41,0.41,,,,,,,,
GWETROOT,2025,1.5,38.125,0.34,0.34,0.35,0.4,0.39,,,,,,,,
GWETROOT,2025,1.5,38.75,0.45,0.45,0.46,0.5,0.48,,,,,,,,
GWETROOT,2025,1.5,39.375,0.35,0.35,0.37,0.45,0.46,,,,,,,,
GWETROOT,2025,1.5,40,0.37,0.37,0.38,0.47,0.48,,,,,,,,
GWETROOT,2025,1.5,40.625,0.41,0.41,0.44,0.51,0.51,,,,,,,,
GWETROOT,2025,1.5,41.25,0.33,0.33,0.35,0.39,0.4,,,,,,,,
GWETROOT,2025,2,34.375,0.47,0.46,0.47,0.49,0.52,,,,,,,,
GWETROOT,2025,2,35,0.41,0.4,0.41,0.46,0.49,,,,,,,,
GWETROOT,2025,2,35.625,0.33,0.33,0.34,0.38,0.39,,,,,,,,
GWETROOT,2025,2,36.25,0.37,0.37,0.38,0.41,0.41,,,,,,,,
GWETROOT,2025,2,36.875,0.36,0.35,0.38,0.43,0.43,,,,,,,,
GWETROOT,2025,2,37.5,0.33,0.33,0.36,0.42,0.42,,,,,,,,
GWETROOT,2025,2,38.125,0.39,0.38,0.41,0.46,0.45,,,,,,,,
GWETROOT,2025,2,38.75,0.38,0.38,0.4,0.46,0.45,,,,,,,,
GWETROOT,2025,2,39.375,0.33,0.33,0.36,0.46,0.44,,,,,,,,
GWETROOT,2025,2,40,0.37,0.37,0.4,0.53,0.51,,,,,,,,
GWETROOT,2025,2,40.625,0.56,0.55,0.58,0.68,0.65,,,,,,,,
GWETROOT,2025,2,41.25,0.42,0.4,0.44,0.53,0.52,,,,,,,,
GWETROOT,2025,2.5,34.375,0.43,0.43,0.43,0.45,0.47,,,,,,,,
GWETROOT,2025,2.5,35,0.38,0.37,0.38,0.41,0.43,,,,,,,,
GWETROOT,2025,2.5,35.625,0.33,0.33,0.34,0.37,0.38,,,,,,,,
GWETROOT,2025,2.5,36.25,0.36,0.35,0.36,0.38,0.38,,,,,,,,
GWETROOT,2025,2.5,36.875,0.35,0.34,0.36,0.4,0.4,,,,,,,,
GWETROOT,2025,2.5,37.5,0.37,0.37,0.39,0.44,0.43,,,,,,,,
GWETROOT,2025,2.5,38.125,0.36,0.35,0.39,0.47,0.46,,,,,,,,
GWETROOT,2025,2.5,38.75,0.36,0.35,0.38,0.46,0.44,,,,,,,,
GWETROOT,2025,2.5,39.375,0.33,0.33,0.36,0.47,0.45,,,,,,,,
GWETROOT,2025,2.5,40,0.37,0.37,0.41,0.53,0.51,,,,,,,,
GWETROOT,2025,2.5,40.625,0.47,0.46,0.49,0.59,0.58,,,,,,,,
GWETROOT,2025,2.5,41.25,0.26,0.25,0.26,0.34,0.34,,,,,,,,
GWETROOT,2025,3,34.375,0.46,0.45,0.46,0.5,0.55,,,,,,,,
GWETROOT,2025,3,35,0.36,0.33,0.35,0.4,0.44,,,,,,,,
GWETROOT,2025,3,35.625,0.33,0.33,0.34,0.36,0.37,,,,,,,,
GWETROOT,2025,3,36.25,0.33,0.33,0.34,0.36,0.36,,,,,,,,
GWETROOT,2025,3,36.875,0.34,0.33,0.34,0.36,0.37,,,,,,,,
GWETROOT,2025,3,37.5,0.31,0.3,0.32,0.35,0.35,,,,,,,,
GWETROOT,2025,3,38.125,0.34,0.34,0.38,0.46,0.45,,,,,,,,
GWETROOT,2025,3,38.75,0.39,0.39,0.43,0.52,0.49,,,,,,,,
GWETROOT,2025,3,39.375,0.33,0.33,0.37,0.46,0.44,,,,,,,,
GWETROOT,2025,3,40,0.36,0.36,0.4,0.49,0.48,,,,,,,,
GWETROOT,2025,3,40.625,0.37,0.36,0.39,0.46,0.47,,,,,,,,
GWETROOT,2025,3,41.25,0.29,0.28,0.3,0.35,0.35,,,,,,,,
GWETROOT,2025,3.5,34.375,0.39,0.35,0.38,0.44,0.49,,,,,,,,
GWETROOT,2025,3.5,35,0.36,0.33,0.38,0.46,0.5,,,,,,,,
GWETROOT,2025,3.5,35.625,0.33,0.33,0.35,0.42,0.48,,,,,,,,
GWETROOT,2025,3.5,36.25,0.33,0.33,0.36,0.41,0.47,,,,,,,,
GWETROOT,2025,3.5,36.875,0.35,0.33,0.38,0.43,0.48,,,,,,,,
GWETROOT,2025,3.5,37.5,0.38,0.37,0.41,0.46,0.49,,,,,,,,
GWETROOT,2025,3.5,38.125,0.34,0.33,0.38,0.49,0.51,,,,,,,,
GWETROOT,2025,3.5,38.75,0.35,0.34,0.38,0.49,0.5,,,,,,,,
GWETROOT,2025,3.5,39.375,0.38,0.37,0.4,0.51,0.51,,,,,,,,
GWETROOT,2025,3.5,40,0.38,0.37,0.4,0.48,0.48,,,,,,,,
GWETROOT,2025,3.5,40.625,0.51,0.5,0.52,0.56,0.57,,,,,,,,
GWETROOT,2025,3.5,41.25,0.33,0.33,0.34,0.37,0.39,,,,,,,,
GWETROOT,2025,4,34.375,0.48,0.46,0.5,0.53,0.56,,,,,,,,
GWETROOT,2025,4,35,0.43,0.42,0.49,0.56,0.59,,,,,,,,
GWETROOT,2025,4,35.625,0.35,0.33,0.39,0.5,0.58,,,,,,,,
GWETROOT,2025,4,36.25,0.33,0.33,0.39,0.47,0.55,,,,,,,,
GWETROOT,2025,4,36.875,0.34,0.33,0.41,0.51,0.57,,,,,,,,
GWETROOT,2025,4,37.5,0.37,0.37,0.43,0.51,0.56,,,,,,,,
GWETROOT,2025,4,38.125,0.42,0.41,0.45,0.57,0.61,,,,,,,,
GWETROOT,2025,4,38.75,0.58,0.58,0.62,0.72,0.76,,,,,,,,
GWETROOT,2025,4,39.375,0.57,0.57,0.59,0.68,0.71,,,,,,,,
GWETROOT,2025,4,40,0.45,0.45,0.47,0.52,0.55,,,,,,,,
GWETROOT,2025,4,40.625,0.51,0.51,0.52,0.55,0.58,,,,,,,,
GWETROOT,2025,4,41.25,0.35,0.35,0.36,0.38,0.41,,,,,,,,
GWETROOT,2025,4.5,34.375,0.58,0.58,0.61,0.61,0.62,,,,,,,,
GWETROOT,2025,4.5,35,0.48,0.48,0.57,0.6,0.64,,,,,,,,
GWETROOT,2025,4.5,35.625,0.34,0.33,0.42,0.51,0.59,,,,,,,,
GWETROOT,2025,4.5,36.25,0.34,0.33,0.41,0.49,0.56,,,,,,,,
GWETROOT,2025,4.5,36.875,0.33,0.33,0.44,0.56,0.61,,,,,,,,
GWETROOT,2025,4.5,37.5,0.51,0.5,0.57,0.68,0.71,,,,,,,,
GWETROOT,2025,4.5,38.125,0.57,0.57,0.62,0.72,0.75,,,,,,,,
GWETROOT,2025,4.5,38.75,0.54,0.54,0.58,0.69,0.72,,,,,,,,
GWETROOT,2025,4.5,39.375,0.46,0.46,0.48,0.55,0.59,,,,,,,,
GWETROOT,2025,4.5,40,0.4,0.4,0.41,0.49,0.54,,,,,,,,
GWETROOT,2025,4.5,40.625,0.37,0.37,0.38,0.42,0.46,,,,,,,,
GWETROOT,2025,4.5,41.25,0.33,0.33,0.34,0.37,0.41,,,,,,,,
